time,hand,pos_x,pos_y,pos_z,vel_x,vel_y,vel_z,acc_x,acc_y,acc_z,state
1765389082.8190935,Left,0.3315579295158386,0.8237799406051636,2.6888855586548743e-07,0.0032290520973648545,-0.5092263044937942,1.991102959137138e-06,-0.23590048412397818,-3.2113467563137306,1.2527903569811958e-05,firing
1765389082.8190935,Right,0.7643742561340332,0.9243148565292358,1.927743653595826e-07,-0.01286099412479476,-0.023163835041309356,-2.947931214204284e-07,-0.27723852488150286,-0.44912171697506936,-4.191136066098678e-06,idle
