time,hand,pos_x,pos_y,pos_z,vel_x,vel_y,vel_z,acc_x,acc_y,acc_z,state
1765389267.724291,Right,0.6654667854309082,0.6057586073875427,-2.0251047772035236e-07,0.11244279751852791,0.11376622013002353,-3.456118378311322e-07,-0.0859922358867521,0.8501477435162713,-2.671504120100564e-06,firing
1765389267.822471,Left,0.3874804675579071,0.5171412825584412,-1.7323577594652306e-07,-0.01926246363184117,-0.001492178019310927,-1.6889783496518698e-08,-0.035044441176246256,0.23194897484325067,3.013670025920496e-06,idle
