time,hand,pos_x,pos_y,pos_z,vel_x,vel_y,vel_z,acc_x,acc_y,acc_z,state
1765389436.406571,Left,0.4368073046207428,0.46666374802589417,9.880128004624567e-08,-0.128570467314874,0.21230762853201704,-6.76896926530647e-07,2.672775745905184,0.8943437104334608,2.7084775445537308e-05,firing
1765389436.406571,Right,0.6373651623725891,0.5792213082313538,-1.6790403378763585e-07,0.009454558999524179,0.022053628503179355,6.026411431688542e-08,0.27339552683043217,0.30163756333423736,2.753559253887712e-07,idle
