time,hand,pos_x,pos_y,pos_z,vel_x,vel_y,vel_z,acc_x,acc_y,acc_z,state
1765389413.298469,Left,0.37008196115493774,0.6185857057571411,2.7909527489100583e-07,-0.043217545528320495,-0.0270175786874231,6.625977468248851e-08,0.425195662998606,1.3648029220674656,-6.606078154785712e-06,firing
1765389413.298469,Right,0.3348127603530884,0.9029936790466309,1.7785991701657622e-07,-0.0008598680118616943,0.04405156529173199,-2.445312066848746e-07,0.024404769768029824,0.7491917939508946,-3.0082491001162177e-06,idle
