time,hand,pos_x,pos_y,pos_z,vel_x,vel_y,vel_z,acc_x,acc_y,acc_z,state
1765389064.0503554,Left,0.41314950585365295,0.5760562419891357,3.2823498941070284e-07,-0.016002411372474712,-0.05162006334082235,1.0000155576550304e-06,0.00322647507330087,0.1552962644277821,-3.753081544147728e-06,firing
1765389064.0503554,Right,0.6390828490257263,0.5719107389450073,1.596118295310589e-07,-0.015541397107255321,-0.032701278546228875,1.1999732513599145e-06,-0.36983984375754975,-1.7751324294404724,3.6685701083435005e-05,firing
1765389064.1359506,Left,0.4136921167373657,0.5841836333274841,1.416254065134126e-07,0.00633927278196829,0.09495156150769334,-2.1801425021571313e-06,0.2610158301553065,1.7123827403781176,-3.7153492559865374e-05,retracting
1765389064.1359506,Right,0.6378344297409058,0.5673501491546631,2.194182826542601e-07,-0.014585167069624413,-0.05328094882622308,6.987132618420981e-07,0.011171547111950205,-0.2404303849845153,-5.856174108593961e-06,firing
1765389064.2538373,Left,0.41689160466194153,0.5825999975204468,1.973872514327013e-07,0.027140344987288983,-0.01343353159956558,4.7301185186934307e-07,0.17644957226483693,-0.9193998814045996,2.2505952880679576e-05,retracting
1765389064.2538373,Right,0.6375372409820557,0.5670597553253174,2.712100979351817e-07,-0.002520967614717678,-0.002463328162636287,4.393352209411825e-07,0.10233716860958096,0.4310714054111609,-2.200230061224978e-06,retracting
1765389064.3418953,Left,0.4146004915237427,0.5748130679130554,2.251697424071608e-07,-0.0260182297166312,-0.08842955851216487,3.1550219856972507e-07,-0.6036768699875759,-0.8516663029485487,-1.7887036104022857e-06,idle
