time,hand,pos_x,pos_y,pos_z,vel_x,vel_y,vel_z,acc_x,acc_y,acc_z,state
1765388802.8046918,Right,0.49696916341781616,0.7608368992805481,1.7604243396363017e-07,-0.14949465364278236,-0.40168985857249984,2.6826619186267746e-06,-0.14521898897326815,-5.2852626367110656,3.851685204839981e-05,retracting
1765388802.891837,Left,0.451590359210968,0.7817383408546448,-1.8322333517062361e-07,0.021487909416753385,-0.039901075823942395,1.9480409140894585e-07,0.3151555826964503,-0.7319751429842778,3.985012775203577e-06,idle
1765388802.891837,Right,0.49696916341781616,0.7608368992805481,1.7604243396363017e-07,-0.14949465364278236,-0.40168985857249984,2.6826619186267746e-06,-0.14521898897326815,-5.2852626367110656,3.851685204839981e-05,retracting
1765388802.9939415,Left,0.4505905508995056,0.7823173999786377,-2.0561365943194687e-07,-0.009791994545344162,0.0056712308935268,-2.192879680252679e-07,-0.3063513730224341,0.4463293350137252,-4.05556459249602e-06,idle
1765388802.9939415,Right,0.49696916341781616,0.7608368992805481,1.7604243396363017e-07,-0.14949465364278236,-0.40168985857249984,2.6826619186267746e-06,-0.14521898897326815,-5.2852626367110656,3.851685204839981e-05,idle
1765388803.0879593,Left,0.44964730739593506,0.78154057264328,-1.9807117723757983e-07,-0.010032611534745486,-0.00826256089303873,8.022402866001702e-08,-0.002559272101197016,-0.14820385157328833,3.185696483850386e-06,idle
1765388803.0879593,Right,0.49696916341781616,0.7608368992805481,1.7604243396363017e-07,-0.14949465364278236,-0.40168985857249984,2.6826619186267746e-06,-0.14521898897326815,-5.2852626367110656,3.851685204839981e-05,firing
1765388803.1813936,Left,0.4492158591747284,0.7806708812713623,-1.9365091930012568e-07,-0.0046427306966052295,-0.009358580312795042,4.756553904831417e-08,0.05799946317611918,-0.011794052574713621,-3.514316777131576e-07,idle
