time,hand,pos_x,pos_y,pos_z,vel_x,vel_y,vel_z,acc_x,acc_y,acc_z,state
1765389442.7032526,Left,0.5402032732963562,0.44051966071128845,-1.2354128386959928e-07,0.03904579499773957,0.05085117236660435,4.141737361583694e-07,-0.4234437568388621,-0.7348811032635505,7.149643433231175e-07,firing
1765389442.7032526,Right,0.6441236734390259,0.5942455530166626,-2.1483945999989373e-07,0.020423758496959626,0.0656643410757996,-2.9541646591517206e-07,-0.16359352746264105,0.3759186716475357,-2.718327503834942e-06,idle
