time,hand,pos_x,pos_y,pos_z,vel_x,vel_y,vel_z,acc_x,acc_y,acc_z,state
1765388832.8656776,Right,0.49961450695991516,0.6632300615310669,-5.7760544791563007e-08,-0.11270307652144226,0.5167807978472383,2.0310618006906455e-06,-2.3786825191300927,10.781346626910926,4.258319529789641e-05,retracting
1765388832.9201531,Left,0.6021102070808411,0.7211918234825134,1.3924710628998582e-07,-0.10404473045679924,0.6812395822344129,-5.489044117014523e-06,-2.0168871420749186,12.179541806500206,-9.735700126097431e-05,firing
1765388832.9201531,Right,0.49961450695991516,0.6632300615310669,-5.7760544791563007e-08,-0.11270307652144226,0.5167807978472383,2.0310618006906455e-06,-2.3786825191300927,10.781346626910926,4.258319529789641e-05,retracting
1765388832.95854,Left,0.5993329882621765,0.729599118232727,1.5295542254989414e-07,-0.07332326188902527,0.2219667642337834,3.6192267473766084e-07,0.8110985962904895,-12.125577173268578,0.00015447539368969475,firing
1765388832.95854,Right,0.49961450695991516,0.6632300615310669,-5.7760544791563007e-08,-0.11270307652144226,0.5167807978472383,2.0310618006906455e-06,-2.3786825191300927,10.781346626910926,4.258319529789641e-05,retracting
1765388832.9928026,Left,0.598131000995636,0.7399713397026062,1.5917689211164543e-07,-0.03456657227680683,0.2982828130463699,1.789161027414085e-07,1.1145591554778316,2.1946856598182145,-5.262875967268676e-06,firing
1765388832.9928026,Right,0.49961450695991516,0.6632300615310669,-5.7760544791563007e-08,-0.11270307652144226,0.5167807978472383,2.0310618006906455e-06,-2.3786825191300927,10.781346626910926,4.258319529789641e-05,retracting
1765388833.0321078,Left,0.5942638516426086,0.7503805160522461,1.4986628116275824e-07,-0.0983877033568283,0.2648294289631076,-2.3687981623798254e-07,-1.6237320929130425,-0.851118311965226,-1.0578646387551322e-05,firing
1765388833.0321078,Right,0.49961450695991516,0.6632300615310669,-5.7760544791563007e-08,-0.11270307652144226,0.5167807978472383,2.0310618006906455e-06,-2.3786825191300927,10.781346626910926,4.258319529789641e-05,idle
