time,hand,pos_x,pos_y,pos_z,vel_x,vel_y,vel_z,acc_x,acc_y,acc_z,state
1765389279.2638438,Left,0.4422941207885742,0.5487571358680725,-8.23547878781028e-08,-0.14277867461453428,0.047302429229970945,5.0110226522458494e-08,0.4713969271946718,-0.8305581630879371,1.3295704748537457e-06,firing
1765389279.264849,Right,0.6434628367424011,0.6345985531806946,-1.2223645740050415e-07,-0.08203391788196537,0.12709915230404564,1.9157325190339952e-07,0.008056645119672027,1.177370009546142,-7.884991618443722e-07,idle
