time,hand,pos_x,pos_y,pos_z,vel_x,vel_y,vel_z,acc_x,acc_y,acc_z,state
1765389069.233094,Right,0.6489987373352051,0.5769058465957642,1.1063306715186627e-07,-0.025066727760751556,0.275680172465597,-1.285127026720087e-07,0.3042149742812019,5.235374766720565,-7.553030752427528e-08,retracting
1765389069.3273742,Left,0.38509559631347656,0.5665640234947205,3.4957210459651833e-07,-0.002486919833334167,0.013475322752487232,-7.536196254193075e-07,0.5955179770770243,-1.1951108350352215,-2.2433603522124956e-05,firing
1765389069.3273742,Right,0.6464760303497314,0.5810049176216125,1.6973642402717815e-07,-0.02646295286638222,0.04299885954952206,6.199885108506563e-07,-0.014646266638940182,-2.440804521508858,7.85170550838323e-06,idle
