time,hand,pos_x,pos_y,pos_z,vel_x,vel_y,vel_z,acc_x,acc_y,acc_z,state
1765389044.4550116,Left,0.5179721713066101,0.5864763855934143,-1.1367836094677841e-07,0.03857408956719936,-0.0034912777956928594,-5.337689815081741e-08,-0.5347184974668554,0.48293190969992317,8.129379358299859e-07,firing
1765389044.4550116,Right,0.42533642053604126,0.5623059272766113,4.0188623984249716e-07,-0.007869189965951023,-0.040946092824240825,1.037697756848041e-07,0.058913048840582696,-0.1604181804692866,2.2759125986387887e-07,idle
