time,hand,pos_x,pos_y,pos_z,vel_x,vel_y,vel_z,acc_x,acc_y,acc_z,state
1765389007.369839,Right,0.6607078313827515,0.600128710269928,-1.9144819418670522e-07,-0.046832961091373186,-0.113190839398434,-8.548016604243618e-07,-1.8634155873596367,1.1685349272246126,-5.666388562558025e-06,firing
1765389007.4853568,Left,0.37963539361953735,0.5592907667160034,-3.227534506322627e-08,0.03954029205528642,-0.03527689221438109,2.0446050085102777e-07,0.4622276178644882,0.14683171266775133,3.920153144623663e-07,idle
