time,hand,pos_x,pos_y,pos_z,vel_x,vel_y,vel_z,acc_x,acc_y,acc_z,state
1765389444.7725215,Left,0.5335301756858826,0.32940438389778137,-1.0601661770692772e-08,-0.011860623375709116,0.011243539502167678,6.192001828573374e-07,-3.597239500207418,5.611296369500966,6.696219494095938e-06,firing
1765389444.7725215,Right,0.6315527558326721,0.5779632329940796,-1.9226318670462206e-07,0.01204835180307288,0.01682442698830804,-1.2165803867732817e-07,0.0032393582958295053,0.02720409122034683,-1.7082615500425368e-06,idle
