time,hand,pos_x,pos_y,pos_z,vel_x,vel_y,vel_z,acc_x,acc_y,acc_z,state
1765389020.6191075,Left,0.4209258556365967,0.5008639097213745,-9.775672538125946e-08,-0.18557782073461465,0.14547445621215638,3.7118679672487804e-07,-0.00710518178292916,1.0446665907616395,3.474112816097597e-05,firing
1765389020.6191075,Right,0.6389920711517334,0.5987980961799622,-1.7964840992590325e-07,-0.02062940147815012,0.009263322919470907,-1.3521644410179637e-07,-0.2619286286567873,-0.04975767066533888,-1.7014221043237994e-06,idle
