time,hand,pos_x,pos_y,pos_z,vel_x,vel_y,vel_z,acc_x,acc_y,acc_z,state
1765389470.274251,Right,0.619918942451477,0.4680572748184204,-8.567154452521208e-08,-0.17234160867762577,-0.1612554067076792,1.838976546269252e-06,-3.924758593935614,-3.7391749511523997,2.3083327222151487e-05,firing
1765389470.3951693,Left,0.42695462703704834,0.6403189301490784,-6.682896724896636e-08,0.024267106757524134,-0.029883095936652154,-4.844134899710802e-08,-0.11606495998252593,-0.2622052690751265,-1.88775980357783e-06,idle
