time,hand,pos_x,pos_y,pos_z,vel_x,vel_y,vel_z,acc_x,acc_y,acc_z,state
1765389006.0946739,Left,0.39272087812423706,0.561589777469635,-1.963867362064775e-07,0.15515644844524068,0.14463030834447782,-2.786484431457635e-07,-0.022865174256461653,0.9859411192381915,-1.3622909366171707e-06,retracting
1765389006.0946739,Right,0.6438508033752441,0.6424142122268677,-8.487651115274275e-08,-0.0037341050221945623,0.07102308980502946,-1.6729722385834466e-07,-0.09098996821494533,1.3206210234117348,-2.7381599985071214e-06,firing
1765389006.1752105,Left,0.38888466358184814,0.5696076154708862,-1.2611239696980192e-07,-0.0476331798872097,0.09955520359981646,8.725763914733651e-07,-2.5179808738237983,-0.5596846967271634,1.429442984278142e-05,retracting
1765389006.1752105,Right,0.6470558643341064,0.6368391513824463,-7.166680404679937e-08,0.03979632617415888,-0.06922393759528708,1.6402115884867077e-07,0.5405049266229223,-1.7414072677607935,4.11388569357618e-06,firing
1765389006.2682111,Left,0.3900325298309326,0.5696315169334412,-8.181619648439664e-08,0.012410776198737398,0.0002584235775103176,4.789323068931101e-07,0.6491976758301449,-1.073600791986881,-4.256095725071603e-06,idle
