time,hand,pos_x,pos_y,pos_z,vel_x,vel_y,vel_z,acc_x,acc_y,acc_z,state
1765389328.378255,Right,0.663875937461853,0.5865461826324463,-2.1095330282605573e-07,-0.04231341942789943,0.2020611246011956,-3.2409607785822634e-07,-0.3185766562133082,2.146419513695465,-3.6512453023618195e-06,retracting
1765389328.4715414,Left,0.3779820203781128,0.6193363070487976,1.8352022834733361e-07,0.08294246872175702,0.05133007393534197,9.608520624969567e-07,0.6268765332399665,0.7099964232551185,-5.482887376596677e-06,idle
1765389328.4715414,Right,0.663875937461853,0.5865461826324463,-2.1095330282605573e-07,-0.04231341942789943,0.2020611246011956,-3.2409607785822634e-07,-0.3185766562133082,2.146419513695465,-3.6512453023618195e-06,retracting
1765389328.5402691,Left,0.32657718658447266,0.8663579225540161,6.657732853909692e-08,-0.12398339738344327,0.5957918128950899,-2.8205475921392105e-07,-0.49908481348709927,1.3131881023585505,-2.99776886752307e-06,firing
1765389328.5402691,Right,0.663875937461853,0.5865461826324463,-2.1095330282605573e-07,-0.04231341942789943,0.2020611246011956,-3.2409607785822634e-07,-0.3185766562133082,2.146419513695465,-3.6512453023618195e-06,idle
