time,hand,pos_x,pos_y,pos_z,vel_x,vel_y,vel_z,acc_x,acc_y,acc_z,state
1765389312.2884977,Left,0.3462143838405609,0.5967828631401062,6.376654368978052e-07,0.11921315114983135,-0.5107962053644015,-2.0598569629447267e-06,0.938344187410716,-1.89694100154029,-3.3396278196649944e-05,retracting
1765389312.2884977,Right,0.713937520980835,0.6867364645004272,6.654523758697906e-07,-0.20409026006083952,-0.371302107506792,-4.245223281569355e-08,-0.5215237388925553,-1.5772415557574853,5.428600479465964e-06,firing
1765389312.3336709,Left,0.3550339341163635,0.5410614013671875,4.085415241661394e-07,0.19578325209190073,-1.2369484447690573,-5.086271222887732e-06,1.6997627891042557,-16.119693464928076,-6.718270291112127e-05,retracting
1765389312.3336709,Right,0.7020875215530396,0.6282424330711365,4.452549831057695e-07,-0.26305552468204696,-1.298496107291617,-4.888113374190653e-06,-1.3089569090243556,-20.582575179146573,-0.00010756776333557504,firing
1765389312.3924417,Left,0.36848488450050354,0.534868597984314,3.6582898133019626e-07,0.2283568028560095,-0.1051352314031523,-7.251308974692897e-07,0.55300121535876,19.214794453421742,7.403908520049492e-05,retracting
1765389312.3924417,Right,0.6932013034820557,0.5647784471511841,7.840819762350293e-07,-0.15086133620445402,-1.0774281747605825,5.752266320418796e-06,1.9047208894604586,3.7530705894431597,0.00018064174046021256,firing
1765389312.4500227,Left,0.3739571273326874,0.5255076885223389,1.428489611043915e-07,0.0941858747348076,-0.16111592139225495,-3.837835581753835e-06,-2.3092919332370485,-0.9635154024730219,-5.357452555947247e-05,idle
