time,hand,pos_x,pos_y,pos_z,vel_x,vel_y,vel_z,acc_x,acc_y,acc_z,state
1765388801.117481,Right,0.49696916341781616,0.7608368992805481,1.7604243396363017e-07,-0.14949465364278236,-0.40168985857249984,2.6826619186267746e-06,-0.14521898897326815,-5.2852626367110656,3.851685204839981e-05,firing
1765388801.1952474,Left,0.4451299011707306,0.7854606509208679,-1.8854245809052372e-07,0.04509964295851447,0.017141726049089468,5.217195741464842e-07,0.9565638876280731,-0.5691576922207574,6.989360970717277e-06,idle
