time,hand,pos_x,pos_y,pos_z,vel_x,vel_y,vel_z,acc_x,acc_y,acc_z,state
1765389059.956816,Left,0.3843986988067627,0.5317422151565552,5.047401145930053e-07,-0.2540407342795769,-0.27404326293124365,4.6742867571273205e-06,-1.6438396503310648,-2.201969907248064,3.267464616218586e-05,firing
1765389059.956816,Right,0.624536395072937,0.5690444707870483,-9.288343250091202e-08,0.013332320132903946,0.018800982105657588,4.449261849814717e-07,0.10477222721803663,0.12186248448709533,2.2949750859987185e-06,idle
