time,hand,pos_x,pos_y,pos_z,vel_x,vel_y,vel_z,acc_x,acc_y,acc_z,state
1765388838.6958854,Right,0.49961450695991516,0.6632300615310669,-5.7760544791563007e-08,-0.11270307652144226,0.5167807978472383,2.0310618006906455e-06,-2.3786825191300927,10.781346626910926,4.258319529789641e-05,retracting
1765388838.8299167,Left,0.5969070792198181,0.8760862350463867,1.8759101294563152e-07,0.016419019447616392,-0.04730859037873346,1.8366594612106623e-08,0.4328293425170974,-0.6779848167275032,8.438633370367371e-07,idle
1765388838.8299167,Right,0.49961450695991516,0.6632300615310669,-5.7760544791563007e-08,-0.11270307652144226,0.5167807978472383,2.0310618006906455e-06,-2.3786825191300927,10.781346626910926,4.258319529789641e-05,retracting
1765388838.8922768,Left,0.5977084636688232,0.8796119689941406,1.836352936379626e-07,0.013444247122161159,0.05914868767349028,-6.636224097463726e-08,-0.04990560314120883,1.7859567350770527,-1.4214343757422473e-06,firing
1765388838.8922768,Right,0.49961450695991516,0.6632300615310669,-5.7760544791563007e-08,-0.11270307652144226,0.5167807978472383,2.0310618006906455e-06,-2.3786825191300927,10.781346626910926,4.258319529789641e-05,idle
