time,hand,pos_x,pos_y,pos_z,vel_x,vel_y,vel_z,acc_x,acc_y,acc_z,state
1765389042.855219,Left,0.46325352787971497,0.602901816368103,-7.266600476896201e-08,0.0022670438422247446,-0.02971410329171396,-3.836779441857852e-07,-0.08101516797461628,-0.830597339366701,-8.27272130377366e-06,firing
1765389042.855219,Right,0.42533642053604126,0.5623059272766113,4.0188623984249716e-07,-0.007869189965951023,-0.040946092824240825,1.037697756848041e-07,0.058913048840582696,-0.1604181804692866,2.2759125986387887e-07,idle
