time,hand,pos_x,pos_y,pos_z,vel_x,vel_y,vel_z,acc_x,acc_y,acc_z,state
1765389026.5784447,Left,0.5153146982192993,0.5381049513816833,2.822836790983274e-07,-0.22263486643971234,0.1259496640610181,-2.1352573909548348e-06,-6.364134304788997,3.157077443540683,-3.717143637131072e-05,firing
1765389026.5784447,Right,0.42533642053604126,0.5623059272766113,4.0188623984249716e-07,-0.007869189965951023,-0.040946092824240825,1.037697756848041e-07,0.058913048840582696,-0.1604181804692866,2.2759125986387887e-07,idle
