time,hand,pos_x,pos_y,pos_z,vel_x,vel_y,vel_z,acc_x,acc_y,acc_z,state
1765388804.2782085,Right,0.49696916341781616,0.7608368992805481,1.7604243396363017e-07,-0.14949465364278236,-0.40168985857249984,2.6826619186267746e-06,-0.14521898897326815,-5.2852626367110656,3.851685204839981e-05,retracting
1765388804.373946,Left,0.429277241230011,0.8106688261032104,-2.2504329422190494e-07,-0.05582378775457954,0.06972457528021289,1.673603236055018e-08,-0.07331289749413276,-0.0478841436220439,2.526563206620669e-06,idle
1765388804.373946,Right,0.49696916341781616,0.7608368992805481,1.7604243396363017e-07,-0.14949465364278236,-0.40168985857249984,2.6826619186267746e-06,-0.14521898897326815,-5.2852626367110656,3.851685204839981e-05,retracting
1765388804.4709396,Left,0.4148842990398407,0.8194679021835327,-2.033146415669762e-07,-0.14839050835625497,0.09071803078012197,2.2402131341592056e-07,-0.9543582226249129,0.21644146781284804,2.1371007973326456e-06,idle
1765388804.4709396,Right,0.49696916341781616,0.7608368992805481,1.7604243396363017e-07,-0.14949465364278236,-0.40168985857249984,2.6826619186267746e-06,-0.14521898897326815,-5.2852626367110656,3.851685204839981e-05,idle
1765388804.6297042,Left,0.4148842990398407,0.8194679021835327,-2.033146415669762e-07,-0.14839050835625497,0.09071803078012197,2.2402131341592056e-07,-0.9543582226249129,0.21644146781284804,2.1371007973326456e-06,idle
1765388804.6297042,Right,0.49696916341781616,0.7608368992805481,1.7604243396363017e-07,-0.14949465364278236,-0.40168985857249984,2.6826619186267746e-06,-0.14521898897326815,-5.2852626367110656,3.851685204839981e-05,firing
1765388804.725177,Left,0.4148842990398407,0.8194679021835327,-2.033146415669762e-07,-0.14839050835625497,0.09071803078012197,2.2402131341592056e-07,-0.9543582226249129,0.21644146781284804,2.1371007973326456e-06,idle
