time,hand,pos_x,pos_y,pos_z,vel_x,vel_y,vel_z,acc_x,acc_y,acc_z,state
1765389059.5638082,Left,0.41832783818244934,0.5673947930335999,-1.4467184428212931e-07,0.005287239761509139,-0.0024411103508943407,-2.910240766601518e-07,0.17874415750176276,0.008219905433192605,1.3940766755313778e-06,retracting
1765389059.5638082,Right,0.6221663951873779,0.5667407512664795,-1.6786012224656588e-07,0.005618341315609422,0.004818077411787704,7.469456469181894e-08,0.008356371252964848,-0.1080005229802221,5.671808165997417e-06,idle
1765389059.658598,Left,0.41956865787506104,0.5651240348815918,-1.165630010291352e-07,0.013090231577782416,-0.02395573687612714,2.96538868423994e-07,0.08231894648574307,-0.22697209369075685,6.198591998073865e-06,retracting
1765389059.658598,Right,0.6228542327880859,0.5665770769119263,-1.6369769184620964e-07,0.007256455982111641,-0.0017267095430570682,4.391224461660456e-08,0.01728156029692091,-0.06904530720804586,-3.247431521963091e-07,idle
1765389059.7724845,Left,0.4081118702888489,0.5573225021362305,6.842361699455068e-08,-0.10059821008007537,-0.06850264301041503,1.6243054627586073e-06,-0.9982600839468666,-0.39115144520158734,1.165867323532537e-05,idle
1765389059.7724845,Right,0.6229686737060547,0.5666138529777527,-1.554057860175817e-07,0.0010048673261108495,0.0003229183021929136,7.280844462163071e-08,-0.05489310369229862,0.01799709482355865,2.5372784270870616e-07,idle
1765389059.8658285,Left,0.3843986988067627,0.5317422151565552,5.047401145930053e-07,-0.2540407342795769,-0.27404326293124365,4.6742867571273205e-06,-1.6438396503310648,-2.201969907248064,3.267464616218586e-05,firing
1765389059.8658285,Right,0.6233233213424683,0.5673338174819946,-1.3336612880721077e-07,0.00379936298411547,0.00771302613195475,2.3611226803730053e-07,0.029937612075081572,0.0791707014346941,1.7494843843439109e-06,idle
