time,hand,pos_x,pos_y,pos_z,vel_x,vel_y,vel_z,acc_x,acc_y,acc_z,state
1765389319.9704418,Left,0.3962866961956024,0.5523615479469299,-1.6993496387840423e-07,-0.22693025822891835,0.09542726963138673,-6.454846288864537e-07,2.0403860821731072,-2.121483706976249,-1.2625344461248237e-05,firing
1765389319.9704418,Right,0.6786512136459351,0.6181281805038452,-1.2621845257854147e-07,0.021024108411522247,0.026519839825263923,3.1420243738743503e-07,0.6376169800142363,-0.2271677351888865,1.928299633875049e-06,idle
