time,hand,pos_x,pos_y,pos_z,vel_x,vel_y,vel_z,acc_x,acc_y,acc_z,state
1765389053.6950135,Left,0.42786267399787903,0.6166849732398987,1.5413645826356515e-07,0.2822412036320487,0.1091955579631636,-2.7994164149655295e-08,2.4146138992769917,0.40054528294702724,-1.398793341270349e-05,firing
1765389053.6950135,Right,0.5680856704711914,0.5959591865539551,2.258520481746018e-07,-0.05411095130008765,-0.165228554734027,4.511218468875063e-07,-0.46118940798222696,-1.080753483821711,4.347700642158888e-06,idle
