time,hand,pos_x,pos_y,pos_z,vel_x,vel_y,vel_z,acc_x,acc_y,acc_z,state
1765389039.924145,Left,0.42697665095329285,0.5964894890785217,-6.141760877653724e-08,-0.16913357503945833,0.09883626506850882,2.3226294100964923e-07,1.4851254159215632,0.16482648194126828,-2.8308512066029283e-06,firing
1765389039.924145,Right,0.42533642053604126,0.5623059272766113,4.0188623984249716e-07,-0.007869189965951023,-0.040946092824240825,1.037697756848041e-07,0.058913048840582696,-0.1604181804692866,2.2759125986387887e-07,idle
