time,hand,pos_x,pos_y,pos_z,vel_x,vel_y,vel_z,acc_x,acc_y,acc_z,state
1765389289.8377843,Left,0.3625037670135498,0.5953817367553711,1.3850079483290756e-07,-0.053695819156546046,0.06489295150812861,-1.3223951716446785e-06,0.6830288063442224,1.0115806107898364,-9.406372814487382e-06,firing
1765389289.8377843,Right,0.6434628367424011,0.6345985531806946,-1.2223645740050415e-07,-0.08203391788196537,0.12709915230404564,1.9157325190339952e-07,0.008056645119672027,1.177370009546142,-7.884991618443722e-07,idle
