time,hand,pos_x,pos_y,pos_z,vel_x,vel_y,vel_z,acc_x,acc_y,acc_z,state
1765389051.2929263,Right,0.6840420365333557,0.6182877421379089,-2.3316184183386213e-07,0.15702244694403572,0.10208582277480965,-5.144777436041254e-07,0.8918478927986365,1.7990911019854867,-9.56653767591998e-07,retracting
1765389051.4199986,Left,0.43074139952659607,0.5287488102912903,-1.4198303688317537e-07,0.08347425980827058,-0.12025915434090172,-1.4386579375282802e-07,0.1744899509191172,-0.06825999336320168,1.8084943412342707e-07,idle
1765389051.4199986,Right,0.6848926544189453,0.6280373930931091,-1.5121248964078404e-07,0.006629546286506405,0.07598683660405196,6.386969198709604e-07,-1.1721322969595933,-0.2034102971277144,8.987613518889782e-06,retracting
1765389051.5020363,Left,0.4248742461204529,0.5454582571983337,-5.39131512766744e-08,-0.0728986767306627,0.20761287188252614,1.0942577560376258e-06,-1.9429149642210548,4.07377056540964,1.5383536471756624e-05,firing
1765389051.5020363,Right,0.6784934997558594,0.6300029754638672,-1.4165684092404263e-07,-0.07950872848243194,0.024422124992223904,1.1872778816796186e-07,-1.0702577232671369,-0.6406853515308892,-6.460554040099219e-06,idle
