time,hand,pos_x,pos_y,pos_z,vel_x,vel_y,vel_z,acc_x,acc_y,acc_z,state
1765389248.9755578,Left,0.40670084953308105,0.6255078911781311,3.306288647308975e-07,-0.013295160014526424,0.022750394253108007,1.528069072195685e-06,0.21634312903689443,-1.4868264616087525,4.417508933611322e-06,firing
1765389248.9755578,Right,0.6276030540466309,0.6456133723258972,3.162986672577972e-07,0.02448846592011462,0.14909110356046623,3.2101013662411673e-06,1.270521629808598,1.561385229571086,4.904441466202346e-06,firing
1765389249.069001,Left,0.40388014912605286,0.6349997520446777,3.384457727406698e-07,-0.030186270982754528,0.10157898496921636,8.365415300480449e-08,-0.18076349108762813,0.8435994104925537,-1.5457685634954256e-05,retracting
1765389249.069001,Right,0.6308704018592834,0.6469735503196716,3.82034073709292e-07,0.034966154584121105,0.014556207884591341,7.034801666146939e-07,0.11212901182152138,-1.4397512076751269,-2.6825091595870975e-05,firing
1765389249.1963007,Left,0.40279442071914673,0.6396726369857788,3.405532993383531e-07,-0.008528909940179873,0.036707720429865864,1.6555617808136456e-08,0.17012881002205338,-0.5095944523901005,-5.270907163985165e-07,retracting
1765389249.1963007,Right,0.6312786340713501,0.6460129618644714,4.0851023186405655e-07,0.0032068570272730337,-0.007545876456640709,2.0798273953927194e-07,-0.24948429727246832,-0.17362232178652595,-3.89236654787324e-06,retracting
1765389249.2824714,Left,0.40107545256614685,0.6405179500579834,3.3834936630228185e-07,-0.019948412676453826,0.009809753587179672,-2.5576370125352855e-08,-0.13252191597938384,-0.31214757632308154,-4.889365057228477e-07,idle
