time,hand,pos_x,pos_y,pos_z,vel_x,vel_y,vel_z,acc_x,acc_y,acc_z,state
1765389086.5378952,Left,0.37111198902130127,0.49608343839645386,-1.9755285052269755e-07,-0.03691347346875934,0.12016401459920122,-1.3688722707881994e-07,0.9386564478801328,-0.19092429865419255,8.33104684536129e-06,idle
1765389086.5378952,Right,0.6686201095581055,0.49732762575149536,-4.298384936873845e-08,-0.001377958104277421,0.02887757319977902,5.3644012955505e-07,-1.4587697906652686,-0.28203142031436834,-1.8637229913198739e-06,firing
1765389086.6194088,Left,0.3658882975578308,0.5023632049560547,-2.810634498473519e-07,-0.06368446906719065,0.076559575160739,-1.018116827279107e-06,-0.3263777451269136,-0.5316021426667553,-1.0743482766450213e-05,idle
