time,hand,pos_x,pos_y,pos_z,vel_x,vel_y,vel_z,acc_x,acc_y,acc_z,state
1765388802.1322188,Right,0.49696916341781616,0.7608368992805481,1.7604243396363017e-07,-0.14949465364278236,-0.40168985857249984,2.6826619186267746e-06,-0.14521898897326815,-5.2852626367110656,3.851685204839981e-05,firing
1765388802.2021258,Left,0.4502524733543396,0.7816331386566162,-1.8163919435210119e-07,0.019313360780789567,-0.056555518401638485,8.895623784165333e-08,0.6105228266970467,-1.4297582578538544,7.815617394206562e-07,firing
1765388802.2021258,Right,0.49696916341781616,0.7608368992805481,1.7604243396363017e-07,-0.14949465364278236,-0.40168985857249984,2.6826619186267746e-06,-0.14521898897326815,-5.2852626367110656,3.851685204839981e-05,firing
1765388802.2927823,Left,0.4511065185070038,0.7844055891036987,-1.8193443906966422e-07,0.009115401743113429,0.029590940899548317,-3.1512083462141757e-09,-0.1088449402215438,0.919459097481532,-9.830819517159042e-07,firing
1765388802.2927823,Right,0.49696916341781616,0.7608368992805481,1.7604243396363017e-07,-0.14949465364278236,-0.40168985857249984,2.6826619186267746e-06,-0.14521898897326815,-5.2852626367110656,3.851685204839981e-05,retracting
1765388802.3948648,Left,0.45108556747436523,0.7822204828262329,-1.9080027868767502e-07,-0.00020523629909030398,-0.021405299358892016,-8.684975785779116e-08,-0.09130496286003593,-0.4995591290762611,-8.199109245515289e-07,retracting
1765388802.3948648,Right,0.49696916341781616,0.7608368992805481,1.7604243396363017e-07,-0.14949465364278236,-0.40168985857249984,2.6826619186267746e-06,-0.14521898897326815,-5.2852626367110656,3.851685204839981e-05,retracting
1765388802.483993,Left,0.45132380723953247,0.7823209166526794,-1.9255561767295148e-07,0.0026729992964735403,0.001126846088205633,-1.9694528616677123e-08,0.032293188824404115,0.2528058608765551,7.534673331717315e-07,retracting
1765388802.483993,Right,0.49696916341781616,0.7608368992805481,1.7604243396363017e-07,-0.14949465364278236,-0.40168985857249984,2.6826619186267746e-06,-0.14521898897326815,-5.2852626367110656,3.851685204839981e-05,idle
