time,hand,pos_x,pos_y,pos_z,vel_x,vel_y,vel_z,acc_x,acc_y,acc_z,state
1765389054.7981665,Left,0.42786267399787903,0.6166849732398987,1.5413645826356515e-07,0.2822412036320487,0.1091955579631636,-2.7994164149655295e-08,2.4146138992769917,0.40054528294702724,-1.398793341270349e-05,retracting
1765389054.7981665,Right,0.5570513010025024,0.5913565158843994,1.582943127687031e-07,-0.037516679662066024,0.014744921746260138,-1.0826606401224985e-07,-0.18620862205101293,0.550528271034182,-1.1456128536374866e-06,idle
1765389054.8797,Left,0.42786267399787903,0.6166849732398987,1.5413645826356515e-07,0.2822412036320487,0.1091955579631636,-2.7994164149655295e-08,2.4146138992769917,0.40054528294702724,-1.398793341270349e-05,retracting
1765389054.8797,Right,0.5586395859718323,0.5910252332687378,1.3602206649920845e-07,0.019606530261469458,-0.00408950708121917,-2.749389932576153e-07,0.7051555392296144,-0.2325009717363755,-2.057488356384732e-06,idle
1765389054.9813423,Left,0.42786267399787903,0.6166849732398987,1.5413645826356515e-07,0.2822412036320487,0.1091955579631636,-2.7994164149655295e-08,2.4146138992769917,0.40054528294702724,-1.398793341270349e-05,idle
1765389054.9813423,Right,0.5614093542098999,0.587867796421051,1.663304232124574e-07,0.027245532855993678,-0.031058934170749383,2.9813589357140956e-07,0.07514300052820842,-0.26529165934394705,5.637197525572834e-06,idle
1765389055.127934,Left,0.42786267399787903,0.6166849732398987,1.5413645826356515e-07,0.2822412036320487,0.1091955579631636,-2.7994164149655295e-08,2.4146138992769917,0.40054528294702724,-1.398793341270349e-05,firing
1765389055.127934,Right,0.5648974180221558,0.5920353531837463,1.683999926171964e-07,0.023712199059291842,0.028331458616296747,1.4069135294991528e-08,-0.024019948842659424,0.4037417007761632,-1.9311136151554072e-06,idle
