time,hand,pos_x,pos_y,pos_z,vel_x,vel_y,vel_z,acc_x,acc_y,acc_z,state
1765389086.8221703,Right,0.6930757761001587,0.5079336166381836,-1.0141266670871119e-07,0.11347025719244727,-0.08640666912112765,-1.7461957055239676e-07,-0.024265248587721954,-1.1438748903849523,7.864259062661493e-06,retracting
1765389086.9383407,Left,0.34993577003479004,0.4616636335849762,-1.1882615780223205e-07,-0.05001861408076717,-0.12761213862332052,5.086895784127603e-07,0.042848829169068896,-0.6401735488764166,4.787250187911778e-06,idle
1765389086.9383407,Right,0.6748865246772766,0.4960154592990875,-1.2041572006182832e-07,-0.1558596040344279,-0.10212400942210927,-1.6283288972167316e-07,-2.307826999007793,-0.13467835365141131,1.0099741679559886e-07,retracting
1765389087.0154176,Left,0.34993577003479004,0.4616636335849762,-1.1882615780223205e-07,-0.05001861408076717,-0.12761213862332052,5.086895784127603e-07,0.042848829169068896,-0.6401735488764166,4.787250187911778e-06,idle
1765389087.0154176,Right,0.6509964466094971,0.49502602219581604,-8.128565553988665e-08,-0.3099511574961953,-0.012837010182996994,5.076755612546184e-07,-1.999192100601653,1.1584143293717153,8.699212698319941e-06,idle
1765389087.1346498,Left,0.34993577003479004,0.4616636335849762,-1.1882615780223205e-07,-0.05001861408076717,-0.12761213862332052,5.086895784127603e-07,0.042848829169068896,-0.6401735488764166,4.787250187911778e-06,idle
1765389087.1346498,Right,0.6540921330451965,0.488247275352478,-7.9544122399966e-08,0.025963515005119016,-0.05685333415984131,1.460623443279237e-08,2.817315584469687,-0.3691648077996505,-4.135371308241003e-06,firing
1765389087.195239,Left,0.34993577003479004,0.4616636335849762,-1.1882615780223205e-07,-0.05001861408076717,-0.12761213862332052,5.086895784127603e-07,0.042848829169068896,-0.6401735488764166,4.787250187911778e-06,idle
