time,hand,pos_x,pos_y,pos_z,vel_x,vel_y,vel_z,acc_x,acc_y,acc_z,state
1765389047.9265187,Left,0.37519553303718567,0.5731697082519531,-2.933127696280735e-08,-0.04118641637040224,0.11423729837035695,7.61302493931435e-07,2.955696145675529,-1.0476404119482265,1.5537953861431973e-05,firing
1765389047.9265187,Right,0.42533642053604126,0.5623059272766113,4.0188623984249716e-07,-0.007869189965951023,-0.040946092824240825,1.037697756848041e-07,0.058913048840582696,-0.1604181804692866,2.2759125986387887e-07,idle
