time,hand,pos_x,pos_y,pos_z,vel_x,vel_y,vel_z,acc_x,acc_y,acc_z,state
1765388991.6289687,Left,0.34187230467796326,0.9030370116233826,-1.0564291841319573e-07,0.0074823722067797775,0.044387459027470474,4.965455111440847e-07,-0.5206420552503956,1.6862893406927717,1.873174573934064e-05,firing
1765388991.6289687,Right,0.6827389597892761,0.9341399669647217,-1.338130743988586e-07,0.010354092748292866,0.00016495003802462723,-2.28722935283753e-08,0.27294684445417366,-0.5175733731755913,2.2733667419014744e-06,idle
