time,hand,pos_x,pos_y,pos_z,vel_x,vel_y,vel_z,acc_x,acc_y,acc_z,state
1765389313.3404088,Right,0.6288394927978516,0.5344695448875427,1.3376208585214044e-07,0.0050398963377207935,0.019720839300734275,3.6660372735305575e-07,0.5131121320856806,1.1906038027472763,2.195418556984123e-05,firing
1765389313.4052734,Left,0.3877076208591461,0.5092772841453552,3.417784455450601e-07,-0.008624412817666561,-0.029421602428858128,8.77644885299762e-08,-0.5417456276973621,-0.5290052785384939,3.5311636871854132e-06,idle
