time,hand,pos_x,pos_y,pos_z,vel_x,vel_y,vel_z,acc_x,acc_y,acc_z,state
1765389039.4184868,Left,0.5551288723945618,0.5264345407485962,-1.273990477557163e-07,-0.19360582670220525,0.12394292561025332,1.0209435656457506e-06,-0.13859384843712488,0.17725634576229046,1.1857327138594226e-05,firing
1765389039.4184868,Right,0.42533642053604126,0.5623059272766113,4.0188623984249716e-07,-0.007869189965951023,-0.040946092824240825,1.037697756848041e-07,0.058913048840582696,-0.1604181804692866,2.2759125986387887e-07,idle
