time,hand,pos_x,pos_y,pos_z,vel_x,vel_y,vel_z,acc_x,acc_y,acc_z,state
1765389438.4983063,Left,0.5633103251457214,0.3797755241394043,-1.6013810011372698e-07,0.3986424948120821,-0.4276761379424511,-9.483959771771204e-07,0.7247690068751149,-0.9971831221532501,-1.1239430479575435e-05,firing
1765389438.4983063,Right,0.6384610533714294,0.5639508962631226,-1.525360318055391e-07,0.03287182850821248,-0.08557964925431782,2.779878780837345e-07,0.3014555351387654,-1.1438747189711431,6.505920553719538e-06,idle
