time,hand,pos_x,pos_y,pos_z,vel_x,vel_y,vel_z,acc_x,acc_y,acc_z,state
1765389275.1064913,Right,0.6611577272415161,0.6190528869628906,-2.4750076477175753e-07,0.08454239661606647,0.0862026029147448,-5.113055789887234e-07,-0.9325145981091941,0.4866019692529682,-3.935563611951952e-06,retracting
1765389275.1859648,Left,0.37763768434524536,0.5526732206344604,-7.981890348673915e-08,-0.0014127894746469598,-0.07349477756640083,-3.489574783132011e-07,0.04612083561450902,-0.8047193391105905,-3.140048112152273e-06,idle
1765389275.1859648,Right,0.6575804352760315,0.6230526566505432,-2.2279314748629986e-07,-0.04441952721405628,0.049665467679145016,3.067965066858039e-07,-1.6013307665182859,-0.45368459957433604,1.0158440577151185e-05,retracting
1765389275.300328,Left,0.42933374643325806,0.5011129975318909,-1.5520849672157055e-07,0.07175144757715723,-0.07156291012480037,-1.0463683747599272e-07,0.10154815874384603,0.0026813316114101815,3.39104352343181e-07,idle
1765389275.300328,Right,0.6592357158660889,0.6198481917381287,-1.8789252465012396e-07,0.014473892685448868,-0.028020071965543264,3.051735594680219e-07,0.5149683048449031,-0.6792879532221354,-1.4191167349766519e-08,idle
1765389275.3752122,Left,0.42311546206474304,0.523430585861206,-1.1004898681221675e-07,-0.08416822107192647,0.3020819886921051,6.112611434748615e-07,-2.1104665471340627,5.057508563817776,9.69010999733468e-06,firing
1765389275.3752122,Right,0.6598412990570068,0.6174107193946838,-1.7796125462155032e-07,0.00819693292714411,-0.032992655031755046,1.3442571644397207e-07,-0.08496242778339663,-0.06730690428610633,-2.3111748108481704e-06,idle
