time,hand,pos_x,pos_y,pos_z,vel_x,vel_y,vel_z,acc_x,acc_y,acc_z,state
1765389315.5533662,Right,0.5522562861442566,0.5780418515205383,1.258219270994232e-07,0.061673141205167585,0.1319080314391544,5.310905777737101e-07,0.2933050052322,1.774758682149952,2.410447687740583e-05,firing
1765389315.6226397,Left,0.4619446396827698,0.5919052362442017,-2.7311891415138234e-08,0.03568222044992466,-0.051454977847171963,-4.510146496476209e-07,0.8211740081295905,-0.6907011716548374,-1.2809056189426901e-05,idle
