time,hand,pos_x,pos_y,pos_z,vel_x,vel_y,vel_z,acc_x,acc_y,acc_z,state
1765389270.7990725,Right,0.6461799144744873,0.5772284269332886,-2.2257272291881236e-07,0.04569376136480005,0.07045553301431169,1.6252181442454204e-07,-1.4307847285384336,-0.547019248413174,1.4386417859232055e-05,firing
1765389270.89508,Left,0.35188156366348267,0.5860083699226379,-3.5888998439759234e-08,0.022777203014761715,-0.05283451002749852,-8.822076909723962e-08,-0.24394619867527179,-0.43436709740601526,-1.5716022930025837e-06,idle
