time,hand,pos_x,pos_y,pos_z,vel_x,vel_y,vel_z,acc_x,acc_y,acc_z,state
1765389001.2964814,Right,0.6453660130500793,0.6431130766868591,-8.350706082183024e-08,0.008796404562034475,0.030511226335722945,-2.465562656604188e-09,0.19098618329875794,0.6566790027100843,-4.510229998084221e-06,idle
1765389001.3857162,Left,0.47941717505455017,0.4646765887737274,-8.285007169206438e-08,0.013641800411738757,-0.0069543279835304495,-8.247672047777426e-08,0.02061579044418632,-0.36341504237424693,-1.7478968993168144e-06,idle
1765389001.3857162,Right,0.6447749137878418,0.6406309008598328,-9.027373693015761e-08,-0.006510225195891015,-0.02733808793563431,-7.45265441985325e-08,-0.16858354100630715,-0.6371384425498677,-7.936623299089239e-07,idle
1765389001.5162318,Left,0.4795804023742676,0.4630568325519562,-1.0790616045142087e-07,0.0012506347936327002,-0.012410443862321938,-1.919777672576623e-07,-0.09494012940050767,-0.041804327657417234,-8.389883463088284e-07,idle
1765389001.5162318,Right,0.6454647183418274,0.6495141386985779,-1.0893359103647526e-07,0.005285227849812393,0.06806266463532704,-1.4297032402341257e-07,0.09037582686009328,0.7309530090339691,-5.244108192484296e-07,idle
1765389001.5941782,Left,0.47939446568489075,0.4658464789390564,-6.559661613891876e-08,-0.002401677132061062,0.03603285589783229,5.464971189054754e-07,-0.047175595416326786,0.6257246250079728,9.538613668144631e-06,idle
1765389001.5941782,Right,0.6449568867683411,0.6456915140151978,-1.2248216307853e-07,-0.006559477212745711,-0.04937546385974421,-1.750020168399282e-07,-0.1529937818087149,-1.5169059349391978,-4.1374181930667477e-07,firing
1765389001.6919045,Left,0.4786231517791748,0.4669059216976166,-6.157036125387094e-08,-0.007850263525711956,0.010782775707103062,4.097833791803916e-08,-0.05545451562041505,-0.2569897704081891,-5.145059123839438e-06,idle
