time,hand,pos_x,pos_y,pos_z,vel_x,vel_y,vel_z,acc_x,acc_y,acc_z,state
1765388989.1821294,Left,0.5,0.5,0.0,0.0,0.0,0.0,0.0,0.0,0.0,idle
1765388989.1821294,Right,0.5,0.5,0.0,0.0,0.0,0.0,0.0,0.0,0.0,idle
1765388989.238385,Left,0.5,0.5,0.0,0.0,0.0,0.0,0.0,0.0,0.0,idle
1765388989.238385,Right,0.6882802248001099,0.8724291920661926,3.509811108415306e-07,0.0,0.0,0.0,0.0,0.0,0.0,idle
1765388989.2651763,Left,0.5,0.5,0.0,0.0,0.0,0.0,0.0,0.0,0.0,idle
1765388989.2651763,Right,0.6812343597412109,0.8739199042320251,3.728692092863639e-07,-0.26834683277640564,0.05677484381810257,8.336239544853089e-07,0.0,0.0,0.0,idle
1765388989.2906606,Left,0.3485748767852783,0.897128701210022,1.6100213429126597e-07,0.0,0.0,0.0,0.0,0.0,0.0,idle
1765388989.2906606,Right,0.6830275654792786,0.8766244649887085,3.5948372101302084e-07,0.06891883223985631,0.10394522229960049,-5.144486219150748e-07,12.96223589634908,1.8129137846503376,-5.1810891392867675e-05,firing
1765388989.3379598,Left,0.3485748767852783,0.897128701210022,1.6100213429126597e-07,0.0,0.0,0.0,0.0,0.0,0.0,idle
