time,hand,pos_x,pos_y,pos_z,vel_x,vel_y,vel_z,acc_x,acc_y,acc_z,state
1765389474.4046707,Left,0.33550864458084106,0.889211893081665,3.273911275414321e-08,0.0065496819659385105,0.02342078925383998,-6.402724493176909e-07,0.22141082810337734,-0.16857969664679384,-4.621939252722149e-06,retracting
1765389474.4046707,Right,0.773040235042572,0.916464626789093,2.3685824146468804e-07,0.17531493418552668,0.44526432115068587,5.691799290144936e-07,0.14119326779602578,0.1287837500318958,-3.212675549185239e-07,idle
1765389474.4657607,Left,0.331480473279953,0.8868192434310913,1.2773243440733495e-07,-0.06649052349056678,-0.03949398273134411,1.567995800833007e-06,-1.2056293374591383,-1.0384950917212203,3.6450513394936174e-05,retracting
1765389474.4657607,Right,0.7707547545433044,0.9168998599052429,2.3031120122141147e-07,-0.03772500806762639,0.007184122911271852,-1.0806792973111541e-07,-3.516518098842862,-7.2311179282192475,-1.1178910055521574e-05,firing
1765389474.5742748,Left,0.3261561095714569,0.8839437365531921,1.3149912270193909e-08,-0.04883777382678467,-0.026375612604396973,-1.051009211054979e-06,0.16192000447395286,0.12032836754062678,-2.4022846939945257e-05,idle
