time,hand,pos_x,pos_y,pos_z,vel_x,vel_y,vel_z,acc_x,acc_y,acc_z,state
1765388804.182567,Right,0.49696916341781616,0.7608368992805481,1.7604243396363017e-07,-0.14949465364278236,-0.40168985857249984,2.6826619186267746e-06,-0.14521898897326815,-5.2852626367110656,3.851685204839981e-05,firing
1765388804.2776551,Left,0.4346836507320404,0.8039161562919617,-2.2666414167815674e-07,-0.04872359692954774,0.07436204793278334,-2.2795598652939563e-07,0.3125381828377469,-0.45063028159044793,-1.5310821429485815e-06,idle
