time,hand,pos_x,pos_y,pos_z,vel_x,vel_y,vel_z,acc_x,acc_y,acc_z,state
1765389036.0403948,Left,0.5473764538764954,0.5614103078842163,-6.376263428364837e-08,0.10423273983445498,0.040031521310219774,1.2014329146628226e-08,0.01607391350226931,0.25419378692615097,-8.870045661428025e-08,firing
1765389036.0403948,Right,0.42533642053604126,0.5623059272766113,4.0188623984249716e-07,-0.007869189965951023,-0.040946092824240825,1.037697756848041e-07,0.058913048840582696,-0.1604181804692866,2.2759125986387887e-07,idle
