time,hand,pos_x,pos_y,pos_z,vel_x,vel_y,vel_z,acc_x,acc_y,acc_z,state
1765389446.9826198,Left,0.5060329437255859,0.43140727281570435,-7.96757930743297e-08,-0.049769928515648466,0.0864113654111852,5.470660883306046e-07,-3.376322009704903,5.1416204631434,5.565023545930141e-06,firing
1765389446.9826198,Right,0.6487007141113281,0.6212064027786255,-1.698750082823608e-07,-0.002906229350633748,0.018768546885324682,6.305095117829859e-08,-0.14172437451420125,0.3573545407119812,2.506253586297004e-06,idle
