time,hand,pos_x,pos_y,pos_z,vel_x,vel_y,vel_z,acc_x,acc_y,acc_z,state
1765389070.528721,Right,0.6775503158569336,0.5797243118286133,1.986910262985475e-07,-0.007177051768480558,0.04091887143184538,2.656747915932318e-06,-0.807055966929967,-0.753035589229344,2.470181863479992e-05,firing
1765389070.622161,Left,0.3632684350013733,0.5555816888809204,2.2569969360120012e-07,0.008818967147991677,0.029008134182483134,4.722924872615522e-08,-0.336257585580375,-0.4968782500418542,2.070581590305007e-06,idle
