time,hand,pos_x,pos_y,pos_z,vel_x,vel_y,vel_z,acc_x,acc_y,acc_z,state
1765389474.5742748,Right,0.7731363773345947,0.9200860857963562,2.5367523903696565e-07,0.021845456394376177,0.029225685537397024,2.1430684622384236e-07,0.5464106190772504,0.20217643069835767,2.9569855211855236e-06,firing
1765389474.6625075,Left,0.32611164450645447,0.8825902938842773,7.23704047800311e-08,-0.0005071145589462893,-0.015435724249320902,6.753970547003405e-07,0.5512008350116557,0.12476708755067471,1.968929432516403e-05,idle
