time,hand,pos_x,pos_y,pos_z,vel_x,vel_y,vel_z,acc_x,acc_y,acc_z,state
1765389089.2519584,Right,0.7728805541992188,0.9237936735153198,9.999975247865223e-08,0.019158508388514496,0.036005541673222625,1.295539524963423e-07,0.0014663206456743821,0.464875608668154,1.1297359473362639e-05,retracting
1765389089.354698,Left,0.32700419425964355,0.8718112707138062,1.563012261840413e-07,-0.0018615251644590173,-0.018731293286962408,6.175882804980979e-07,0.14194940627992775,-0.4871735621228355,1.0378751956320213e-05,idle
1765389089.354698,Right,0.7724420428276062,0.9228693246841431,2.0096703678973427e-07,-0.00420550917700752,-0.008864895516791168,9.683188811873259e-07,-0.22407079187534557,-0.43032643528723136,8.044109761602008e-06,retracting
1765389089.4518313,Left,0.3246402144432068,0.8655547499656677,4.984746126979189e-08,-0.024337456155637975,-0.06441163259345077,-1.0959542963054045e-06,-0.2313924092124727,-0.47028457997668516,-1.7641126647448956e-05,idle
1765389089.4518313,Right,0.7732979655265808,0.9218923449516296,2.0931373967414402e-07,0.008811826993645175,-0.010058123694487331,8.593030874504208e-08,0.1340150394320993,-0.012284427411958376,-9.084296339898334e-06,idle
1765389089.5372505,Left,0.3189992606639862,0.8818908929824829,-1.9484173208184075e-07,-0.06603849288533357,0.19124678318828606,-2.8645697494976644e-06,-0.4881929058751379,2.9929861389523156,-2.0705133137727293e-05,firing
1765389089.5372505,Right,0.7720801830291748,0.9223775863647461,1.5650421403279324e-07,-0.01425654666540134,0.005680708061427846,-6.182396842517741e-07,-0.2700608247085567,0.18425407645869377,-8.243699007760871e-06,idle
