time,hand,pos_x,pos_y,pos_z,vel_x,vel_y,vel_z,acc_x,acc_y,acc_z,state
1765389324.1421294,Left,0.536735475063324,0.4291021227836609,-1.739540067546841e-07,0.07198153594620593,0.2166287889264849,3.826943558283369e-07,-3.871300394975512,7.737743909373016,7.955017861226732e-06,firing
1765389324.1421294,Right,0.6825349926948547,0.5872140526771545,-1.7488642356511264e-07,0.04787500499402254,0.08993235788548476,-4.762269867721706e-07,-0.039095025728057196,1.2143687509197838,-2.38911869516829e-06,idle
