time,hand,pos_x,pos_y,pos_z,vel_x,vel_y,vel_z,acc_x,acc_y,acc_z,state
1765389076.5529532,Right,0.5160304307937622,0.5182799696922302,2.812866171097994e-07,-0.10181305583570184,-0.10107728981388099,2.267990342263746e-06,4.968103516530826,-6.600071622967901,-2.256981214747474e-06,retracting
1765389076.5987215,Left,0.4272363781929016,0.5748643279075623,9.075211693243546e-08,-0.3469591352866216,-0.3369739601049922,-1.068882314291206e-06,-5.112161926916259,-5.316130560564417,-2.2221543705960096e-05,firing
1765389076.5987215,Right,0.5160304307937622,0.5182799696922302,2.812866171097994e-07,-0.10181305583570184,-0.10107728981388099,2.267990342263746e-06,4.968103516530826,-6.600071622967901,-2.256981214747474e-06,retracting
1765389076.6647835,Left,0.42068421840667725,0.562999427318573,-9.36889588132317e-09,-0.09918201700567338,-0.17960257539229982,-1.5155619398045325e-06,3.7506769005581493,2.3821780701375195,-6.761524086591242e-06,firing
1765389076.6647835,Right,0.5160304307937622,0.5182799696922302,2.812866171097994e-07,-0.10181305583570184,-0.10107728981388099,2.267990342263746e-06,4.968103516530826,-6.600071622967901,-2.256981214747474e-06,idle
