time,hand,pos_x,pos_y,pos_z,vel_x,vel_y,vel_z,acc_x,acc_y,acc_z,state
1765389008.0563347,Right,0.6415762305259705,0.5701134204864502,-1.7399460716660542e-07,0.0076843867768677165,0.06502010995262547,2.539001473296911e-07,-0.14729631188025763,-0.48598948044094814,5.363841961183303e-06,retracting
1765389008.1685069,Left,0.3822309374809265,0.551002025604248,-3.603740594826377e-08,0.004231068806820799,-0.045731451974254496,-8.259457140286486e-08,-0.09211802574489039,-0.7514228440530692,-1.7298741305010438e-06,idle
1765389008.1685069,Right,0.6416996717453003,0.5689806342124939,-1.4951069715607446e-07,0.0010840707038136676,-0.009948220051172744,2.1501966443077663e-07,-0.05796450593694884,-0.6583778960721168,-3.4145152396963233e-07,retracting
1765389008.271641,Left,0.3840929865837097,0.5457397699356079,-4.853606228039098e-08,0.01805463086255363,-0.05102340397987868,-1.211883327980898e-07,0.13403476296560243,-0.05131134289696501,-3.74209313034097e-07,idle
1765389008.271641,Right,0.6406541466712952,0.5651110410690308,-1.6396012370023527e-07,-0.010137524966711052,-0.03751999648616659,-1.4010321319694085e-07,-0.1088058135616967,-0.26733894665538643,-3.443310091464727e-06,idle
1765389008.368746,Left,0.3852633237838745,0.5409970283508301,-1.347896994019493e-08,0.012052282414409459,-0.04884136041327022,3.610224279400661e-07,-0.06181295325530066,0.0224709641816114,4.965868188129998e-06,idle
1765389008.368746,Right,0.6403881311416626,0.5667101144790649,-1.4432743000725168e-07,-0.0027394620023177703,0.016467462827286835,2.0217999471444252e-07,0.07618620014291262,0.5559697721225644,3.5248763235733605e-06,idle
1765389008.4579067,Left,0.38069242238998413,0.5449356436729431,-3.457017072605595e-08,-0.05159965872511762,0.04446195377178722,-2.3809281121400202e-07,-0.7185493969265963,1.0532756572492468,-6.763248474072972e-06,firing
1765389008.4579067,Right,0.6436156034469604,0.5694984793663025,-1.546937511420765e-07,0.036434054281008106,0.03147709044322672,-1.1702257097624081e-07,0.44221913734219764,0.1694395909762591,-3.603390673847513e-06,idle
