time,hand,pos_x,pos_y,pos_z,vel_x,vel_y,vel_z,acc_x,acc_y,acc_z,state
1765389315.8602824,Left,0.43715324997901917,0.5604190826416016,1.800718365529974e-07,-0.11073723943278811,-0.016565783656952427,7.597499448780332e-08,-0.2460914778168167,1.9695901083174494,-4.06685591364671e-05,firing
1765389315.8602824,Right,0.567631185054779,0.5548560619354248,2.5813656634454674e-07,0.0807188764579862,-0.043876457986193766,-1.1318591052317492e-06,0.6580046756135027,0.3659687494206766,-1.784157943604643e-05,idle
