time,hand,pos_x,pos_y,pos_z,vel_x,vel_y,vel_z,acc_x,acc_y,acc_z,state
1765389458.0202713,Left,0.5594456791877747,0.4654790759086609,-1.1375427533266702e-07,-0.025206432867085612,0.10813940131089939,4.1128614559569255e-08,0.8825319746897354,-0.6410488348718083,-4.5919558306638065e-06,firing
1765389458.0202713,Right,0.6344574689865112,0.6288673281669617,-1.5037997513900336e-07,0.02176903844854382,-0.031554159064801676,-1.2474757963374254e-07,0.5923883102875537,-0.7458629228397097,-3.0228713094119366e-06,idle
