time,hand,pos_x,pos_y,pos_z,vel_x,vel_y,vel_z,acc_x,acc_y,acc_z,state
1765389315.6242225,Right,0.5424002408981323,0.5698389410972595,1.7674371122211596e-07,-0.1412481933638796,-0.11755691544430436,7.297663343240252e-07,-2.908090536022677,-3.575112753136042,2.8472466366739886e-06,retracting
1765389315.7021356,Left,0.5534281134605408,0.558670163154602,2.65786667341672e-07,0.10179204747100644,-0.03698007954810437,3.261255959642652e-07,0.07355923832513156,0.016105963994938483,8.647102422577263e-07,idle
1765389315.7021356,Right,0.5424002408981323,0.5698389410972595,1.7674371122211596e-07,-0.1412481933638796,-0.11755691544430436,7.297663343240252e-07,-2.908090536022677,-3.575112753136042,2.8472466366739886e-06,retracting
1765389315.731078,Left,0.4504414200782776,0.5707196593284607,1.7617426406602021e-09,-3.5583394429662336,0.41632754771691943,-9.12244361514381e-06,-126.46284506410483,15.662435183809597,-0.00032646175344894224,firing
1765389315.7318938,Right,0.5599281191825867,0.5620413422584534,3.304584765828622e-07,0.1616392530720742,-0.07190819285744125,1.4175326560258373e-06,2.7931789468344976,0.42096512212656406,6.342469563278896e-06,retracting
1765389315.7901707,Left,0.444917231798172,0.5615805387496948,1.7474509661496995e-07,-0.093483334879949,-0.1546571959992415,2.9273189088204025e-06,58.63418975590667,-9.66251606600553,0.00020391267062861131,firing
1765389315.7901707,Right,0.5619718432426453,0.5579323172569275,3.3749319072740036e-07,0.03458501611842504,-0.06953516802298136,1.1904527956205076e-07,-2.1500812750769143,0.04015762389510904,-2.1973713439222306e-05,idle
