time,hand,pos_x,pos_y,pos_z,vel_x,vel_y,vel_z,acc_x,acc_y,acc_z,state
1765388798.6043682,Right,0.5809621214866638,0.7630820274353027,1.8842874283109268e-07,-0.005853165229338353,-0.06431075914940128,-8.77419070130449e-07,-0.042475587478463694,-1.032543316883337,-4.353084892534014e-05,idle
1765388798.6984224,Left,0.5494848489761353,0.7926153540611267,1.7321876555342897e-07,-0.1797555287015073,0.15015267023726048,-7.421692261627118e-07,-1.059358891710821,1.145465771346386,3.4654565553361803e-06,firing
1765388798.6984224,Right,0.5391888618469238,0.7735666632652283,1.572681753714278e-07,-0.10172354333547567,0.02553150786891166,-7.588020091507909e-08,-0.23345735156828668,0.218778084861266,1.951855675158544e-06,idle
