time,hand,pos_x,pos_y,pos_z,vel_x,vel_y,vel_z,acc_x,acc_y,acc_z,state
1765389292.238232,Left,0.5007097721099854,0.43714797496795654,-2.1252847659525287e-07,-0.10261540023323933,-0.006217858407386407,-1.172517284871549e-06,-3.5540086569840676,2.154853785375242,-1.3004689181216381e-05,retracting
1765389292.238232,Right,0.6691373586654663,0.5622336268424988,2.740330273809377e-08,0.039692548067867046,-0.12934553940900861,1.2971801793967255e-06,0.47533048774990555,-0.3771804221885178,7.2342440404813025e-06,idle
1765389292.411346,Left,0.5007097721099854,0.43714797496795654,-2.1252847659525287e-07,-0.10261540023323933,-0.006217858407386407,-1.172517284871549e-06,-3.5540086569840676,2.154853785375242,-1.3004689181216381e-05,idle
1765389292.411346,Right,0.6691373586654663,0.5622336268424988,2.740330273809377e-08,0.039692548067867046,-0.12934553940900861,1.2971801793967255e-06,0.47533048774990555,-0.3771804221885178,7.2342440404813025e-06,idle
1765389292.443498,Left,0.4872981905937195,0.7079705595970154,-1.9786281768574554e-07,-0.03232287914369919,0.652701969691833,3.5345296147199243e-08,0.16941004766123446,1.5880443289411612,2.911035971493372e-06,firing
1765389292.443498,Right,0.6691373586654663,0.5622336268424988,2.740330273809377e-08,0.039692548067867046,-0.12934553940900861,1.2971801793967255e-06,0.47533048774990555,-0.3771804221885178,7.2342440404813025e-06,idle
