time,hand,pos_x,pos_y,pos_z,vel_x,vel_y,vel_z,acc_x,acc_y,acc_z,state
1765389065.433399,Right,0.6478235721588135,0.5660290718078613,1.847455592951519e-07,0.024899483389684656,-0.035595090312321026,2.1366130219799854e-07,-0.11101198261619233,-0.9370921303954628,3.0219870019601985e-06,firing
1765389065.5530345,Left,0.390550434589386,0.56173175573349,2.1863112920073036e-07,-0.005293620683842384,-0.01819325756238609,-4.2628800699786354e-08,0.3692471708121383,0.20695914670525808,1.8206433718756687e-06,idle
