time,hand,pos_x,pos_y,pos_z,vel_x,vel_y,vel_z,acc_x,acc_y,acc_z,state
1765389470.1901715,Right,0.6345863938331604,0.4817812144756317,-2.421810449959594e-07,0.16168223096910292,0.15697399375141136,-1.2557271351928122e-07,-1.2662387450340278,-0.20449174012873586,2.157375040081756e-05,firing
1765389470.274251,Left,0.42402029037475586,0.6439323425292969,-6.097152294159969e-08,0.03830148138187604,0.00182231261415717,1.7982330803799503e-07,0.7169030184123182,-0.1622651789732009,3.0185722324672783e-06,idle
