time,hand,pos_x,pos_y,pos_z,vel_x,vel_y,vel_z,acc_x,acc_y,acc_z,state
1765388802.694438,Right,0.49696916341781616,0.7608368992805481,1.7604243396363017e-07,-0.14949465364278236,-0.40168985857249984,2.6826619186267746e-06,-0.14521898897326815,-5.2852626367110656,3.851685204839981e-05,firing
1765388802.8031688,Left,0.44968506693840027,0.7852762937545776,-2.0049624538387434e-07,-0.006456339822308101,0.02500177519758487,-1.585394516701885e-07,-0.18249546725945454,0.4568208746549998,-3.2366087253250517e-06,idle
