time,hand,pos_x,pos_y,pos_z,vel_x,vel_y,vel_z,acc_x,acc_y,acc_z,state
1765388999.4089446,Left,0.3840201795101166,0.6127889156341553,-5.346889864199511e-08,0.029108251261213174,-0.11067468448148211,3.845666775938815e-07,0.2304032837251986,-1.972243816124077,5.667998605452432e-06,firing
1765388999.4089446,Right,0.6467577815055847,0.6616529822349548,-9.800010758453936e-08,-0.03079157268548012,0.07407098520980045,-1.1895150374679843e-07,0.09005093671787096,0.5811234934135919,1.6432411633995737e-06,idle
