time,hand,pos_x,pos_y,pos_z,vel_x,vel_y,vel_z,acc_x,acc_y,acc_z,state
1765388998.3030243,Left,0.3759898841381073,0.6329464316368103,-7.678850266756854e-08,0.024241269812302103,-0.11216078418848263,-2.3131921073341394e-07,0.1173533434546399,0.9698457228045902,3.358543287465908e-06,retracting
1765388998.3030243,Right,0.6567248106002808,0.6888121366500854,-1.0538666828097121e-07,-0.00401835004699291,0.029644884160195638,1.4086458959328065e-07,-0.13171130279391782,1.8396421496076198,-8.10823596947147e-06,firing
1765388998.3948555,Left,0.3789542615413666,0.6206213235855103,-5.483801146510814e-08,0.032280719062850495,-0.134214810160761,2.390308464162248e-07,0.08754593878352335,-0.2401582928790322,5.121897785130017e-06,retracting
1765388998.3948555,Right,0.6521908044815063,0.6861073970794678,-1.200682362423322e-07,-0.049373260499314585,-0.029453381381630873,-1.5987558474901413e-07,-0.49389430671762613,-0.6435531808331562,-3.274923452115919e-06,firing
1765388998.5232103,Left,0.37923839688301086,0.6198667287826538,-7.52385673763456e-08,0.002213671546310176,-0.005878976667985489,-1.5893879968706186e-07,-0.2342495206113674,0.9998523285801526,-3.100543835116715e-06,idle
