time,hand,pos_x,pos_y,pos_z,vel_x,vel_y,vel_z,acc_x,acc_y,acc_z,state
1765388277.9863706,Left,0.38918337225914,0.7165366411209106,4.086815152959389e-08,-2.509523867530738,0.16675135678205405,-1.6524034263358103e-07,-47.783557235167684,1.812665090057379,-2.5649699528810387e-05,firing
1765388277.9863706,Right,0.6845473647117615,0.694434642791748,2.1976219954922271e-07,0.08408616846078584,-0.03573815897892393,5.664007680923646e-07,1.0117803273435944,-0.24449437596681267,-3.1457531445975147e-06,idle
