time,hand,pos_x,pos_y,pos_z,vel_x,vel_y,vel_z,acc_x,acc_y,acc_z,state
1765389046.583507,Left,0.4073195159435272,0.6009380221366882,-6.02521126324973e-08,0.012248182857986201,0.005033575618935173,2.383027917515487e-07,0.22902462160706744,0.9920319969372816,7.386367143868074e-06,firing
1765389046.583507,Right,0.42533642053604126,0.5623059272766113,4.0188623984249716e-07,-0.007869189965951023,-0.040946092824240825,1.037697756848041e-07,0.058913048840582696,-0.1604181804692866,2.2759125986387887e-07,idle
