time,hand,pos_x,pos_y,pos_z,vel_x,vel_y,vel_z,acc_x,acc_y,acc_z,state
1765389006.2682111,Right,0.6448686122894287,0.6407893300056458,-8.083281954895938e-08,-0.02364865735740303,0.042709490654217655,-9.910332943598373e-08,-0.6859697217953911,1.210228742477646,-2.8449125837724933e-06,firing
1765389006.368248,Left,0.3897833228111267,0.5711681842803955,-8.18920184997296e-08,-0.0024784873698512552,0.015282918651551115,-7.540875353582436e-10,-0.14808110834869231,0.14942605271875922,-4.770719023109396e-06,idle
