time,hand,pos_x,pos_y,pos_z,vel_x,vel_y,vel_z,acc_x,acc_y,acc_z,state
1765389311.9727545,Right,0.25379595160484314,0.7131348252296448,-2.9513412869164313e-07,0.4543271314093418,0.6785943785287447,-3.939588209732729e-06,42.306699836045304,1.9846334601254128,-3.4407858271374575e-05,retracting
1765389312.0765247,Left,0.3188372552394867,0.6735405325889587,7.970699584802787e-07,0.14901697944593387,-0.2526620123090071,1.5426970474990975e-06,1.5402668931696184,3.0261960573593583,-4.097137918127141e-06,firing
1765389312.0765247,Right,0.7590389847755432,0.7537616491317749,6.325474828372535e-07,1.059044562829992,0.08515825876626379,1.9445219473122607e-06,1.2675537627417155,-1.2439069017485065,1.2333737349735721e-05,retracting
1765389312.1111798,Left,0.3297138214111328,0.6677642464637756,7.729582875981578e-07,0.3049949857930804,-0.1619755975263246,-6.761268770019286e-07,4.373853758541615,2.542981061465247,-6.221910119893265e-05,firing
1765389312.1111798,Right,0.7455596923828125,0.7386886477470398,6.621631882808288e-07,-0.37797927461139896,-0.4226692294835367,8.304681384242659e-07,-40.2962716327981,-14.240233095611508,-3.1239714837600886e-05,retracting
1765389312.145072,Left,0.33388978242874146,0.6602519154548645,7.64354012972035e-07,0.12321320539696386,-0.22165398089396007,-2.538721631571768e-07,-5.363535663031312,-1.7608317885701912,1.245877453534827e-05,firing
1765389312.145072,Right,0.7404836416244507,0.7318769097328186,6.987727374507813e-07,-0.14977067124386229,-0.20098273703166988,1.0801776842138e-06,6.733375479683108,6.540938292533694,7.367768383184619e-06,idle
