time,hand,pos_x,pos_y,pos_z,vel_x,vel_y,vel_z,acc_x,acc_y,acc_z,state
1765389063.6438377,Right,0.6403943300247192,0.5754302144050598,7.905258314622188e-08,-0.04236928120306543,-0.04961104478761505,3.517577783660288e-07,-0.6741551555366455,0.011364949735514055,1.5213844021322847e-05,firing
1765389063.754,Left,0.4151797890663147,0.5747722387313843,3.352002693191025e-07,-0.0076559244952960365,-0.015973764657473452,1.2412318037789075e-06,-0.15263784255605997,0.45893856103968217,1.93790303675784e-06,idle
