time,hand,pos_x,pos_y,pos_z,vel_x,vel_y,vel_z,acc_x,acc_y,acc_z,state
1765389027.9951322,Left,0.4965158700942993,0.5707252025604248,3.6942842029930034e-07,-0.0538668715460672,-0.11778464494763309,2.2486392733915143e-07,-0.34474511587095535,-1.1791412042830562,5.148832829910826e-06,firing
1765389027.9951322,Right,0.42533642053604126,0.5623059272766113,4.0188623984249716e-07,-0.007869189965951023,-0.040946092824240825,1.037697756848041e-07,0.058913048840582696,-0.1604181804692866,2.2759125986387887e-07,idle
