time,hand,pos_x,pos_y,pos_z,vel_x,vel_y,vel_z,acc_x,acc_y,acc_z,state
1765389294.706216,Left,0.3509906828403473,0.47260919213294983,1.7265809049149539e-07,-0.31318325235805217,-0.24601783567389623,4.022765793935398e-09,-0.530845925034405,-0.4053274254547364,7.642771485138206e-07,firing
1765389294.706216,Right,0.6932976841926575,0.5037356019020081,-2.5163632244584733e-07,0.5145920183559872,-0.2728092497556784,1.1805372863418266e-06,6.379806879115648,0.40465868127753984,5.639314435119939e-05,firing
1765389294.8339636,Left,0.30563586950302124,0.4341828525066376,1.8779968513626955e-07,-0.2537050805865447,-0.21494868734287792,8.469882702393902e-08,0.33270811303310943,0.17379414004972352,4.512845519511468e-07,retracting
1765389294.8339636,Right,0.6933944821357727,0.48766738176345825,-3.126920944396261e-07,0.0007546412294332384,-0.1252685853636776,-4.759936147251586e-07,-4.005899893367733,1.1502338250682642,-1.291439131394722e-05,firing
1765389294.918172,Left,0.3251703381538391,0.40850186347961426,6.455849188569118e-08,0.23197808575999093,-0.3049699882501168,-1.4635287300660367e-06,5.767643503843315,-1.069031844959401,-1.838569921888111e-05,retracting
1765389294.918172,Right,0.6932244300842285,0.47833579778671265,-3.2283332984661683e-07,-0.002019422698509322,-0.11081555514659042,-1.204304257774966e-07,-0.03294289961416552,0.17163437322626215,4.222427003938149e-06,retracting
1765389295.0225396,Left,0.33201104402542114,0.41639065742492676,-6.065240398811511e-08,0.06554426042261564,0.07558652198743575,-1.1997088781429793e-06,-1.5946866004519804,3.6463042675394806,2.527791342547772e-06,idle
