time,hand,pos_x,pos_y,pos_z,vel_x,vel_y,vel_z,acc_x,acc_y,acc_z,state
1765389422.2630575,Right,0.6922671794891357,0.6440566778182983,-2.9130328371707037e-08,-0.12459965055456064,0.2454036476434239,3.909168443193519e-07,-2.956767809643232,0.5657474794986906,-2.267081306580779e-05,firing
1765389422.3601427,Left,0.3622940480709076,0.6351004838943481,-2.290816922823069e-07,-0.00788750107887501,-0.0075459600754596,-3.395560560803445e-08,-0.40926059796571435,1.4023898691062155,8.187317119337366e-06,idle
