time,hand,pos_x,pos_y,pos_z,vel_x,vel_y,vel_z,acc_x,acc_y,acc_z,state
1765389056.8778872,Left,0.42786267399787903,0.6166849732398987,1.5413645826356515e-07,0.2822412036320487,0.1091955579631636,-2.7994164149655295e-08,2.4146138992769917,0.40054528294702724,-1.398793341270349e-05,retracting
1765389056.8778872,Right,0.5752218961715698,0.5909075736999512,1.402134017780554e-07,-0.022111704092620393,0.004315053957824081,3.261847620549294e-07,-0.5524573007993034,-0.34475298811842986,4.419536157324944e-06,idle
1765389056.9784093,Left,0.42786267399787903,0.6166849732398987,1.5413645826356515e-07,0.2822412036320487,0.1091955579631636,-2.7994164149655295e-08,2.4146138992769917,0.40054528294702724,-1.398793341270349e-05,retracting
1765389056.9784093,Right,0.5745216012001038,0.5884286761283875,1.236561928408264e-07,-0.006966581281722878,-0.024660239077842608,-1.6471222350518328e-07,0.15066469613926925,-0.28824815587654506,-4.883476092506813e-06,idle
1765389057.0638347,Left,0.42786267399787903,0.6166849732398987,1.5413645826356515e-07,0.2822412036320487,0.1091955579631636,-2.7994164149655295e-08,2.4146138992769917,0.40054528294702724,-1.398793341270349e-05,idle
1765389057.0638347,Right,0.5763235688209534,0.5872105360031128,1.1886188389098606e-07,0.02109405526095451,-0.014259698576611779,-5.612277199428174e-08,0.32848127293747675,0.12175001012133539,1.2711615150152956e-06,idle
1765389057.170467,Left,0.42786267399787903,0.6166849732398987,1.5413645826356515e-07,0.2822412036320487,0.1091955579631636,-2.7994164149655295e-08,2.4146138992769917,0.40054528294702724,-1.398793341270349e-05,firing
1765389057.170467,Right,0.5774484872817993,0.5899490118026733,1.3815649424486764e-07,0.010601570153600028,0.02580822016303713,1.818382152776011e-07,-0.09888433768574757,0.37761212586705456,2.24261596568133e-06,idle
