time,hand,pos_x,pos_y,pos_z,vel_x,vel_y,vel_z,acc_x,acc_y,acc_z,state
1765389049.5956562,Left,0.38689953088760376,0.570438027381897,-4.22800852106775e-08,0.03646840289624322,0.04540306683346602,-6.025024030969513e-08,-0.6433411521319821,-1.1846290564076958,-2.3351149961072186e-05,firing
1765389049.5956562,Right,0.6789851188659668,0.6462879776954651,-9.700602987550155e-08,-0.0009134293926209482,0.014851743992597498,3.01079017524297e-07,-0.0004780161922845746,-0.7034148368117245,3.5496897366794146e-06,idle
