time,hand,pos_x,pos_y,pos_z,vel_x,vel_y,vel_z,acc_x,acc_y,acc_z,state
1765389063.7545118,Right,0.6390052437782288,0.573511004447937,1.2535819848835672e-07,-0.012551622959048478,-0.01734175960774091,4.1841219444050633e-07,0.2694289175680998,0.2915815355303551,6.022816086734014e-07,retracting
1765389063.870433,Left,0.41605401039123535,0.5865622162818909,1.1886517370385263e-07,0.007508354561016963,0.10125963436509432,-1.8580198807415595e-06,0.13024022701269122,1.0068730894141815,-2.661829431273688e-05,idle
1765389063.870433,Right,0.6389775276184082,0.5638676881790161,2.3152625772127067e-07,-0.00023804355838773355,-0.08282277682674115,9.118370932533806e-07,0.10575665157079868,-0.5623915595297725,4.237838844593767e-06,retracting
1765389063.9446607,Left,0.4148408770561218,0.5815122127532959,2.2253857423493173e-07,-0.016343432915881067,-0.06803406641763,1.3966966513061807e-06,-0.3213332593123868,-2.2807387792742295,4.3847811087273004e-05,firing
1765389063.9446607,Right,0.6407254934310913,0.5753670930862427,3.278093174685637e-08,0.023548740416210297,0.15492093674618496,-2.677513516767544e-06,0.32045752673758454,3.202903029276621,-4.8356029142471906e-05,idle
