time,hand,pos_x,pos_y,pos_z,vel_x,vel_y,vel_z,acc_x,acc_y,acc_z,state
1765389305.8802204,Right,0.6823245286941528,0.5999656915664673,3.3941225296985067e-07,0.007978483094290069,0.04420041483694659,1.112784238897951e-06,-0.19559139177485999,-0.7684616751618168,-7.580497070572092e-06,firing
1765389305.9772701,Left,0.3662834167480469,0.6004087328910828,5.054179155195015e-07,-0.025733738778724143,-0.0362834498560889,-2.0398214727866294e-07,-0.1443577637892813,0.05927377620878158,-1.875459841049485e-06,idle
