time,hand,pos_x,pos_y,pos_z,vel_x,vel_y,vel_z,acc_x,acc_y,acc_z,state
1765389072.419206,Right,0.6957024931907654,0.43600746989250183,-3.5266265463462787e-09,0.01741990982274062,-0.1622012564586604,-1.119259090221974e-06,-0.2620497162147776,1.4934934759761924,-1.7454197030822257e-05,retracting
1765389072.5225387,Left,0.376156747341156,0.38461944460868835,1.2015743777737953e-07,0.13091813110936612,0.15404289982219094,-1.3315894879972269e-06,0.3682214971959158,3.807055738579215,-1.3245122659207797e-05,firing
1765389072.5225387,Right,0.6792385578155518,0.4313699007034302,-1.0302893826974469e-07,-0.1558192981506052,-0.04389125441137978,-9.417177621119945e-07,-1.6395844118298002,1.119719013897352,1.6803008824045728e-06,idle
