time,hand,pos_x,pos_y,pos_z,vel_x,vel_y,vel_z,acc_x,acc_y,acc_z,state
1765389087.3286307,Right,0.6601060032844543,0.5513212084770203,2.8273157681724115e-07,0.06642724474871914,0.38940501933619864,2.5434305881182984e-06,0.8492529565577408,1.522438986213438,1.6117646423505647e-05,retracting
1765389087.4220748,Left,0.3858298063278198,0.5028546452522278,-1.0571704933681758e-07,0.05676719586166788,-0.15474107366047515,-4.869604242563718e-07,-0.23229550603726526,-3.183207565204484,-6.819035909135285e-06,firing
1765389087.4220748,Right,0.6543503403663635,0.5384411811828613,-1.231236410603742e-07,-0.06157758607496135,-0.13779837364364023,-4.342086214652904e-06,-1.3694736123759352,-5.640342871398754,-7.366545081376604e-05,retracting
1765389087.5136662,Left,0.39460766315460205,0.4885371923446655,-1.1948748124268604e-07,0.09530848345685787,-0.1554564799258594,-1.4951701849247003e-07,0.41847477620784157,-0.0077677601212711505,3.6639033753372604e-06,firing
1765389087.5136662,Right,0.645358145236969,0.5237230658531189,-2.4624571892672975e-07,-0.09763573246214662,-0.1598068046793496,-1.3368386786277941e-06,-0.3915132493323894,-0.23896381846629366,3.263046899980135e-05,idle
