time,hand,pos_x,pos_y,pos_z,vel_x,vel_y,vel_z,acc_x,acc_y,acc_z,state
1765388234.736092,Left,0.36264359951019287,0.550305962562561,-1.4943823600788164e-07,-0.12537104261368198,0.06671458631157942,3.3037614674565646e-07,0.5106654596894339,-5.17519791397989,5.627865002308303e-06,firing
1765388234.736092,Right,0.6628536581993103,0.5805994272232056,-1.736521824113879e-07,-0.13960920057182324,-0.04357742904412355,2.0901577834621007e-07,-0.9642687827882876,-1.7850215113379186,5.956309992351924e-06,idle
