time,hand,pos_x,pos_y,pos_z,vel_x,vel_y,vel_z,acc_x,acc_y,acc_z,state
1765389081.0395415,Right,0.7668134570121765,0.933168888092041,1.945457341889778e-07,0.0033481290254600057,0.05216732742383731,5.899984483015578e-07,-0.12932890053226945,-0.1521748830241955,1.3247651859441529e-05,retracting
1765389081.1294491,Left,0.3290729224681854,0.9036087393760681,1.0576447095900221e-07,0.034232380174650634,0.06449758307759178,-1.0048148394111443e-06,0.7165836154371006,0.332126454961316,-1.7574783534509282e-05,idle
1765389081.1294491,Right,0.3374283015727997,0.9061933159828186,1.5022608579329244e-07,-4.748709641270385,-0.29833159747399507,-4.901453600997131e-07,-52.55454750545925,-3.8762812426854705,-1.1945660561238968e-05,idle
1765389081.240735,Left,0.3290729224681854,0.9036087393760681,1.0576447095900221e-07,0.034232380174650634,0.06449758307759178,-1.0048148394111443e-06,0.7165836154371006,0.332126454961316,-1.7574783534509282e-05,idle
1765389081.240735,Right,0.7647727131843567,0.9290319681167603,1.6866358976130869e-07,3.8576285239572057,0.20616400618972497,1.6643493932534238e-07,77.689223705542,4.5540706231889905,5.926935798174737e-06,firing
1765389081.3483627,Left,0.3286290168762207,0.8968576788902283,1.1537116506588063e-07,-0.001435031928135682,-0.021824431864163798,3.1055956529376265e-08,-0.11530351517973021,-0.27905674040769757,3.3487022747758163e-06,idle
