time,hand,pos_x,pos_y,pos_z,vel_x,vel_y,vel_z,acc_x,acc_y,acc_z,state
1765389054.6795266,Left,0.42786267399787903,0.6166849732398987,1.5413645826356515e-07,0.2822412036320487,0.1091955579631636,-2.7994164149655295e-08,2.4146138992769917,0.40054528294702724,-1.398793341270349e-05,firing
1765389054.6795266,Right,0.5615022778511047,0.5896071791648865,1.7113899275500444e-07,-0.015424898800199873,-0.050569722591837764,2.7649383061747876e-08,-0.23298263343666506,-0.9780637907909399,-1.8061587400961732e-06,idle
