time,hand,pos_x,pos_y,pos_z,vel_x,vel_y,vel_z,acc_x,acc_y,acc_z,state
1765389251.1636038,Left,0.352836549282074,0.6349394917488098,4.1614043766458053e-07,0.04892727626282268,0.013376374445044926,4.5265619725252205e-08,-0.25776109101635053,-0.3360841204023534,1.2089902766741434e-05,firing
1765389251.1636038,Right,0.6477830410003662,0.6478615999221802,4.323724169807974e-07,-0.004405547782957639,-0.011672365636474754,-1.1331412287994752e-07,0.20655697712715607,-0.3776570174710569,-1.1815302258979814e-06,idle
