time,hand,pos_x,pos_y,pos_z,vel_x,vel_y,vel_z,acc_x,acc_y,acc_z,state
1765389036.1289234,Left,0.5341966152191162,0.5679957866668701,-8.743175783365587e-08,-0.14887656335843324,0.0743881222462808,-2.673612221996646e-07,-2.8590671094677953,0.38808461992622056,-3.1557648808937976e-06,firing
1765389036.1289234,Right,0.42533642053604126,0.5623059272766113,4.0188623984249716e-07,-0.007869189965951023,-0.040946092824240825,1.037697756848041e-07,0.058913048840582696,-0.1604181804692866,2.2759125986387887e-07,idle
