time,hand,pos_x,pos_y,pos_z,vel_x,vel_y,vel_z,acc_x,acc_y,acc_z,state
1765389302.480375,Left,0.375397652387619,0.6249988079071045,5.216236331762047e-07,-0.01729130345795245,0.24801000668262935,5.174415538353975e-07,-0.07273109983190817,0.5396956399150669,2.1968724549901484e-06,firing
1765389302.480375,Right,0.7089782357215881,0.5836495161056519,-6.071178404454258e-08,-0.004780792495727802,0.03530635293653475,1.9987954616439628e-08,-0.0807108265879142,0.36867044749631234,-1.1639877860824783e-06,idle
