time,hand,pos_x,pos_y,pos_z,vel_x,vel_y,vel_z,acc_x,acc_y,acc_z,state
1765389313.4057853,Right,0.6279585361480713,0.5340420603752136,1.362664647786005e-07,-0.013581463048863861,-0.006590409539002139,3.8609311659721274e-08,-0.28708030581481264,-0.4056331874848446,-5.056598458146362e-06,retracting
1765389313.4534698,Left,0.38899150490760803,0.5216472148895264,3.3694848866616667e-07,0.026638634677219886,0.2566571852584714,-1.0021423426648635e-07,0.7316544207766124,5.935698261252124,-3.900271624734573e-06,firing
1765389313.4534698,Right,0.6268793940544128,0.5341205596923828,1.375394020897147e-07,-0.02239055157061588,0.0016287410338857284,2.641150658301071e-08,-0.18277514332494968,0.1705348311870684,-2.530858403386962e-07,retracting
1765389313.5212307,Left,0.3900933265686035,0.5179831981658936,3.7998572111064277e-07,0.01626042363041413,-0.05407269272720876,6.351333035107698e-07,-0.15315918548418975,-4.5856780906894565,1.0852085145101499e-05,firing
1765389313.5212307,Right,0.6274591684341431,0.5388707518577576,1.7958400633233396e-07,0.00855617325217269,0.07010221315224657,6.20484331139773e-07,0.45670444991774173,1.0105153161392257,8.767186321134817e-06,retracting
1765389313.5871165,Left,0.3932977616786957,0.5207182765007019,2.75367085578182e-07,0.04863621560006513,0.041512421067868066,-1.587878780105818e-06,0.49139269305207284,1.45076996193579,-3.374039144678351e-05,firing
1765389313.5871165,Right,0.6256685853004456,0.539690375328064,1.5946208975492482e-07,-0.027177079375418408,0.012440065859704355,-3.054060510893754e-07,-0.5423514969654448,-0.8751834664556948,-1.405296181854293e-05,idle
