time,hand,pos_x,pos_y,pos_z,vel_x,vel_y,vel_z,acc_x,acc_y,acc_z,state
1765389041.8274775,Left,0.46961966156959534,0.5840179324150085,-1.0087440927009084e-07,-0.060446838997557366,0.05303478352855192,-1.697738736072878e-07,-0.35468028557449016,-0.5609862177932131,-4.438158624203289e-06,firing
1765389041.8274775,Right,0.42533642053604126,0.5623059272766113,4.0188623984249716e-07,-0.007869189965951023,-0.040946092824240825,1.037697756848041e-07,0.058913048840582696,-0.1604181804692866,2.2759125986387887e-07,idle
