time,hand,pos_x,pos_y,pos_z,vel_x,vel_y,vel_z,acc_x,acc_y,acc_z,state
1765389050.2063565,Left,0.38051560521125793,0.6123902797698975,-1.0335879707668028e-08,0.05279901870943951,-0.028270066884093333,5.759412993436046e-07,0.33188896295927145,-1.2411973445173898,2.614727898802207e-06,retracting
1765389050.2063565,Right,0.6686797738075256,0.6245368719100952,-1.5943518860694894e-07,0.024888876130835798,0.039063931830778165,3.134044817932361e-07,-1.2241945083774328,-1.94089839270285,1.6154020950934276e-06,firing
1765389050.2973583,Left,0.3820664584636688,0.6101438403129578,-1.9796772221525316e-08,0.01704201588204009,-0.02468567341474342,-1.039638535940037e-07,-0.3929265448754685,0.03938818217467159,-7.471341596396077e-06,retracting
1765389050.2973583,Right,0.6674399375915527,0.6254585385322571,-1.4163687467316777e-07,-0.013624311939825355,0.010128009976708787,1.955821082758846e-07,-0.4232137126758339,-0.3179710517625884,-1.2947264724247264e-06,firing
1765389050.398584,Left,0.38283029198646545,0.6104491353034973,-1.6300393923529555e-08,0.0075458521660688085,0.003015985547764685,3.4540450197485965e-08,-0.09381186529120739,0.2736625417022915,1.3682732815238448e-06,idle
