time,hand,pos_x,pos_y,pos_z,vel_x,vel_y,vel_z,acc_x,acc_y,acc_z,state
1765389059.467242,Left,0.41781195998191833,0.5676329731941223,-1.1627650309264936e-07,-0.012152902635422841,-0.003243129970712013,-4.270447224441629e-07,-0.036365769807138675,-0.6153690915189123,1.0697030470167989e-05,firing
1765389059.467242,Right,0.6216182112693787,0.566270649433136,-1.7514810224383837e-07,0.004803006668534881,0.015355733724831799,-4.787061363190718e-07,0.005146296100410827,0.10737823499866499,5.904960236843487e-06,idle
