time,hand,pos_x,pos_y,pos_z,vel_x,vel_y,vel_z,acc_x,acc_y,acc_z,state
1765389044.8907056,Left,0.45945483446121216,0.5780347585678101,-1.9329691625102896e-08,0.2460427944126888,-0.2245438543362229,3.2089896285480205e-07,-192.6956445442412,63.64759949205338,6.790619474402869e-06,firing
1765389044.8907056,Right,0.42533642053604126,0.5623059272766113,4.0188623984249716e-07,-0.007869189965951023,-0.040946092824240825,1.037697756848041e-07,0.058913048840582696,-0.1604181804692866,2.2759125986387887e-07,idle
