time,hand,pos_x,pos_y,pos_z,vel_x,vel_y,vel_z,acc_x,acc_y,acc_z,state
1765389015.9661582,Left,0.44242918491363525,0.4649018943309784,-1.267407441218893e-07,0.045526822455061504,-0.11240200583418405,-7.318020001069239e-07,0.5620094417691829,-1.13049622462701,-7.813393503052103e-06,retracting
1765389015.9661582,Right,0.6389920711517334,0.5987980961799622,-1.7964840992590325e-07,-0.02062940147815012,0.009263322919470907,-1.3521644410179637e-07,-0.2619286286567873,-0.04975767066533888,-1.7014221043237994e-06,idle
1765389016.077141,Left,0.44242918491363525,0.4649018943309784,-1.267407441218893e-07,0.045526822455061504,-0.11240200583418405,-7.318020001069239e-07,0.5620094417691829,-1.13049622462701,-7.813393503052103e-06,retracting
1765389016.077141,Right,0.6389920711517334,0.5987980961799622,-1.7964840992590325e-07,-0.02062940147815012,0.009263322919470907,-1.3521644410179637e-07,-0.2619286286567873,-0.04975767066533888,-1.7014221043237994e-06,idle
1765389016.1887991,Left,0.44242918491363525,0.4649018943309784,-1.267407441218893e-07,0.045526822455061504,-0.11240200583418405,-7.318020001069239e-07,0.5620094417691829,-1.13049622462701,-7.813393503052103e-06,idle
1765389016.1887991,Right,0.6389920711517334,0.5987980961799622,-1.7964840992590325e-07,-0.02062940147815012,0.009263322919470907,-1.3521644410179637e-07,-0.2619286286567873,-0.04975767066533888,-1.7014221043237994e-06,idle
1765389016.265797,Left,0.44242918491363525,0.4649018943309784,-1.267407441218893e-07,0.045526822455061504,-0.11240200583418405,-7.318020001069239e-07,0.5620094417691829,-1.13049622462701,-7.813393503052103e-06,firing
1765389016.265797,Right,0.6389920711517334,0.5987980961799622,-1.7964840992590325e-07,-0.02062940147815012,0.009263322919470907,-1.3521644410179637e-07,-0.2619286286567873,-0.04975767066533888,-1.7014221043237994e-06,idle
