time,hand,pos_x,pos_y,pos_z,vel_x,vel_y,vel_z,acc_x,acc_y,acc_z,state
1765389244.6894183,Right,0.6360674500465393,0.632697343826294,-1.4553984328813385e-07,-0.025656116543400914,-0.014766439816959263,-1.2910982131890048e-07,-0.9004274641243527,-0.9892712152975586,-2.7990407053349604e-06,firing
1765389244.803234,Left,0.3882305920124054,0.6198408603668213,-1.300897736200568e-07,0.012979011957726213,0.006556695830507914,-2.394190465587913e-07,0.337391625937905,-0.2533552340005483,-2.547299963408251e-06,idle
