time,hand,pos_x,pos_y,pos_z,vel_x,vel_y,vel_z,acc_x,acc_y,acc_z,state
1765389311.7879515,Left,0.2450466901063919,0.7506030797958374,6.364796263369499e-07,0.282037485895775,-0.018741048328578105,5.308804479361489e-06,10.319816833485094,-8.113348106430749,8.021203297253988e-05,retracting
1765389311.7879515,Right,0.25379595160484314,0.7131348252296448,-2.9513412869164313e-07,0.4543271314093418,0.6785943785287447,-3.939588209732729e-06,42.306699836045304,1.9846334601254128,-3.4407858271374575e-05,firing
1765389311.8432379,Left,0.3213306963443756,0.8205457925796509,7.476660925931355e-07,1.379796766111226,1.2650978058373008,2.0110994970165966e-06,19.85586205428822,23.22160026126131,-5.9647662657270365e-05,retracting
1765389311.8432379,Right,0.25379595160484314,0.7131348252296448,-2.9513412869164313e-07,0.4543271314093418,0.6785943785287447,-3.939588209732729e-06,42.306699836045304,1.9846334601254128,-3.4407858271374575e-05,firing
1765389311.906208,Left,0.3040820062160492,0.7368990182876587,5.080120786260522e-07,-0.27391846764300537,-1.3283557224855744,-3.805834517402177e-06,-26.261886518788366,-41.18543559518829,-9.237603781827955e-05,retracting
1765389311.906208,Right,0.25379595160484314,0.7131348252296448,-2.9513412869164313e-07,0.4543271314093418,0.6785943785287447,-3.939588209732729e-06,42.306699836045304,1.9846334601254128,-3.4407858271374575e-05,firing
1765389311.9722445,Left,0.3033720552921295,0.6997621655464172,6.369666039063304e-07,-0.010834170159506345,-0.5667250625800443,1.967904009493145e-06,4.014784612848666,11.62282615614596,8.810984470802464e-05,idle
