time,hand,pos_x,pos_y,pos_z,vel_x,vel_y,vel_z,acc_x,acc_y,acc_z,state
1765389024.4102159,Left,0.5377587080001831,0.5362807512283325,2.2402625177164737e-07,0.279651887548133,0.07669751604269869,-5.692540105854098e-08,-0.12376745861938852,2.017591986586466,4.1062879828546365e-06,firing
1765389024.4102159,Right,0.4433954954147339,0.6562734842300415,1.6374404765429063e-07,-0.1430692759910163,0.3271990333619917,-4.185314549884422e-07,-0.9314372407095849,0.964462446773481,-2.464729777524598e-06,firing
1765389024.4605167,Left,0.5250835418701172,0.5334672331809998,2.710696946905955e-07,-0.24937847117982587,-0.05535476395977184,9.25559614270845e-07,-10.408445989071003,-2.5980721171545804,1.9329972370047024e-05,retracting
1765389024.4605167,Right,0.4433954954147339,0.6562734842300415,1.6374404765429063e-07,-0.1430692759910163,0.3271990333619917,-4.185314549884422e-07,-0.9314372407095849,0.964462446773481,-2.464729777524598e-06,firing
1765389024.5216787,Left,0.5158832669258118,0.5238161683082581,2.3312439978440125e-08,-0.1517384226399959,-0.15917321704527135,-4.086214298509353e-06,1.61035915139653,-1.7122584278710826,-8.265825453664857e-05,retracting
1765389024.5216787,Right,0.4433954954147339,0.6562734842300415,1.6374404765429063e-07,-0.1430692759910163,0.3271990333619917,-4.185314549884422e-07,-0.9314372407095849,0.964462446773481,-2.464729777524598e-06,firing
1765389024.58231,Left,0.48899999260902405,0.5206806063652039,-5.689836868327802e-08,-0.4395507100617089,-0.05126750790365147,-1.311474096734765e-06,-4.7058291266885774,1.7642951715629653,4.536794928901816e-05,retracting
1765389024.58231,Right,0.4433954954147339,0.6562734842300415,1.6374404765429063e-07,-0.1430692759910163,0.3271990333619917,-4.185314549884422e-07,-0.9314372407095849,0.964462446773481,-2.464729777524598e-06,firing
1765389024.6653416,Left,0.48899999260902405,0.5206806063652039,-5.689836868327802e-08,-0.4395507100617089,-0.05126750790365147,-1.311474096734765e-06,-4.7058291266885774,1.7642951715629653,4.536794928901816e-05,idle
