time,hand,pos_x,pos_y,pos_z,vel_x,vel_y,vel_z,acc_x,acc_y,acc_z,state
1765388834.422701,Right,0.49961450695991516,0.6632300615310669,-5.7760544791563007e-08,-0.11270307652144226,0.5167807978472383,2.0310618006906455e-06,-2.3786825191300927,10.781346626910926,4.258319529789641e-05,idle
1765388834.5180202,Left,0.5981613397598267,0.8788920044898987,1.9010666107988072e-07,-0.02069489933352882,0.041064266508953375,1.8294445216794665e-07,-0.20881379800238717,-0.11382981613808046,2.723831068518617e-06,idle
1765388834.5180202,Right,0.49961450695991516,0.6632300615310669,-5.7760544791563007e-08,-0.11270307652144226,0.5167807978472383,2.0310618006906455e-06,-2.3786825191300927,10.781346626910926,4.258319529789641e-05,firing
1765388834.6136746,Left,0.5975121855735779,0.875454306602478,1.8558938563728589e-07,-0.006786447792145642,-0.03593869951446147,-4.7224919138336844e-08,0.14540302173913924,-0.8050115362854632,-2.4062579504377575e-06,idle
