time,hand,pos_x,pos_y,pos_z,vel_x,vel_y,vel_z,acc_x,acc_y,acc_z,state
1765389047.5189753,Left,0.5680876970291138,0.46651753783226013,-2.322052239378536e-07,-0.291466584621047,0.34702709230707296,1.2736151108409978e-06,-0.1216762965344442,4.539224541549967,8.274158009654892e-05,firing
1765389047.5189753,Right,0.42533642053604126,0.5623059272766113,4.0188623984249716e-07,-0.007869189965951023,-0.040946092824240825,1.037697756848041e-07,0.058913048840582696,-0.1604181804692866,2.2759125986387887e-07,idle
