time,hand,pos_x,pos_y,pos_z,vel_x,vel_y,vel_z,acc_x,acc_y,acc_z,state
1765389054.3836439,Left,0.42786267399787903,0.6166849732398987,1.5413645826356515e-07,0.2822412036320487,0.1091955579631636,-2.7994164149655295e-08,2.4146138992769917,0.40054528294702724,-1.398793341270349e-05,retracting
1765389054.3836439,Right,0.5639193654060364,0.5895437002182007,1.4871537246108346e-07,0.0016045361463891184,0.04437103122416773,3.3172636500807433e-09,0.14848962163418952,0.12471704888473027,1.4339912891455658e-06,idle
1765389054.4765074,Left,0.42786267399787903,0.6166849732398987,1.5413645826356515e-07,0.2822412036320487,0.1091955579631636,-2.7994164149655295e-08,2.4146138992769917,0.40054528294702724,-1.398793341270349e-05,idle
1765389054.4765074,Right,0.5622971653938293,0.5900644659996033,1.4741105758275808e-07,-0.01746863912009818,0.0056078593471596775,-1.4045497310434656e-08,-0.20538923258380978,-0.4174206975553723,-1.8697065902195538e-07,idle
1765389054.5945957,Left,0.42786267399787903,0.6166849732398987,1.5413645826356515e-07,0.2822412036320487,0.1091955579631636,-2.7994164149655295e-08,2.4146138992769917,0.40054528294702724,-1.398793341270349e-05,firing
1765389054.5945957,Right,0.562812328338623,0.5939021110534668,1.6879070585673617e-07,0.004362525186857205,0.032498112247576205,1.8104806454728145e-07,0.18487161219572903,0.22771320558780503,1.652099759890139e-06,idle
