time,hand,pos_x,pos_y,pos_z,vel_x,vel_y,vel_z,acc_x,acc_y,acc_z,state
1765389015.433891,Left,0.43926239013671875,0.47727057337760925,-8.222889391618082e-08,-0.017754854948741097,0.032017327697410274,-2.3831561272106554e-07,0.07390477450709154,-0.7954869703515424,-1.4869861093679581e-06,retracting
1765389015.433891,Right,0.6389920711517334,0.5987980961799622,-1.7964840992590325e-07,-0.02062940147815012,0.009263322919470907,-1.3521644410179637e-07,-0.2619286286567873,-0.04975767066533888,-1.7014221043237994e-06,idle
1765389015.5396502,Left,0.4390057325363159,0.47608864307403564,-5.872966823972092e-08,-0.0024384277181163966,-0.011229169167763373,2.232591715726182e-07,0.1455168311518895,-0.41087213665973976,4.385285088923071e-06,retracting
1765389015.5396502,Right,0.6389920711517334,0.5987980961799622,-1.7964840992590325e-07,-0.02062940147815012,0.009263322919470907,-1.3521644410179637e-07,-0.2619286286567873,-0.04975767066533888,-1.7014221043237994e-06,idle
1765389015.647338,Left,0.43795284628868103,0.475953608751297,-5.4787697933988966e-08,-0.009731691891367775,-0.0012481048419085564,3.64351234964626e-08,-0.06741070080064909,0.09225369120864844,-1.726790598565876e-06,idle
1765389015.647338,Right,0.6389920711517334,0.5987980961799622,-1.7964840992590325e-07,-0.02062940147815012,0.009263322919470907,-1.3521644410179637e-07,-0.2619286286567873,-0.04975767066533888,-1.7014221043237994e-06,idle
1765389015.745661,Left,0.44242918491363525,0.4649018943309784,-1.267407441218893e-07,0.045526822455061504,-0.11240200583418405,-7.318020001069239e-07,0.5620094417691829,-1.13049622462701,-7.813393503052103e-06,firing
1765389015.745661,Right,0.6389920711517334,0.5987980961799622,-1.7964840992590325e-07,-0.02062940147815012,0.009263322919470907,-1.3521644410179637e-07,-0.2619286286567873,-0.04975767066533888,-1.7014221043237994e-06,idle
