time,hand,pos_x,pos_y,pos_z,vel_x,vel_y,vel_z,acc_x,acc_y,acc_z,state
1765389046.1370506,Left,0.36585745215415955,0.6385524272918701,-3.363060585570565e-08,-0.06932514966072865,-0.19435465809560126,-5.561377079784265e-07,4.353911264140575,-19.012853097076437,-4.271088101248557e-05,firing
1765389046.1370506,Right,0.42533642053604126,0.5623059272766113,4.0188623984249716e-07,-0.007869189965951023,-0.040946092824240825,1.037697756848041e-07,0.058913048840582696,-0.1604181804692866,2.2759125986387887e-07,idle
