time,hand,pos_x,pos_y,pos_z,vel_x,vel_y,vel_z,acc_x,acc_y,acc_z,state
1765389248.5866477,Right,0.6360452771186829,0.6475711464881897,-1.8774697707613086e-07,-0.01992795931595905,0.02867626732503384,-4.6047068159475644e-07,-0.39133912107259644,-0.05868014845593066,-4.0581022012697054e-06,retracting
1765389248.674104,Left,0.4026496112346649,0.6110349297523499,-7.103833610244692e-08,0.07556570409738035,-0.14814941631957268,4.778237149252145e-07,0.5200385582733196,-1.6904573165460095,5.72766978895105e-06,idle
1765389248.674104,Right,0.6402317881584167,0.6456392407417297,-2.722434260249429e-07,0.042946308248811974,-0.019817986602131233,-8.667863306808213e-07,0.6449804264523269,-0.497466543784529,-4.168090552336258e-06,retracting
1765389248.790678,Left,0.41100502014160156,0.6086139678955078,8.581660893014487e-08,0.07167469071289935,-0.02076758830711713,1.3455391348550657e-06,-0.03337804097904722,1.0927117065038834,7.443469858028488e-06,idle
1765389248.790678,Right,0.6339176297187805,0.6313735246658325,-2.3533210935511306e-07,-0.05416435728207761,-0.12237471545995783,3.166340792632615e-07,-0.8330384538178418,-0.879756084146743,1.0151662571015072e-05,idle
1765389248.8802204,Left,0.4079751968383789,0.6233272552490234,1.8416272951071733e-07,-0.0340317501124751,0.16526340596010883,1.1046487749201358e-06,-1.1873217740526152,2.0895476984890924,-2.705742122020793e-06,firing
1765389248.8802204,Right,0.625255823135376,0.6313229203224182,8.608949997324089e-09,-0.09729162649698996,-0.0005684009255093515,2.7400083579872437e-06,-0.4844165161031764,1.368159672529017,2.7219959591311337e-05,idle
