time,hand,pos_x,pos_y,pos_z,vel_x,vel_y,vel_z,acc_x,acc_y,acc_z,state
1765389241.228017,Left,0.32593226432800293,0.851616621017456,-1.6723556939268747e-07,0.012282747680843689,-0.2932013883946916,-7.481297559318321e-07,0.4410190341814363,-2.5493581493727646,1.4922616087754717e-06,firing
1765389241.228017,Right,0.34589341282844543,0.7632125020027161,3.0229031722228683e-07,-1.3597524085547585,-0.46421274036132393,9.488164571653266e-08,-4.396115595044528,-1.385070765335876,2.1795911059719563e-07,firing
1765389241.358991,Left,0.32593226432800293,0.851616621017456,-1.6723556939268747e-07,0.012282747680843689,-0.2932013883946916,-7.481297559318321e-07,0.4410190341814363,-2.5493581493727646,1.4922616087754717e-06,retracting
1765389241.358991,Right,0.34589341282844543,0.7632125020027161,3.0229031722228683e-07,-1.3597524085547585,-0.46421274036132393,9.488164571653266e-08,-4.396115595044528,-1.385070765335876,2.1795911059719563e-07,firing
1765389241.4337933,Left,0.32593226432800293,0.851616621017456,-1.6723556939268747e-07,0.012282747680843689,-0.2932013883946916,-7.481297559318321e-07,0.4410190341814363,-2.5493581493727646,1.4922616087754717e-06,retracting
1765389241.4337933,Right,0.34589341282844543,0.7632125020027161,3.0229031722228683e-07,-1.3597524085547585,-0.46421274036132393,9.488164571653266e-08,-4.396115595044528,-1.385070765335876,2.1795911059719563e-07,retracting
1765389241.5529768,Left,0.32593226432800293,0.851616621017456,-1.6723556939268747e-07,0.012282747680843689,-0.2932013883946916,-7.481297559318321e-07,0.4410190341814363,-2.5493581493727646,1.4922616087754717e-06,idle
