time,hand,pos_x,pos_y,pos_z,vel_x,vel_y,vel_z,acc_x,acc_y,acc_z,state
1765389080.6808243,Left,0.322635680437088,0.8962687253952026,2.2910360542027774e-07,-0.3406290568487154,0.3248950880053135,3.98058655814582e-06,6.808787274994098,-1.792591877844361,-1.239187422668929e-05,firing
1765389080.6808243,Right,0.7604162693023682,0.9094815254211426,2.9935102929812274e-07,-0.23875592488603087,0.3944747607402711,1.5789121582834659e-07,-300.40051188589314,-3.2982999837124414,-0.0001460532100518913,firing
1765389080.727837,Left,0.32421714067459106,0.8915976285934448,1.8669089740797062e-07,0.03363892467010843,-0.09935796658992017,-9.021522362989858e-07,7.960979440509615,-9.024201940812265,-0.000103859761121454,firing
1765389080.727837,Right,0.7648845314979553,0.9121996760368347,2.561671976764046e-07,0.09504351221689167,0.057817238546347106,-9.185546524920573e-07,7.100181119544676,-7.160974876350573,-2.2896864946191634e-05,firing
1765389080.848387,Left,0.32904109358787537,0.8943228721618652,1.3804627485569654e-07,0.04001622750547344,0.022606764328363227,-4.035226541306337e-07,0.05290176038586619,1.0117363307236413,4.1362913692752264e-06,retracting
1765389080.848387,Right,0.7650030851364136,0.9218445420265198,2.0212887363868504e-07,0.0009834402311603705,0.08000723859476329,-4.482651277032559e-07,-0.7802582876373122,0.18407312555614003,3.901201557246741e-06,firing
1765389080.9485204,Left,0.32597464323043823,0.8977712392807007,1.9670751782996376e-07,-0.0306236458010905,0.034437724707731134,5.858308199050952e-07,-0.7054575184390447,0.11815196657783358,9.88035246925392e-06,retracting
1765389080.9485204,Right,0.7665104269981384,0.9284473657608032,1.4114658597463858e-07,0.015053334603204838,0.06594026048239243,-6.090103409092138e-07,0.14051147466426248,-0.14048235092413994,-1.605310342461968e-06,retracting
1765389081.0390277,Left,0.3290729224681854,0.9036087393760681,1.0576447095900221e-07,0.034232380174650634,0.06449758307759178,-1.0048148394111443e-06,0.7165836154371006,0.332126454961316,-1.7574783534509282e-05,idle
