time,hand,pos_x,pos_y,pos_z,vel_x,vel_y,vel_z,acc_x,acc_y,acc_z,state
1765388838.2407277,Right,0.49961450695991516,0.6632300615310669,-5.7760544791563007e-08,-0.11270307652144226,0.5167807978472383,2.0310618006906455e-06,-2.3786825191300927,10.781346626910926,4.258319529789641e-05,retracting
1765388838.2971702,Left,0.5964900851249695,0.8776076436042786,1.8170320004173846e-07,0.012446143040797802,0.009694252656395681,1.0119807119949109e-07,-0.0837613584781513,0.5952660919668772,2.5431507215920527e-06,idle
1765388838.2971702,Right,0.49961450695991516,0.6632300615310669,-5.7760544791563007e-08,-0.11270307652144226,0.5167807978472383,2.0310618006906455e-06,-2.3786825191300927,10.781346626910926,4.258319529789641e-05,retracting
1765388838.4225628,Left,0.5966265201568604,0.8775275945663452,1.9373352699858515e-07,0.0010836221098676363,-0.000635781779620898,9.554971401922004e-08,-0.09024572893007654,-0.08204530431388983,-4.48615332890977e-08,idle
1765388838.4225628,Right,0.49961450695991516,0.6632300615310669,-5.7760544791563007e-08,-0.11270307652144226,0.5167807978472383,2.0310618006906455e-06,-2.3786825191300927,10.781346626910926,4.258319529789641e-05,idle
1765388838.4949522,Left,0.598211407661438,0.8767340183258057,1.823679696144609e-07,0.022054237333121004,-0.011042877617644716,-1.581555152960092e-07,0.2918130932443948,-0.1448182037509842,-3.5303927400595304e-06,idle
1765388838.4949522,Right,0.49961450695991516,0.6632300615310669,-5.7760544791563007e-08,-0.11270307652144226,0.5167807978472383,2.0310618006906455e-06,-2.3786825191300927,10.781346626910926,4.258319529789641e-05,firing
1765388838.6187422,Left,0.5978885889053345,0.8791080117225647,1.9238601112192555e-07,-0.002596755015150934,0.019096409803996777,8.058515508980295e-08,-0.19829265431001186,0.2424405158792156,1.9204306485403194e-06,idle
