time,hand,pos_x,pos_y,pos_z,vel_x,vel_y,vel_z,acc_x,acc_y,acc_z,state
1765389023.9689727,Left,0.5154933929443359,0.5102431774139404,1.189743272789201e-07,-0.2436523942958111,-0.09086812186546253,-1.7855002241848337e-06,1.081760222448939,-2.9118116234128064,-3.964918144428128e-05,retracting
1765389023.9689727,Right,0.4433954954147339,0.6562734842300415,1.6374404765429063e-07,-0.1430692759910163,0.3271990333619917,-4.185314549884422e-07,-0.9314372407095849,0.964462446773481,-2.464729777524598e-06,firing
1765389024.0289426,Left,0.5154933929443359,0.5102431774139404,1.189743272789201e-07,-0.2436523942958111,-0.09086812186546253,-1.7855002241848337e-06,1.081760222448939,-2.9118116234128064,-3.964918144428128e-05,retracting
1765389024.0289426,Right,0.4433954954147339,0.6562734842300415,1.6374404765429063e-07,-0.1430692759910163,0.3271990333619917,-4.185314549884422e-07,-0.9314372407095849,0.964462446773481,-2.464729777524598e-06,firing
1765389024.0587034,Left,0.44255727529525757,0.5495036840438843,2.882755438804452e-07,-0.28516773105608995,0.15350185829249627,6.619387672316364e-07,-0.16231785800443962,0.9554447786095919,9.569067378091507e-06,retracting
1765389024.0587034,Right,0.4433954954147339,0.6562734842300415,1.6374404765429063e-07,-0.1430692759910163,0.3271990333619917,-4.185314549884422e-07,-0.9314372407095849,0.964462446773481,-2.464729777524598e-06,firing
1765389024.1031704,Left,0.4500812292098999,0.5447025895118713,3.064625104798324e-07,0.16920319771806036,-0.10796989941450233,4.0899943571147764e-07,10.218166534631939,-5.880134038419237,-5.688251710126793e-06,retracting
1765389024.1031704,Right,0.4433954954147339,0.6562734842300415,1.6374404765429063e-07,-0.1430692759910163,0.3271990333619917,-4.185314549884422e-07,-0.9314372407095849,0.964462446773481,-2.464729777524598e-06,firing
1765389024.1688962,Left,0.47042036056518555,0.5178124904632568,2.3773351642830676e-07,0.30945428295740623,-0.40912545252726046,-1.045692719176601e-06,2.133881642170569,-4.581998813972495,-2.2132740570440767e-05,idle
