time,hand,pos_x,pos_y,pos_z,vel_x,vel_y,vel_z,acc_x,acc_y,acc_z,state
1765389462.8092349,Left,0.5259703993797302,0.3945021629333496,-1.2236702673362743e-07,-0.02758688571530835,0.11035242362419427,-5.621532625701607e-07,-5.48482063237962,9.12331655388051,-9.865008623138287e-06,firing
1765389462.8092349,Right,0.638373076915741,0.6811645030975342,-5.0008100771492536e-08,-0.009056255673886942,0.012835593126584215,2.0672360477668637e-07,-0.24327786838534948,0.14363075837331934,4.292071636654722e-06,idle
