time,hand,pos_x,pos_y,pos_z,vel_x,vel_y,vel_z,acc_x,acc_y,acc_z,state
1765389061.2614098,Right,0.6617895364761353,0.562835693359375,2.731455026605545e-07,-0.0367769101246394,-0.05759377979972185,1.9465176325416284e-06,-0.6276517344249193,0.2933799729977257,-1.1320984410582434e-06,retracting
1765389061.3711073,Left,0.41583123803138733,0.5761244893074036,2.915500658673409e-07,0.00802509018467668,0.004305712593549777,5.529108233876229e-08,0.041559126491324,0.008284288111940954,-2.3251978741288236e-07,idle
1765389061.3711073,Right,0.6469776034355164,0.575772225856781,2.174459439174825e-07,-0.1337979863242341,0.11685726592365261,-5.031408647699387e-07,-0.8764031400167227,1.5758374390388896,-2.2128062098547125e-05,retracting
1765389061.4584455,Left,0.4176315367221832,0.5771402716636658,2.9706646387239743e-07,0.02061295632542865,0.011630446354719742,6.316133635671438e-08,0.14412782518602588,0.08386631501000547,9.01123814461896e-08,idle
1765389061.4584455,Right,0.6418194770812988,0.5828216075897217,1.855124764915672e-07,-0.059059218230905514,0.0807136052063343,-3.6562997725609977e-07,0.8557396449824893,-0.4138356060670257,1.5744642447862802e-06,idle
1765389061.5440834,Left,0.4142964482307434,0.5760909914970398,2.8485675329648075e-07,-0.03894411329905259,-0.012252534167058751,-1.4257383371913457e-07,-0.6954529911780645,-0.2788836043620737,-2.4023871611198873e-06,idle
1765389061.5440834,Right,0.6415978074073792,0.580382227897644,2.2940406552152126e-07,-0.0025884557241133547,-0.028484845110261673,5.125258356548254e-07,0.659413919238757,-1.2751196353937035,1.025430046609059e-05,firing
1765389061.6603582,Left,0.4152563214302063,0.5751721858978271,2.82087000869069e-07,0.008255210255653157,-0.007902016026508535,-2.3820738673799722e-08,0.4059289707085549,0.037415819080449005,1.021313824219032e-06,idle
