time,hand,pos_x,pos_y,pos_z,vel_x,vel_y,vel_z,acc_x,acc_y,acc_z,state
1765389049.90996,Right,0.6539299488067627,0.5587825775146484,-2.0779586407115858e-07,0.04461331079634651,0.03148358338090481,-5.368074471062118e-07,-0.6429845321242182,1.570959904190904,-4.376609458323182e-06,retracting
1765389050.0034187,Left,0.37320375442504883,0.605400562286377,-1.0040569975444669e-07,-0.1379336124401914,0.17980752730502897,4.1810748622026273e-07,0.011428404901336718,1.869377527514213,1.2713794849234124e-05,firing
1765389050.0034187,Right,0.6510764360427856,0.5967080593109131,-2.0647307508170343e-07,-0.030203349282296652,0.40142682656007106,1.400121926197607e-08,-0.7919059430947383,3.9157087816186933,5.830100621259453e-06,retracting
1765389050.0983832,Left,0.3748147189617157,0.61544269323349,-7.252218381381681e-08,0.01696385980768748,0.10574615249428837,2.936204023093763e-07,1.6311091547768504,-0.7798848148783323,-1.3108801536385395e-06,firing
1765389050.0983832,Right,0.6659924387931824,0.6203190088272095,-1.9327451639128412e-07,0.15706924254977278,0.24862920840551328,1.3898412670899662e-07,1.9720272677352217,-1.6089971655648472,1.316101299582406e-06,idle
