time,hand,pos_x,pos_y,pos_z,vel_x,vel_y,vel_z,acc_x,acc_y,acc_z,state
1765389065.0392344,Right,0.6416304111480713,0.5686224699020386,1.8142070246085495e-07,-0.02433811249495159,0.02409933633872922,-2.1065690562109665e-07,-0.44341821228897926,0.10855712319105709,-1.2046201473933094e-05,idle
1765389065.1456838,Left,0.40607377886772156,0.5688703060150146,2.2944169586480712e-07,-0.0075887887726465405,-0.0008376616250187578,-2.415432502871511e-07,-0.032366000724069886,0.3089586013475674,-4.761515473743094e-06,idle
1765389065.1456838,Right,0.6427319049835205,0.5725914835929871,1.3900107376230153e-07,0.010347584779643478,0.03728546119543721,-3.984958337059302e-07,0.32584221685048903,0.12387227279769965,-1.7645847581911203e-06,idle
1765389065.253046,Left,0.4001895785331726,0.566849946975708,2.687315827643033e-07,-0.05480696631209611,-0.018818147498389996,3.659561852548344e-07,-0.4398023382257189,-0.16747490355671532,5.65840712507271e-06,idle
1765389065.253046,Right,0.6424574255943298,0.564915120601654,1.705637657778425e-07,-0.0025565721391930005,-0.07149963358575204,2.9398309025238504e-07,-0.12019266057005956,-1.0132525553088343,6.449928095476577e-06,idle
1765389065.350805,Left,0.3952614367008209,0.5674514174461365,2.45201988491317e-07,-0.05041112745133904,0.006152583585143563,-2.406897804740702e-07,0.04496607455784762,0.255431509487305,-6.2055249496760194e-06,idle
1765389065.350805,Right,0.6457815766334534,0.5689482092857361,1.6722329121421353e-07,0.03400352656262575,0.04125541727332811,-3.4170503752465536e-08,0.3739818897240286,1.153398062191501,-3.356760664312993e-06,firing
1765389065.4328146,Left,0.39118683338165283,0.563918948173523,2.2375596131496422e-07,-0.04968449558540932,-0.043073874984373775,-2.6150644838369655e-07,0.008860331891737135,-0.6002527293827157,-2.538322295064361e-07,idle
