time,hand,pos_x,pos_y,pos_z,vel_x,vel_y,vel_z,acc_x,acc_y,acc_z,state
1765389002.2975743,Right,0.6495689153671265,0.6411844491958618,-7.26976807641222e-08,0.01383659973422344,-0.0022193389069677404,-1.1756386107419706e-07,-0.4796621921473791,0.04055518280293568,-4.9758711197607474e-06,firing
1765389002.393103,Left,0.30988529324531555,0.5608208179473877,-1.3054206249307754e-07,-0.5770723992870516,0.355567216044034,-1.994595123271697e-07,-1.887420003656743,1.345398961293045,-5.710669054952926e-07,firing
1765389002.393103,Right,0.6491677165031433,0.6423985958099365,-8.040839816203516e-08,-0.004222201591778154,0.012777632807089736,-8.114729674954061e-08,-0.19005013859523517,0.15782756016378988,3.8324653846754676e-07,retracting
1765389002.4869554,Left,0.3112647235393524,0.5629046559333801,-1.2065302712471748e-07,0.014618822863553442,0.02208394184559875,1.0480127699559357e-07,6.270580836111445,-3.5341640201316755,3.2244721626474286e-06,firing
1765389002.4869554,Right,0.6476067900657654,0.6452024579048157,-9.780658416502774e-08,-0.01654226907275364,0.029714559319207426,-1.84381190136532e-07,-0.13056468670434493,0.17949288891509113,-1.0940444091037601e-06,retracting
1765389002.5879827,Left,0.31330424547195435,0.5687638521194458,-1.412214771789877e-07,0.020187839684333988,0.05799619577145365,-2.0359308993608279e-07,0.05512390770608116,0.3554709627629954,-3.05258597107889e-06,retracting
1765389002.5879827,Right,0.6445375680923462,0.6487743258476257,-7.444265293088392e-08,-0.03038013966144254,0.0353554900540191,2.3126365576709804e-07,-0.13697166407061942,0.0558357346025349,4.114185476798168e-06,idle
