time,hand,pos_x,pos_y,pos_z,vel_x,vel_y,vel_z,acc_x,acc_y,acc_z,state
1765389464.2106361,Left,0.3896481990814209,0.6213760375976562,1.4995829644703917e-07,0.05836318508005023,0.09851251785843725,2.0259274080801232e-06,0.5939058223944048,0.7373187263464521,1.090489991998454e-05,firing
1765389464.2106361,Right,0.6357055306434631,0.6835744380950928,-4.7945839298790816e-08,0.007035230517058753,-0.02229995627459554,3.688073022182342e-08,0.13430168316072028,-0.6123995786632135,-5.587232958336007e-08,idle
