time,hand,pos_x,pos_y,pos_z,vel_x,vel_y,vel_z,acc_x,acc_y,acc_z,state
1765389056.2627072,Left,0.42786267399787903,0.6166849732398987,1.5413645826356515e-07,0.2822412036320487,0.1091955579631636,-2.7994164149655295e-08,2.4146138992769917,0.40054528294702724,-1.398793341270349e-05,firing
1765389056.2627072,Right,0.5740786790847778,0.5903976559638977,1.4193861375133565e-07,-0.012472163903184794,0.002814133172664754,5.099828771927879e-07,-0.3468606773515362,-0.3691435923250952,1.1932828050331892e-05,idle
