time,hand,pos_x,pos_y,pos_z,vel_x,vel_y,vel_z,acc_x,acc_y,acc_z,state
1765389087.1962478,Right,0.6512806415557861,0.4995858073234558,-5.518240797641738e-08,-0.04640243182623067,0.18713748868689253,4.020793934346503e-07,-1.194368159046619,4.026961335652411,6.395074256066299e-06,firing
1765389087.3280966,Left,0.38052377104759216,0.5173183083534241,-6.020081144697542e-08,0.07847987924796071,0.14279364491926924,1.504155208084626e-07,0.32968961377249595,0.6937822851349703,-9.19226619833514e-07,idle
