time,hand,pos_x,pos_y,pos_z,vel_x,vel_y,vel_z,acc_x,acc_y,acc_z,state
1765389047.4039996,Left,0.5801712870597839,0.452130526304245,-2.8500662097030727e-07,-0.28642214192555215,0.15884041393170983,-2.1566763363809016e-06,-16.396250789411685,11.395863015367114,-4.12310720109939e-05,firing
1765389047.4039996,Right,0.42533642053604126,0.5623059272766113,4.0188623984249716e-07,-0.007869189965951023,-0.040946092824240825,1.037697756848041e-07,0.058913048840582696,-0.1604181804692866,2.2759125986387887e-07,idle
