time,hand,pos_x,pos_y,pos_z,vel_x,vel_y,vel_z,acc_x,acc_y,acc_z,state
1765388837.6462119,Right,0.49961450695991516,0.6632300615310669,-5.7760544791563007e-08,-0.11270307652144226,0.5167807978472383,2.0310618006906455e-06,-2.3786825191300927,10.781346626910926,4.258319529789641e-05,firing
1765388837.6941545,Left,0.5972232222557068,0.8776730298995972,1.9266082063040812e-07,0.024661299291841163,-0.040997180159741735,1.734889011266008e-07,0.7711219979793494,-1.4258935595718067,3.288920667866445e-06,firing
1765388837.6941545,Right,0.49961450695991516,0.6632300615310669,-5.7760544791563007e-08,-0.11270307652144226,0.5167807978472383,2.0310618006906455e-06,-2.3786825191300927,10.781346626910926,4.258319529789641e-05,retracting
1765388837.8373733,Left,0.5942232012748718,0.8758125901222229,1.8302142734683002e-07,-0.020800856962906268,-0.01289949035172839,-6.68354128793801e-08,-0.315215065335011,0.1948173130849005,-1.6663055732882508e-06,firing
1765388837.8373733,Right,0.49961450695991516,0.6632300615310669,-5.7760544791563007e-08,-0.11270307652144226,0.5167807978472383,2.0310618006906455e-06,-2.3786825191300927,10.781346626910926,4.258319529789641e-05,retracting
1765388837.8948178,Left,0.5958741307258606,0.8763027787208557,1.7086965442558721e-07,0.02873952021250104,0.008533244791234332,-2.1153909591873662e-07,0.8624030968221117,0.3731028751600777,-2.5190140142222345e-06,retracting
1765388837.8948178,Right,0.49961450695991516,0.6632300615310669,-5.7760544791563007e-08,-0.11270307652144226,0.5167807978472383,2.0310618006906455e-06,-2.3786825191300927,10.781346626910926,4.258319529789641e-05,idle
