time,hand,pos_x,pos_y,pos_z,vel_x,vel_y,vel_z,acc_x,acc_y,acc_z,state
1765388838.0912664,Right,0.49961450695991516,0.6632300615310669,-5.7760544791563007e-08,-0.11270307652144226,0.5167807978472383,2.0310618006906455e-06,-2.3786825191300927,10.781346626910926,4.258319529789641e-05,firing
1765388838.2386088,Left,0.595767617225647,0.8770449161529541,1.7582890166067955e-07,0.01730828326413808,-0.024859475481832646,-4.6425554325815496e-08,0.6093549255601697,-0.8498598554780766,-9.67986214816756e-07,idle
