time,hand,pos_x,pos_y,pos_z,vel_x,vel_y,vel_z,acc_x,acc_y,acc_z,state
1765389082.9045725,Left,0.3315579295158386,0.8237799406051636,2.6888855586548743e-07,0.0032290520973648545,-0.5092263044937942,1.991102959137138e-06,-0.23590048412397818,-3.2113467563137306,1.2527903569811958e-05,retracting
1765389082.9045725,Right,0.7643742561340332,0.9243148565292358,1.927743653595826e-07,-0.01286099412479476,-0.023163835041309356,-2.947931214204284e-07,-0.27723852488150286,-0.44912171697506936,-4.191136066098678e-06,idle
1765389082.9461343,Left,0.3315579295158386,0.8237799406051636,2.6888855586548743e-07,0.0032290520973648545,-0.5092263044937942,1.991102959137138e-06,-0.23590048412397818,-3.2113467563137306,1.2527903569811958e-05,retracting
1765389082.9461343,Right,0.3438841700553894,0.7224363684654236,3.5104145013065136e-07,-0.8450677956193747,-0.4057194557950904,3.1807269867850667e-07,-1.6725035631564051,-0.768830100483595,1.2316893661664182e-06,firing
1765389083.0540805,Left,0.35710546374320984,0.697168231010437,3.0948990570323076e-07,0.07178986378205128,-0.355785310007718,1.1409184731010835e-07,0.19265934973705556,0.4311769580070102,-5.27449619349525e-06,idle
