time,hand,pos_x,pos_y,pos_z,vel_x,vel_y,vel_z,acc_x,acc_y,acc_z,state
1765389462.1437879,Left,0.37406134605407715,0.6032336950302124,-8.039548049509904e-08,0.010362630463615892,-0.07329050077030047,-1.4634007286011243e-07,-0.5677239804977402,-1.3403514561242191,-1.6259213297831744e-05,firing
1765389462.1437879,Right,0.6419284343719482,0.633033275604248,-1.609535473789947e-07,0.04796700671307754,0.027825631399975573,-8.731276303088038e-08,0.2955493617158503,-0.13527907713746581,-1.8091598081815586e-06,idle
