time,hand,pos_x,pos_y,pos_z,vel_x,vel_y,vel_z,acc_x,acc_y,acc_z,state
1765389051.6065075,Left,0.4222862720489502,0.5445615649223328,-3.510903923142905e-08,-0.024409042459894493,-0.008457348966274043,1.7735508805406933e-07,0.45734057184456156,-2.0379134602205657,-8.647967690575043e-06,firing
1765389051.6075108,Right,0.6700355410575867,0.6290757656097412,-1.2470057697555603e-07,-0.07977308399782326,-0.008745182166934262,1.599267053087081e-07,-0.0024933267573068667,-0.3128246985326932,3.885765815289802e-07,idle
