time,hand,pos_x,pos_y,pos_z,vel_x,vel_y,vel_z,acc_x,acc_y,acc_z,state
1765389017.370155,Left,0.46229368448257446,0.4614599943161011,-1.6013768799894024e-07,0.034040226597344216,-0.12466302757541854,-5.911641601511208e-07,0.5706758082267414,-1.097948309036375,-6.638907062929678e-06,retracting
1765389017.370155,Right,0.6389920711517334,0.5987980961799622,-1.7964840992590325e-07,-0.02062940147815012,0.009263322919470907,-1.3521644410179637e-07,-0.2619286286567873,-0.04975767066533888,-1.7014221043237994e-06,idle
1765389017.4880686,Left,0.46229368448257446,0.4614599943161011,-1.6013768799894024e-07,0.034040226597344216,-0.12466302757541854,-5.911641601511208e-07,0.5706758082267414,-1.097948309036375,-6.638907062929678e-06,retracting
1765389017.4880686,Right,0.6389920711517334,0.5987980961799622,-1.7964840992590325e-07,-0.02062940147815012,0.009263322919470907,-1.3521644410179637e-07,-0.2619286286567873,-0.04975767066533888,-1.7014221043237994e-06,idle
1765389017.572885,Left,0.46229368448257446,0.4614599943161011,-1.6013768799894024e-07,0.034040226597344216,-0.12466302757541854,-5.911641601511208e-07,0.5706758082267414,-1.097948309036375,-6.638907062929678e-06,idle
1765389017.572885,Right,0.6389920711517334,0.5987980961799622,-1.7964840992590325e-07,-0.02062940147815012,0.009263322919470907,-1.3521644410179637e-07,-0.2619286286567873,-0.04975767066533888,-1.7014221043237994e-06,idle
1765389017.66582,Left,0.46229368448257446,0.4614599943161011,-1.6013768799894024e-07,0.034040226597344216,-0.12466302757541854,-5.911641601511208e-07,0.5706758082267414,-1.097948309036375,-6.638907062929678e-06,firing
1765389017.66582,Right,0.6389920711517334,0.5987980961799622,-1.7964840992590325e-07,-0.02062940147815012,0.009263322919470907,-1.3521644410179637e-07,-0.2619286286567873,-0.04975767066533888,-1.7014221043237994e-06,idle
