time,hand,pos_x,pos_y,pos_z,vel_x,vel_y,vel_z,acc_x,acc_y,acc_z,state
1765389080.2638211,Left,0.4329003691673279,0.728043794631958,1.9071264034664637e-07,0.021543146961754998,0.20266135776473576,-1.1730037520899275e-06,-1.23810511064378,-4.071693029125744,-5.415838962211255e-05,firing
1765389080.2638211,Right,0.7215120196342468,0.7581887245178223,4.209642838759464e-07,-0.08237011483953825,0.16800415901318638,1.6049144533752457e-06,-4.7512099113259385,-3.688977047888441,1.8194649985203273e-05,firing
1765389080.3680327,Left,0.4329003691673279,0.728043794631958,1.9071264034664637e-07,0.021543146961754998,0.20266135776473576,-1.1730037520899275e-06,-1.23810511064378,-4.071693029125744,-5.415838962211255e-05,retracting
1765389080.3680327,Right,0.7036263942718506,0.8015644550323486,1.8063109052945947e-07,-0.17162802136835242,0.4162275935437376,-2.3062045417722547e-06,-0.8565066962226321,2.3819182199412694,-3.753056439863906e-05,firing
1765389080.4587853,Left,0.4329003691673279,0.728043794631958,1.9071264034664637e-07,0.021543146961754998,0.20266135776473576,-1.1730037520899275e-06,-1.23810511064378,-4.071693029125744,-5.415838962211255e-05,retracting
1765389080.4587853,Right,0.7036263942718506,0.8015644550323486,1.8063109052945947e-07,-0.17162802136835242,0.4162275935437376,-2.3062045417722547e-06,-0.8565066962226321,2.3819182199412694,-3.753056439863906e-05,retracting
1765389080.5332532,Left,0.4329003691673279,0.728043794631958,1.9071264034664637e-07,0.021543146961754998,0.20266135776473576,-1.1730037520899275e-06,-1.23810511064378,-4.071693029125744,-5.415838962211255e-05,idle
