time,hand,pos_x,pos_y,pos_z,vel_x,vel_y,vel_z,acc_x,acc_y,acc_z,state
1765389266.6037686,Left,0.4915185570716858,0.4045024514198303,-1.1360447160768672e-07,0.3228192068414693,-0.6890348694965789,2.7925444232782514e-08,1.1813052190540205,-2.2164218888677105,1.5693604141357003e-06,firing
1765389266.6037686,Right,0.6475468873977661,0.5784679651260376,-1.8948497881865478e-07,0.1783039696628427,0.07587629718706854,-8.69633083249696e-08,2.7498416699664836,1.3119713392514476,3.170282279471773e-06,firing
1765389266.7337143,Left,0.4915185570716858,0.4045024514198303,-1.1360447160768672e-07,0.3228192068414693,-0.6890348694965789,2.7925444232782514e-08,1.1813052190540205,-2.2164218888677105,1.5693604141357003e-06,retracting
1765389266.7337143,Right,0.6562291979789734,0.5949755907058716,-2.417008317934233e-07,0.06681488426367627,0.12703474291417752,-4.0182807797612506e-07,-0.8579663521519202,0.39369078062755236,-2.423047752805193e-06,firing
1765389266.837638,Left,0.4050876498222351,0.5055705904960632,-1.3934773335222417e-07,-0.2798816138623111,0.32728007578442203,-8.33621429235527e-08,-1.9516731195227102,3.291043402525903,-3.6037281670852367e-07,retracting
1765389266.837638,Right,0.6521775126457214,0.5973302125930786,-1.8243055421862664e-07,-0.03898716869280341,0.022657248323533392,5.703257089866865e-07,-1.0180757258729316,-1.0043679739737983,9.354508203440958e-06,retracting
1765389266.9199743,Left,0.4002353250980377,0.5173490643501282,-8.816520846721687e-08,-0.05893290458209785,0.14305301380652335,6.216267514573459e-07,2.683486770086741,-2.237491611153367,8.562296549693583e-06,idle
