time,hand,pos_x,pos_y,pos_z,vel_x,vel_y,vel_z,acc_x,acc_y,acc_z,state
1765389078.7076852,Left,0.4411430358886719,0.5038552284240723,-7.068260998721598e-08,-0.09149536274942788,-0.0317782149596499,-9.914755784306096e-07,-1.3787670040229005,-0.727394094737096,-1.819749655013856e-05,firing
1765389078.7076852,Right,0.6514882445335388,0.5294371843338013,2.5489825361546536e-07,-0.04229161050536567,0.0619604930340868,1.4472029220883607e-06,-0.8557397280610716,0.7530145817968527,3.088646431511419e-05,idle
