time,hand,pos_x,pos_y,pos_z,vel_x,vel_y,vel_z,acc_x,acc_y,acc_z,state
1765389047.1028085,Left,0.41943687200546265,0.581329345703125,-6.495479709656138e-08,0.22638002741150337,-0.2592750129968335,-2.1508694810595527e-07,4.329690980402526,-3.5757964792219292,5.210606582409516e-06,firing
1765389047.1028085,Right,0.42533642053604126,0.5623059272766113,4.0188623984249716e-07,-0.007869189965951023,-0.040946092824240825,1.037697756848041e-07,0.058913048840582696,-0.1604181804692866,2.2759125986387887e-07,idle
