time,hand,pos_x,pos_y,pos_z,vel_x,vel_y,vel_z,acc_x,acc_y,acc_z,state
1765388802.605385,Left,0.44918233156204224,0.7847728729248047,-2.0063640704393038e-07,-0.017863890756202244,0.020453876476227224,-6.740881536241751e-08,-0.17131586607749819,0.16122338587475885,-3.9802591030824435e-07,idle
1765388802.605385,Right,0.49696916341781616,0.7608368992805481,1.7604243396363017e-07,-0.14949465364278236,-0.40168985857249984,2.6826619186267746e-06,-0.14521898897326815,-5.2852626367110656,3.851685204839981e-05,firing
1765388802.6923668,Left,0.4504004418849945,0.7825060486793518,-1.8292976733391697e-07,0.013764511114523642,-0.025614861752083214,2.0008305856783636e-07,0.35739742195854063,-0.5205716160739784,3.0226284125350155e-06,idle
