time,hand,pos_x,pos_y,pos_z,vel_x,vel_y,vel_z,acc_x,acc_y,acc_z,state
1765388989.870515,Left,0.34615394473075867,0.8952999114990234,-4.235738160218716e-08,0.0038849021226115984,0.005093370326362021,1.0123787784546459e-07,0.04483118200867795,0.22522700556268255,2.4400995089663486e-06,retracting
1765388989.870515,Right,0.6830301284790039,0.9303376078605652,-1.0890940416174999e-07,0.023060646324403106,0.01841505553832076,-1.0027787215859534e-06,0.541376968487846,-1.3556887197521044,5.547115233222721e-06,firing
1765388989.9488683,Left,0.3451285660266876,0.8969705700874329,-6.623088921742237e-08,-0.013000586435800394,0.021181970424289324,-3.026877757899094e-07,-0.21408797807365407,0.2039843770635191,-5.1212984557557275e-06,idle
