time,hand,pos_x,pos_y,pos_z,vel_x,vel_y,vel_z,acc_x,acc_y,acc_z,state
1765389277.8725593,Left,0.5379090309143066,0.476125031709671,-8.67330740561556e-08,-0.06429584368976524,0.025541456871593895,-1.8379984373640587e-07,-0.5637267986487021,0.09802778704261722,6.800852212026887e-07,firing
1765389277.8725593,Right,0.6434628367424011,0.6345985531806946,-1.2223645740050415e-07,-0.08203391788196537,0.12709915230404564,1.9157325190339952e-07,0.008056645119672027,1.177370009546142,-7.884991618443722e-07,idle
