time,hand,pos_x,pos_y,pos_z,vel_x,vel_y,vel_z,acc_x,acc_y,acc_z,state
1765389079.4824476,Left,0.42624631524086,0.5413156151771545,1.3452650193812588e-07,0.07756871658064592,0.14863554173716756,8.050254958829417e-07,1.7174624447870153,1.4374735769559106,2.5180358143315487e-05,retracting
1765389079.4824476,Right,0.6664896607398987,0.5732079744338989,1.7110691885591223e-07,-0.034182118782209385,0.048324240816816445,-4.1154093462310406e-07,0.13403791249921512,-0.06441522559276519,-2.8240807496545443e-05,idle
1765389079.534822,Left,0.42549970746040344,0.5450597405433655,3.572066376023031e-08,-0.01425521454518969,0.0714877500295893,-1.886530596670066e-06,-1.7532228739715068,-1.4730067798203808,-5.139071754153632e-05,retracting
1765389079.534822,Right,0.6664896607398987,0.5732079744338989,1.7110691885591223e-07,-0.034182118782209385,0.048324240816816445,-4.1154093462310406e-07,0.13403791249921512,-0.06441522559276519,-2.8240807496545443e-05,idle
1765389079.5901616,Left,0.42402416467666626,0.5585232377052307,8.956747876709414e-08,-0.02666342827354154,0.24328877132061816,9.73025455797222e-07,-0.2242195349366513,3.1044875546830935,5.1672895248772165e-05,idle
1765389079.5901616,Right,0.6664896607398987,0.5732079744338989,1.7110691885591223e-07,-0.034182118782209385,0.048324240816816445,-4.1154093462310406e-07,0.13403791249921512,-0.06441522559276519,-2.8240807496545443e-05,idle
1765389079.6560645,Left,0.4313372075557709,0.5651641488075256,1.4625760513808927e-07,0.11186242724394976,0.10158130443027819,8.671486331285115e-07,2.118931707416507,-2.1675985587665405,-1.6195226212114467e-06,firing
1765389079.6560645,Right,0.6664896607398987,0.5732079744338989,1.7110691885591223e-07,-0.034182118782209385,0.048324240816816445,-4.1154093462310406e-07,0.13403791249921512,-0.06441522559276519,-2.8240807496545443e-05,idle
