time,hand,pos_x,pos_y,pos_z,vel_x,vel_y,vel_z,acc_x,acc_y,acc_z,state
1765389311.4867232,Right,0.20255202054977417,0.636595606803894,1.4921526769740012e-07,-4.3174803607839936,0.45474593724202106,-5.86975582292579e-08,-26.51004424864086,0.016432647805802364,1.4092631180706915e-05,firing
1765389311.5521371,Left,0.24125105142593384,0.6606689691543579,-7.189017026121292e-08,0.25962181547203206,0.3807121233291416,8.725895689994098e-07,-0.7928381508752275,-4.276830651397772,6.707402054772725e-05,firing
1765389311.5521371,Right,0.20255202054977417,0.636595606803894,1.4921526769740012e-07,-4.3174803607839936,0.45474593724202106,-5.86975582292579e-08,-26.51004424864086,0.016432647805802364,1.4092631180706915e-05,retracting
1765389311.598444,Left,0.24125105142593384,0.6606689691543579,-7.189017026121292e-08,0.25962181547203206,0.3807121233291416,8.725895689994098e-07,-0.7928381508752275,-4.276830651397772,6.707402054772725e-05,firing
1765389311.598444,Right,0.25379595160484314,0.7131348252296448,-2.9513412869164313e-07,0.4543271314093418,0.6785943785287447,-3.939588209732729e-06,42.306699836045304,1.9846334601254128,-3.4407858271374575e-05,retracting
1765389311.660477,Left,0.2510077953338623,0.7200399041175842,2.8552156550176733e-07,0.09005688695231179,0.548006756013292,3.2989887391510116e-06,-1.5651214936950701,1.5441661650176328,2.2396196705538048e-05,firing
1765389311.660477,Right,0.25379595160484314,0.7131348252296448,-2.9513412869164313e-07,0.4543271314093418,0.6785943785287447,-3.939588209732729e-06,42.306699836045304,1.9846334601254128,-3.4407858271374575e-05,retracting
1765389311.7251952,Left,0.22734706103801727,0.7517791986465454,3.0331869993460714e-07,-0.36559603496802334,0.49042265922018213,2.7499407672997317e-07,-7.040563470801588,-0.8897660233846915,-4.67255345722614e-05,firing
1765389311.7251952,Right,0.25379595160484314,0.7131348252296448,-2.9513412869164313e-07,0.4543271314093418,0.6785943785287447,-3.939588209732729e-06,42.306699836045304,1.9846334601254128,-3.4407858271374575e-05,idle
