time,hand,pos_x,pos_y,pos_z,vel_x,vel_y,vel_z,acc_x,acc_y,acc_z,state
1765389046.6220684,Left,0.4064252972602844,0.6005385518074036,-7.261257195523285e-08,-0.023189510195501365,-0.010359346597583747,-3.205401574100521e-07,-0.9189952746108838,-0.3991801260336728,-1.4492309890318287e-05,firing
1765389046.6220684,Right,0.42533642053604126,0.5623059272766113,4.0188623984249716e-07,-0.007869189965951023,-0.040946092824240825,1.037697756848041e-07,0.058913048840582696,-0.1604181804692866,2.2759125986387887e-07,idle
