time,hand,pos_x,pos_y,pos_z,vel_x,vel_y,vel_z,acc_x,acc_y,acc_z,state
1765389022.7466142,Right,0.4433954954147339,0.6562734842300415,1.6374404765429063e-07,-0.1430692759910163,0.3271990333619917,-4.185314549884422e-07,-0.9314372407095849,0.964462446773481,-2.464729777524598e-06,retracting
1765389022.821499,Left,0.5644005537033081,0.5451351404190063,6.09713026733516e-08,0.5259094758013269,-0.18089945921557662,-5.420450785809669e-07,2.4557462111942026,-0.14997585279463851,-1.200800047499961e-06,firing
1765389022.821499,Right,0.4433954954147339,0.6562734842300415,1.6374404765429063e-07,-0.1430692759910163,0.3271990333619917,-4.185314549884422e-07,-0.9314372407095849,0.964462446773481,-2.464729777524598e-06,idle
