time,hand,pos_x,pos_y,pos_z,vel_x,vel_y,vel_z,acc_x,acc_y,acc_z,state
1765389062.9590151,Right,0.6384466290473938,0.5653814077377319,-7.891914322044613e-08,-0.005246785312668068,0.00651289949314689,-4.413423980791365e-07,-0.023455373602286736,0.07927430017425319,-7.192626688929749e-06,retracting
1765389063.0537734,Left,0.41653841733932495,0.5765706300735474,1.0139200412595528e-07,0.006134063447889242,-0.01412010851611224,8.705810586404181e-07,-0.13978881555625694,-0.01002212833361821,8.328102986411553e-06,idle
1765389063.0537734,Right,0.6384376883506775,0.5674780607223511,-7.805654433923337e-08,-9.38504199493458e-05,0.02200854914758792,9.054693366567754e-09,0.054090315217957485,0.16265770706711338,4.7278145671845955e-06,retracting
1765389063.1483772,Left,0.4149831235408783,0.583234429359436,1.566218656989804e-07,-0.01652880783039879,0.07081919694324583,5.86952619081873e-07,-0.2408485423255773,0.902688262878344,-3.0142471971412964e-06,idle
1765389063.1483772,Right,0.6383481025695801,0.5749244689941406,4.5419700001048113e-08,-0.000952068452644888,0.07913633518890609,1.312237672623807e-06,-0.009120669646580645,0.6071227173902175,1.384951258309044e-05,idle
1765389063.2483668,Left,0.41164979338645935,0.5781403183937073,3.41097091904885e-07,-0.03335249732221027,-0.050970445312257716,1.8458146067199535e-06,-0.1683337781532026,-1.2185977773052907,1.2595869333876489e-05,firing
1765389063.2483668,Right,0.6422159075737,0.5763622522354126,2.012513533600213e-07,0.03870032372032663,0.014386112230998428,1.5592139273935021e-06,0.39675226950292863,-0.6478751092066919,2.4711848194622274e-06,idle
