time,hand,pos_x,pos_y,pos_z,vel_x,vel_y,vel_z,acc_x,acc_y,acc_z,state
1765389258.2363873,Right,0.6312592029571533,0.48873257637023926,1.78330665789872e-07,-0.0029548295173651693,0.014750379653127607,2.535200020735015e-07,-0.6897321750930491,-1.8276187869368514,4.872862425817518e-06,firing
1765389258.3339248,Left,0.37881770730018616,0.6509358882904053,3.685990463964117e-07,0.01105130387210504,0.011614491520272325,-9.16384728902249e-08,0.3980617384318313,0.024509645696058922,-2.2941115106419788e-06,idle
