time,hand,pos_x,pos_y,pos_z,vel_x,vel_y,vel_z,acc_x,acc_y,acc_z,state
1765389073.9191217,Right,0.6540822982788086,0.5345017910003662,1.0348883705546541e-07,-0.002334880688875018,0.06303325713725733,2.042479651025213e-07,-0.26136128637533446,-0.9672413869154113,1.7509860887385228e-05,retracting
1765389074.0105467,Left,0.4530000686645508,0.4406781792640686,1.0876872380549685e-07,0.05132194353046564,-0.08550140111514984,3.086167928824732e-07,-0.6830745743935692,-0.07504090777538346,-3.701272152195512e-06,idle
1765389074.0105467,Right,0.6467726826667786,0.5445536971092224,2.690205178623728e-07,-0.07948302815203499,0.1093020452288795,1.7999522743679723e-06,-0.8388906752633902,0.5031158383204786,1.7351310556868765e-05,retracting
1765389074.101822,Left,0.4530000686645508,0.4406781792640686,1.0876872380549685e-07,0.05132194353046564,-0.08550140111514984,3.086167928824732e-07,-0.6830745743935692,-0.07504090777538346,-3.701272152195512e-06,idle
1765389074.101822,Right,0.6429118514060974,0.5600407123565674,3.5935556752519915e-07,-0.04229879112727121,0.16967382900249714,9.896996628869573e-07,0.4073859148301488,0.6614258172398091,-8.877027681161821e-06,idle
1765389074.137959,Left,0.4530000686645508,0.4406781792640686,1.0876872380549685e-07,0.05132194353046564,-0.08550140111514984,3.086167928824732e-07,-0.6830745743935692,-0.07504090777538346,-3.701272152195512e-06,idle
1765389074.137959,Right,0.6410045027732849,0.5646494626998901,3.2132675187313e-07,-0.052780893316619386,0.12753513228211388,-1.0523481797501902e-06,-0.2900648092709099,-1.166078407396519,-5.65083422482309e-05,firing
1765389074.1843014,Left,0.4530000686645508,0.4406781792640686,1.0876872380549685e-07,0.05132194353046564,-0.08550140111514984,3.086167928824732e-07,-0.6830745743935692,-0.07504090777538346,-3.701272152195512e-06,idle
