time,hand,pos_x,pos_y,pos_z,vel_x,vel_y,vel_z,acc_x,acc_y,acc_z,state
1765388833.6510208,Right,0.49961450695991516,0.6632300615310669,-5.7760544791563007e-08,-0.11270307652144226,0.5167807978472383,2.0310618006906455e-06,-2.3786825191300927,10.781346626910926,4.258319529789641e-05,firing
1765388833.7267368,Left,0.5923755168914795,0.8410436511039734,1.9412547658248513e-07,0.021908599677381763,0.07185692555860182,3.5589629561256455e-07,0.1980586233377791,0.09663604292598359,5.548263084906546e-06,idle
