time,hand,pos_x,pos_y,pos_z,vel_x,vel_y,vel_z,acc_x,acc_y,acc_z,state
1765389316.6255918,Right,0.5820906758308411,0.580213725566864,-3.35152094521618e-07,-0.0649074442486595,-0.03826687697758578,-4.858751462691636e-08,-3.1606098205781836,-2.5451983074408555,1.0706773366026777e-05,retracting
1765389316.690373,Left,0.43705886602401733,0.5550147294998169,-1.4584223606561864e-07,0.006813966428637671,0.04284800148381712,1.221524312612708e-07,-0.10613242122055352,2.887060851368699,2.6758713234483057e-06,firing
1765389316.690373,Right,0.5851790904998779,0.5827888250350952,-2.8613425229195855e-07,0.04805249003060373,0.04006584438467959,7.626661661327255e-07,1.7575379919771896,1.2187749106580177,1.2622255618009419e-05,retracting
1765389316.7545989,Left,0.43534204363822937,0.5585978627204895,-1.4168026041261328e-07,-0.02652060621685327,0.055350434590453745,6.429210050568274e-08,-0.5149356636169462,0.19313128015946676,-8.937972036295155e-07,firing
1765389316.7545989,Right,0.5897096991539001,0.5838655829429626,-2.519335851047799e-07,0.06998655715969358,0.016633213022981732,5.283146552219065e-07,0.3388264050376034,-0.36197546939781516,-3.62014392906339e-06,retracting
1765389316.8273797,Left,0.4371264576911926,0.5544385313987732,-1.1568052116217586e-07,0.024517632221184874,-0.0571487068612517,3.5723325745521646e-07,0.7012591932701657,-1.5457245311039718,4.024975894249446e-06,firing
1765389316.8273797,Right,0.5879328846931458,0.5794132351875305,-2.786046877645276e-07,-0.024413214747842037,-0.06117471704912125,-3.664577091058275e-07,-1.2970413932513203,-1.069071502901223,-1.22940635408228e-05,idle
