time,hand,pos_x,pos_y,pos_z,vel_x,vel_y,vel_z,acc_x,acc_y,acc_z,state
1765388834.6146805,Right,0.49961450695991516,0.6632300615310669,-5.7760544791563007e-08,-0.11270307652144226,0.5167807978472383,2.0310618006906455e-06,-2.3786825191300927,10.781346626910926,4.258319529789641e-05,firing
1765388834.7289236,Left,0.5977818965911865,0.8775541186332703,1.7914653938078118e-07,0.00235181731810707,0.018309872331401984,-5.618012025721392e-08,0.0796835455010247,0.4730349241231333,-7.80872700909347e-08,idle
