time,hand,pos_x,pos_y,pos_z,vel_x,vel_y,vel_z,acc_x,acc_y,acc_z,state
1765389316.5757895,Right,0.5853577256202698,0.5821398496627808,-3.3270649169026e-07,0.09417861696225507,0.08984307544209665,-5.875019962529762e-07,0.8589526423307906,0.3902945401384573,3.141167164567134e-06,firing
1765389316.6255918,Left,0.43662092089653015,0.5522608160972595,-1.5369317907243385e-07,0.013635276340968946,-0.14270827412417816,-4.9830336801935164e-08,0.7126506636048919,-1.4861304411284686,-3.318153473772249e-06,idle
