time,hand,pos_x,pos_y,pos_z,vel_x,vel_y,vel_z,acc_x,acc_y,acc_z,state
1765389309.7663138,Left,0.2985555827617645,0.3954195976257324,4.981781671631325e-07,-0.3192276385771199,-0.02987825840765233,1.0929564937508314e-06,-0.6437122168601435,-1.7238515621290555,1.2598752711761122e-05,retracting
1765389309.7663138,Right,0.7365551590919495,0.4023914635181427,1.704321448414703e-07,0.15148890776355436,-0.04052382252421687,-2.4970475698101277e-07,0.49420087117072437,-0.4375020223574696,4.996160907699105e-07,idle
1765389309.8559012,Left,0.26774680614471436,0.4116416871547699,5.59895397600485e-07,-0.3461021073381865,0.18223701126520642,6.933239764419238e-07,-0.3019045639953098,2.3828775398941247,-4.4894238457015455e-06,retracting
1765389309.8559012,Right,0.7590413689613342,0.38345977663993835,1.562336535698705e-07,0.2526073890754817,-0.21267630342670116,-1.595041507556635e-07,1.1359529106886668,-1.933940356166973,1.013302809320197e-06,firing
1765389309.953749,Left,0.20213155448436737,0.37559372186660767,6.385552637766523e-07,-0.666694878608908,-0.3662714572260525,7.992368939339897e-07,-3.2574371554897845,-5.573213202163676,1.0761461380351693e-06,idle
