time,hand,pos_x,pos_y,pos_z,vel_x,vel_y,vel_z,acc_x,acc_y,acc_z,state
1765389453.1411483,Left,0.5467007756233215,0.4428383708000183,-1.0975231390375484e-07,-0.08450322544865121,0.08436583822591501,4.559669153873812e-07,-0.5288125502928402,0.0016678230218559655,3.1843547676066923e-06,firing
1765389453.1411483,Right,0.6347613334655762,0.6245624423027039,-1.8191960293734155e-07,-0.015080453453461023,0.009292544033235104,-4.327534403789821e-08,-0.29800837918074835,0.32174826129124834,1.6187204184722819e-07,idle
