time,hand,pos_x,pos_y,pos_z,vel_x,vel_y,vel_z,acc_x,acc_y,acc_z,state
1765389077.4472296,Right,0.6862022876739502,0.4698849022388458,1.734993304580712e-07,0.12779607186002104,0.03864692529519504,5.652470756109466e-07,1.347807526966071,0.5692551268040716,1.2874248946164443e-05,retracting
1765389077.5173469,Left,0.45328012108802795,0.4753356873989105,4.517991669672483e-08,-0.05061440443584749,0.033718072927317405,3.735923280576774e-07,1.2116597817604597,2.2494564575275358,6.1517637466768705e-06,firing
1765389077.5173469,Right,0.6908115744590759,0.47540199756622314,1.964898359574363e-07,0.06481040707751,0.07757495046882805,3.2326563518241564e-07,-0.885630850259792,0.5473604216531498,-3.4024603784655874e-06,retracting
1765389077.5623777,Left,0.44880425930023193,0.47729170322418213,1.72858349856142e-08,-0.09939549326796313,0.04343725678101158,-6.194440629271424e-07,-1.083281972610685,0.2158339821694202,-2.2052365911767132e-05,firing
1765389077.5623777,Right,0.6936739087104797,0.47768634557724,2.0870521666438435e-07,0.06356387625547326,0.05072853187062206,2.71267042725403e-07,-0.02768171847215847,-0.5961786010288912,-1.154733097567243e-06,idle
