time,hand,pos_x,pos_y,pos_z,vel_x,vel_y,vel_z,acc_x,acc_y,acc_z,state
1765389056.3881128,Left,0.42786267399787903,0.6166849732398987,1.5413645826356515e-07,0.2822412036320487,0.1091955579631636,-2.7994164149655295e-08,2.4146138992769917,0.40054528294702724,-1.398793341270349e-05,retracting
1765389056.3881128,Right,0.5759796500205994,0.58936607837677,9.564197966938082e-08,0.015158586966647592,-0.00822593248147775,-3.6917532023764657e-07,0.22033116452310117,-0.08803490478590335,-7.010520646088152e-06,idle
1765389056.4801402,Left,0.42786267399787903,0.6166849732398987,1.5413645826356515e-07,0.2822412036320487,0.1091955579631636,-2.7994164149655295e-08,2.4146138992769917,0.40054528294702724,-1.398793341270349e-05,retracting
1765389056.4801402,Right,0.5742413997650146,0.5890480875968933,1.123012012271829e-07,-0.018888393770839215,-0.0034553914469508356,1.8102453066723192e-07,-0.36996558856337025,0.051838253594722085,5.97865088939829e-06,idle
1765389056.5992188,Left,0.42786267399787903,0.6166849732398987,1.5413645826356515e-07,0.2822412036320487,0.1091955579631636,-2.7994164149655295e-08,2.4146138992769917,0.40054528294702724,-1.398793341270349e-05,idle
1765389056.5992188,Right,0.5764535665512085,0.5855485796928406,1.244512475295778e-07,0.018577360787423017,-0.029388209477587437,1.0203380466255054e-07,0.3146303632916427,-0.2177789305021728,-6.633492668851844e-07,idle
1765389056.6796033,Left,0.42786267399787903,0.6166849732398987,1.5413645826356515e-07,0.2822412036320487,0.1091955579631636,-2.7994164149655295e-08,2.4146138992769917,0.40054528294702724,-1.398793341270349e-05,firing
1765389056.6796033,Right,0.5742127299308777,0.5866861939430237,1.1868350924260085e-07,-0.027876478910418587,0.014152160566145742,-7.175187751706365e-08,-0.5778955372720004,0.5416513619349747,-2.1619304416301144e-06,idle
