time,hand,pos_x,pos_y,pos_z,vel_x,vel_y,vel_z,acc_x,acc_y,acc_z,state
1765388839.2609062,Right,0.49961450695991516,0.6632300615310669,-5.7760544791563007e-08,-0.11270307652144226,0.5167807978472383,2.0310618006906455e-06,-2.3786825191300927,10.781346626910926,4.258319529789641e-05,retracting
1765388839.2891436,Left,0.5950911641120911,0.881024956703186,1.9619344016064133e-07,-0.12237290712936581,0.08281244997919135,4.946821061155191e-07,-4.710376335606261,2.2218973353098663,1.780248533963488e-05,firing
1765388839.2891436,Right,0.49961450695991516,0.6632300615310669,-5.7760544791563007e-08,-0.11270307652144226,0.5167807978472383,2.0310618006906455e-06,-2.3786825191300927,10.781346626910926,4.258319529789641e-05,retracting
1765388839.4890962,Left,0.5982588529586792,0.8752758502960205,1.8613060603911435e-07,0.015842198644984512,-0.02875234599874562,-5.032609729218336e-08,0.6912393443482364,-0.5579562088534415,-2.72568697232704e-06,retracting
1765388839.4890962,Right,0.49961450695991516,0.6632300615310669,-5.7760544791563007e-08,-0.11270307652144226,0.5167807978472383,2.0310618006906455e-06,-2.3786825191300927,10.781346626910926,4.258319529789641e-05,idle
