time,hand,pos_x,pos_y,pos_z,vel_x,vel_y,vel_z,acc_x,acc_y,acc_z,state
1765389069.4159017,Left,0.383884459733963,0.5700922012329102,3.129878791696683e-07,-0.013680917074904864,0.039854057649786834,-4.1325294172469645e-07,-0.1264466374718469,0.29797240936757413,3.844759091131266e-06,firing
1765389069.4159017,Right,0.6470251679420471,0.5847526788711548,1.4971762141158251e-07,0.006203021187091144,0.042334458176568966,-2.2613104348054117e-07,0.36899263861393694,-0.0075050330751921,-9.557709389728715e-06,idle
