time,hand,pos_x,pos_y,pos_z,vel_x,vel_y,vel_z,acc_x,acc_y,acc_z,state
1765389315.922583,Left,0.4373459815979004,0.5596970915794373,1.736906938276661e-07,0.0030935715707134876,-0.011588814732040351,-1.0242492559519026e-07,1.8271198199642982,0.07988626704744753,-2.8635307698339902e-06,retracting
1765389315.922583,Right,0.5729092955589294,0.559249222278595,2.3631248780020542e-07,0.08471994734183416,0.07051544537480674,-3.5030240151409435e-07,0.06422194350118268,1.8361260192365247,1.2544914080815645e-05,idle
1765389315.9668486,Left,0.43822386860847473,0.5616399049758911,1.934197655373282e-07,0.020062905589852284,0.044400340000762824,4.508809201168347e-07,0.3878108939394316,1.2795554689036355,1.2645047495999702e-05,retracting
1765389315.9668486,Right,0.5743269920349121,0.5590218901634216,2.3856034658820136e-07,0.03239951179377646,-0.005195364220368443,5.137173474451729e-08,-1.1957119152883773,-1.730266887131089,9.179712396438927e-06,firing
1765389316.0340288,Left,0.4385817050933838,0.5615983009338379,2.1346123446619458e-07,0.00528648364963298,-0.0006146357270665145,2.9608187615079523e-07,-0.21829890545370184,-0.6650270254981807,-2.2869177666812325e-06,retracting
1765389316.0340288,Right,0.5756509304046631,0.5581685304641724,2.414524828964204e-07,0.019559152965045016,-0.012607076940417319,4.27268653440847e-08,-0.1896965509840639,-0.1094966549324143,-1.27714648075123e-07,firing
1765389316.1018395,Left,0.43778371810913086,0.5645197629928589,1.5942781317335175e-07,-0.011767849545916411,0.04308256480755505,-7.968264956358607e-07,-0.2514988729284105,0.6443990837151011,-1.611703140584229e-05,idle
