time,hand,pos_x,pos_y,pos_z,vel_x,vel_y,vel_z,acc_x,acc_y,acc_z,state
1765389079.8339038,Left,0.43975383043289185,0.5913703441619873,1.3629524175939878e-07,0.040064789231837594,0.33750794166752857,-8.533628899176682e-07,0.3871383862590329,7.489354588670419,-2.5666378292339133e-05,firing
1765389079.8339038,Right,0.6681325435638428,0.622022807598114,4.36055159980242e-07,-0.12510157946838846,0.07845444068497806,8.536401249197411e-06,-4.427807581584258,-2.06209580068777,0.00026553122034420344,firing
1765389079.896941,Left,0.44120845198631287,0.5968813896179199,1.4909682022334891e-07,0.023075621130345655,0.08742534900169063,2.0307988274322293e-07,-0.2695103791826687,-3.9672251150682296,1.6759048503359217e-05,retracting
1765389079.896941,Right,0.669944167137146,0.6298868060112,4.6115610530250706e-07,0.028738979640464908,0.12475179370416457,3.981928515412713e-07,2.4404742581515677,0.7344454474059315,-0.0001291017675507768,firing
1765389079.9658787,Left,0.4399174153804779,0.6125425696372986,1.766007216019716e-07,-0.018727563237948993,0.22717848422596196,3.989670393779013e-07,-0.6063900707901051,2.0272358396232426,2.841506659685619e-06,retracting
1765389079.9658787,Right,0.669944167137146,0.6298868060112,4.6115610530250706e-07,0.028738979640464908,0.12475179370416457,3.981928515412713e-07,2.4404742581515677,0.7344454474059315,-0.0001291017675507768,firing
1765389080.0344765,Left,0.43634021282196045,0.6327731013298035,1.26195672578433e-07,-0.05214748714027527,0.2949151953287919,-7.347911119825665e-07,-0.4871865720256593,0.9874473735765468,-1.652761834173438e-05,retracting
1765389080.0344765,Right,0.669944167137146,0.6298868060112,4.6115610530250706e-07,0.028738979640464908,0.12475179370416457,3.981928515412713e-07,2.4404742581515677,0.7344454474059315,-0.0001291017675507768,retracting
1765389080.078985,Left,0.4290231764316559,0.6597465872764587,1.2314670527757698e-07,-0.16439654064130446,0.6060305760598237,-6.850310016953756e-08,-2.5219713421517915,6.990028421924393,1.4969919291090917e-05,idle
