time,hand,pos_x,pos_y,pos_z,vel_x,vel_y,vel_z,acc_x,acc_y,acc_z,state
1765389312.938087,Right,0.6260640621185303,0.4999409317970276,8.822906494287963e-08,-0.05113031794164109,0.19440015978791786,1.1751472721619696e-06,2.812424817026314,2.29391578872699,4.647817462610127e-05,retracting
1765389312.9754527,Left,0.387022465467453,0.49826881289482117,2.9087732400512323e-07,0.23261852450384035,-0.04535843335209631,-3.185323820113616e-06,4.992427575894289,3.806743402095012,-8.771266853896658e-05,firing
1765389312.9754527,Right,0.3873749077320099,0.4999346435070038,3.3144596045531216e-07,-6.302629466646521,-0.00016604341366372038,6.422185274328132e-06,-165.07194407978565,-5.13755511289823,0.0001385489693072294,retracting
1765389313.0430887,Left,0.38749220967292786,0.5036302208900452,3.426841885811882e-07,0.00445224052606603,0.05081548143628681,4.910260079968536e-07,-2.162562442214347,0.9115373771101947,3.484448238411646e-05,firing
1765389313.0430887,Right,0.6275337338447571,0.5215733647346497,1.4565087269602373e-07,3.5507537382881074,0.3199289883885705,-2.746984623030867e-06,145.68249610481354,4.732612368140261,-0.00013556638669928172,retracting
1765389313.1018617,Left,0.3858940899372101,0.5045170187950134,3.273306106166274e-07,-0.02719137405075615,0.015088514960732135,-2.612350452354017e-07,-0.5384035632911321,-0.6078801778261702,-1.2799423738464097e-05,firing
1765389313.1018617,Right,0.626784086227417,0.5247966647148132,1.4680175297598907e-07,-0.012754957162328811,0.05484317193483482,1.9581771929073577e-08,-60.631688418261774,-4.510330127114174,4.7072030962574063e-05,idle
