time,hand,pos_x,pos_y,pos_z,vel_x,vel_y,vel_z,acc_x,acc_y,acc_z,state
1765389015.339075,Left,0.4409458339214325,0.47423481941223145,-5.963276805687201e-08,-0.02476220779188306,0.10744219598978819,-9.73255831771376e-08,0.15198943352784292,0.07562183601516748,-6.1149354476763076e-06,firing
1765389015.339075,Right,0.6389920711517334,0.5987980961799622,-1.7964840992590325e-07,-0.02062940147815012,0.009263322919470907,-1.3521644410179637e-07,-0.2619286286567873,-0.04975767066533888,-1.7014221043237994e-06,idle
