time,hand,pos_x,pos_y,pos_z,vel_x,vel_y,vel_z,acc_x,acc_y,acc_z,state
1765389047.8633459,Left,0.377797394990921,0.5659530162811279,-7.742490026885207e-08,-0.22790606876924177,0.1804196946373595,-2.2027382548846982e-07,2.8758388156680463,2.4785547635791167,-2.4400286588603787e-05,firing
1765389047.8633459,Right,0.42533642053604126,0.5623059272766113,4.0188623984249716e-07,-0.007869189965951023,-0.040946092824240825,1.037697756848041e-07,0.058913048840582696,-0.1604181804692866,2.2759125986387887e-07,idle
