time,hand,pos_x,pos_y,pos_z,vel_x,vel_y,vel_z,acc_x,acc_y,acc_z,state
1765389241.5529768,Right,0.34589341282844543,0.7632125020027161,3.0229031722228683e-07,-1.3597524085547585,-0.46421274036132393,9.488164571653266e-08,-4.396115595044528,-1.385070765335876,2.1795911059719563e-07,retracting
1765389241.6090825,Left,0.3704463541507721,0.6378011703491211,-1.5951813736592158e-07,0.09010824004652476,-0.43281877785633793,1.5622114714223732e-08,0.15753929094690222,-0.2826223628152021,1.5460349109722828e-06,firing
1765389241.6090825,Right,0.6614843606948853,0.6671186089515686,-3.434216466757789e-07,0.8281806058171662,-0.25217167697759624,-1.694491331452285e-06,5.74162123970923,0.5564427545164266,-4.6957113513018054e-06,idle
