time,hand,pos_x,pos_y,pos_z,vel_x,vel_y,vel_z,acc_x,acc_y,acc_z,state
1765389089.7341006,Left,0.30526003241539,0.8921650052070618,-4.488514662170928e-07,-0.04664198390426473,0.07026302267814306,-3.3627721077988307e-07,0.49075687476653185,0.3830188965369908,2.0222866747503262e-05,retracting
1765389089.7341006,Right,0.7725187540054321,0.9199119806289673,-2.5823132077107402e-08,0.0037031295924242363,-0.020818654351756043,-1.5395040425374554e-06,0.15164480146011985,-0.2237507232468099,-7.778812307022693e-06,idle
1765389089.8283067,Left,0.30161505937576294,0.8936362862586975,-2.271509487172807e-07,-0.038691477973016405,0.015617684351186574,2.35335641613633e-06,0.0843948149324868,-0.5800616029856247,2.855052673913881e-05,retracting
1765389089.8283067,Right,0.7677067518234253,0.9196420907974243,1.643671510009881e-07,-0.027875685739383125,-0.0015634581705882028,1.101762709417195e-06,-0.18293448317688754,0.11154437951076604,1.5300724967806018e-05,idle
1765389089.895226,Left,0.3008602261543274,0.9017294049263,-4.695790423170365e-08,-0.01138820245533386,0.12210124205505617,2.7185804935056808e-06,0.4119257346646594,1.606522181137781,5.510151933608065e-06,idle
1765389089.895226,Right,0.7709693908691406,0.9273503422737122,1.9098044390375435e-07,0.04922358070120537,0.11629473358584497,4.015159362003264e-07,1.1632000691666975,1.7781317920655764,-1.0564654278095894e-05,firing
1765389090.0174818,Left,0.3072967529296875,0.9042666554450989,-6.1890403912912e-08,0.05237500751768839,0.020645997388694562,-1.215080446888083e-07,0.5188510384938376,-0.8255569171950372,-2.3110236891776907e-05,idle
