time,hand,pos_x,pos_y,pos_z,vel_x,vel_y,vel_z,acc_x,acc_y,acc_z,state
1765389440.4988997,Left,0.5652403831481934,0.4016951620578766,-1.2631070944735256e-07,0.00368884653364164,0.09281185897672678,-5.544319290309517e-07,-4.989140846896113,6.695016903362372,7.791324620214765e-06,firing
1765389440.4988997,Right,0.6409624218940735,0.580424964427948,-1.4277387094807636e-07,-0.013073488816490966,-0.01705044953199914,2.028068847833604e-07,-0.44452082758738526,-0.01300330772105726,2.010218838179694e-06,idle
