time,hand,pos_x,pos_y,pos_z,vel_x,vel_y,vel_z,acc_x,acc_y,acc_z,state
1765389090.0185094,Right,0.7718383073806763,0.928767740726471,1.0239826764291138e-07,0.007070507186910104,0.011533589031741136,-7.208067812838829e-07,-0.34300603714669814,-0.852457532622608,-9.132512427437117e-06,firing
1765389090.1017237,Left,0.306516170501709,0.9054825901985168,-6.350416015266092e-08,-0.009265967804016574,0.014433853329408835,-1.91562259475508e-08,-0.7317142588236931,-0.07374176612753403,1.214975668354573e-06,idle
