time,hand,pos_x,pos_y,pos_z,vel_x,vel_y,vel_z,acc_x,acc_y,acc_z,state
1765388803.6911385,Right,0.49696916341781616,0.7608368992805481,1.7604243396363017e-07,-0.14949465364278236,-0.40168985857249984,2.6826619186267746e-06,-0.14521898897326815,-5.2852626367110656,3.851685204839981e-05,firing
1765388803.8081527,Left,0.45097729563713074,0.7817443609237671,-1.9072112422691134e-07,0.012608948605898446,-0.011154214348371178,1.6496509799547246e-08,0.0850815313125495,-0.19589751386557325,-1.019972339379063e-07,idle
