time,hand,pos_x,pos_y,pos_z,vel_x,vel_y,vel_z,acc_x,acc_y,acc_z,state
1765389043.5753992,Left,0.4835420548915863,0.5771228671073914,-3.609459398035142e-08,0.2630212590316147,-0.2584329126753196,6.709765205278227e-07,2.6971426383622794,-0.5089027390757284,1.2443942795474041e-05,firing
1765389043.5753992,Right,0.42533642053604126,0.5623059272766113,4.0188623984249716e-07,-0.007869189965951023,-0.040946092824240825,1.037697756848041e-07,0.058913048840582696,-0.1604181804692866,2.2759125986387887e-07,idle
