time,hand,pos_x,pos_y,pos_z,vel_x,vel_y,vel_z,acc_x,acc_y,acc_z,state
1765388244.29926,Right,0.769834041595459,0.5037798285484314,-4.946741114508768e-07,0.19443286649026603,-0.3844159323292067,-1.606822818216529e-06,0.6160498766799297,-1.8578223400003218,-1.0372760538393485e-05,firing
1765388244.4075623,Left,0.3830643892288208,0.6069574952125549,-1.5545688825113757e-07,-0.19707723515170023,-0.05561159945034572,-8.065003637560586e-08,-0.3377013925435916,-0.8281877354603744,6.788058434650709e-06,idle
