time,hand,pos_x,pos_y,pos_z,vel_x,vel_y,vel_z,acc_x,acc_y,acc_z,state
1765388803.8151948,Right,0.49696916341781616,0.7608368992805481,1.7604243396363017e-07,-0.14949465364278236,-0.40168985857249984,2.6826619186267746e-06,-0.14521898897326815,-5.2852626367110656,3.851685204839981e-05,retracting
1765388803.9075959,Left,0.44979414343833923,0.7821242809295654,-2.079895722317815e-07,-0.011897769093372014,0.003820472554214268,-1.7365137568328293e-07,-0.24643935811486803,0.15058533229662727,-1.91212562287291e-06,idle
1765388803.9075959,Right,0.49696916341781616,0.7608368992805481,1.7604243396363017e-07,-0.14949465364278236,-0.40168985857249984,2.6826619186267746e-06,-0.14521898897326815,-5.2852626367110656,3.851685204839981e-05,retracting
1765388803.9802625,Left,0.44921690225601196,0.7823476195335388,-2.0423071589448227e-07,-0.007943688358389165,0.00307346794144088,5.1727396176200586e-08,0.05441397125544318,-0.010279883050316851,3.101543654647258e-06,idle
1765388803.9802625,Right,0.49696916341781616,0.7608368992805481,1.7604243396363017e-07,-0.14949465364278236,-0.40168985857249984,2.6826619186267746e-06,-0.14521898897326815,-5.2852626367110656,3.851685204839981e-05,idle
1765388804.0700533,Left,0.4481413960456848,0.7836591005325317,-1.9573701592889847e-07,-0.01204635885384677,0.014689427724517317,9.513488327622506e-08,-0.04595253897449679,0.13010619430661102,4.861916756311081e-07,idle
1765388804.0700533,Right,0.49696916341781616,0.7608368992805481,1.7604243396363017e-07,-0.14949465364278236,-0.40168985857249984,2.6826619186267746e-06,-0.14521898897326815,-5.2852626367110656,3.851685204839981e-05,firing
1765388804.1815274,Left,0.439340204000473,0.7968093156814575,-2.0487820506787102e-07,-0.07859312193418722,0.11742914566017168,-8.162923714561998e-08,-0.5942510785165815,0.9174479022524928,-1.578473006672031e-06,idle
