time,hand,pos_x,pos_y,pos_z,vel_x,vel_y,vel_z,acc_x,acc_y,acc_z,state
1765389314.8039114,Right,0.549630343914032,0.588310718536377,2.222080741631771e-09,0.005933372457262189,-0.05979736853470724,-2.2365289729174793e-08,0.7809341084855606,-0.5265056361963172,4.973718978382033e-10,firing
1765389314.8209894,Left,0.4619446396827698,0.5919052362442017,-2.7311891415138234e-08,0.03568222044992466,-0.051454977847171963,-4.510146496476209e-07,0.8211740081295905,-0.6907011716548374,-1.2809056189426901e-05,idle
