time,hand,pos_x,pos_y,pos_z,vel_x,vel_y,vel_z,acc_x,acc_y,acc_z,state
1765389411.953017,Left,0.3280634880065918,0.8487033247947693,1.70241936103821e-08,0.03235919531817613,-0.44717046661219795,3.120945224779069e-07,0.5821976405594473,-4.187713771386055,4.464108793810817e-06,firing
1765389411.953017,Right,0.3348127603530884,0.9029936790466309,1.7785991701657622e-07,-0.0008598680118616943,0.04405156529173199,-2.445312066848746e-07,0.024404769768029824,0.7491917939508946,-3.0082491001162177e-06,idle
