time,hand,pos_x,pos_y,pos_z,vel_x,vel_y,vel_z,acc_x,acc_y,acc_z,state
1765389076.9843278,Right,0.6493678092956543,0.5280560255050659,1.7478630809364404e-07,0.2680712597430673,0.01965450068472894,-2.1411604399123227e-07,0.7436425970756267,0.24272805970562247,-4.9902089965736235e-06,retracting
1765389077.0334313,Left,0.4318050742149353,0.5228438973426819,7.972310100967661e-08,0.16760572007840727,-0.18085676262587438,9.061850264332848e-07,2.16686676232011,-3.4905514540911993,7.540269959741052e-06,firing
1765389077.0334313,Right,0.6536526083946228,0.5154389142990112,1.6052617013428971e-07,0.08634286839880083,-0.2542470597278807,-2.8735564649219616e-07,-3.6620037989508325,-5.519382785210481,-1.4758492088563824e-06,retracting
1765389077.0876884,Left,0.4396105706691742,0.5131642818450928,8.651750427191018e-10,0.1425327177263466,-0.17675517649722236,-1.439989700620456e-06,-0.4578470040630822,0.07489724982041036,-4.2842458781239284e-05,firing
1765389077.0876884,Right,0.6603454947471619,0.4998740553855896,1.8878749585837795e-07,0.12221583685979485,-0.2842230029779008,5.160675666973434e-07,0.6550604074491976,-0.5473774388195165,1.4670955874709343e-05,retracting
1765389077.1425977,Left,0.4515658915042877,0.5090913772583008,2.1675495176509685e-08,0.21772880428647104,-0.07417522774048439,3.7899494141897464e-07,1.3694617015773631,1.868173166961265,3.3127120266274224e-05,firing
1765389077.1425977,Right,0.6653026342391968,0.4840877652168274,2.323019003824811e-07,0.09027880298385627,-0.287497937526595,7.924788800685348e-07,-0.5816332572055645,-0.059642697443081434,5.033968187185925e-06,idle
