time,hand,pos_x,pos_y,pos_z,vel_x,vel_y,vel_z,acc_x,acc_y,acc_z,state
1765389314.7100759,Left,0.45664313435554504,0.599550187587738,3.9697855669373894e-08,-0.08632415481999497,0.051166324719670274,1.4520978463997213e-06,0.6536922921213438,0.6024407027683603,-2.0228842249998725e-05,idle
1765389314.7100759,Right,0.5490735173225403,0.59392249584198,4.32098623548427e-09,-0.06735460683946852,-0.010386626007405794,-2.2411966370591097e-08,-1.4009877337325138,3.773660997903876,1.1585297848111318e-05,firing
1765389314.8034065,Left,0.4619446396827698,0.5919052362442017,-2.7311891415138234e-08,0.03568222044992466,-0.051454977847171963,-4.510146496476209e-07,0.8211740081295905,-0.6907011716548374,-1.2809056189426901e-05,idle
