time,hand,pos_x,pos_y,pos_z,vel_x,vel_y,vel_z,acc_x,acc_y,acc_z,state
1765389251.7726412,Left,0.41017377376556396,0.6462759375572205,3.5251309782324824e-07,-0.00028480745876557613,-0.026549751306127006,4.971177277790539e-07,-2.199809969327132,0.6476221037331961,8.185337755967392e-06,firing
1765389251.7726412,Right,0.6451692581176758,0.6438237428665161,4.260713524217863e-07,0.007866951626022743,-0.008041253790787276,4.9189758679736484e-08,0.023056344675517843,0.2894081662516244,1.2806025376382589e-06,idle
