time,hand,pos_x,pos_y,pos_z,vel_x,vel_y,vel_z,acc_x,acc_y,acc_z,state
1765389309.6484182,Left,0.3361911177635193,0.39894211292266846,3.69323402082955e-07,-0.24333679849610232,0.1733562613022201,-3.9238105651704563e-07,-1.5505706804867763,2.986701824910069,-4.414615666286009e-06,firing
1765389309.6484182,Right,0.7186952829360962,0.40716904401779175,1.9987123778264504e-07,0.09322479796483413,0.011055742294056948,-3.0860729736073084e-07,0.5791239374297021,1.1155132086698683,-8.885576735029417e-07,idle
