time,hand,pos_x,pos_y,pos_z,vel_x,vel_y,vel_z,acc_x,acc_y,acc_z,state
1765389248.4776769,Right,0.6380389928817749,0.6447021961212158,-1.4167865458603046e-07,0.01922401615862916,0.03454699071934943,-5.447314824819908e-08,0.6809995248609384,1.2345794337157432,-1.2041042267973059e-06,firing
1765389248.577621,Left,0.3952832818031311,0.6254768967628479,-1.1761775908780692e-07,0.024871075057670677,0.01664049244085181,-8.05235279732986e-08,-0.38366836176902397,0.3442549743720883,-1.4976273109640546e-06,idle
