time,hand,pos_x,pos_y,pos_z,vel_x,vel_y,vel_z,acc_x,acc_y,acc_z,state
1765389294.4311306,Right,0.624004602432251,0.583512544631958,6.400377117188327e-08,0.22357798541103188,-0.124767598859455,4.6227533542669555e-07,1.0020635028563447,3.3433146973689634,2.884147167307765e-05,retracting
1765389294.610543,Left,0.5502294898033142,0.6291191577911377,1.7009891450925352e-07,0.024526724113134203,0.011840629199077898,-4.821899103706968e-07,-2.7592465672468003,1.2560633798685663,-1.0745214831098523e-05,firing
1765389294.610543,Right,0.624004602432251,0.583512544631958,6.400377117188327e-08,0.22357798541103188,-0.124767598859455,4.6227533542669555e-07,1.0020635028563447,3.3433146973689634,2.884147167307765e-05,idle
