time,hand,pos_x,pos_y,pos_z,vel_x,vel_y,vel_z,acc_x,acc_y,acc_z,state
1765389061.1626523,Right,0.6654399633407593,0.5685523748397827,7.993676831574703e-08,0.025522960778260547,-0.0867142831629464,2.058888208227084e-06,-3.37099086603935,-1.3217964189041633,2.5115819830620108e-05,firing
1765389061.2604036,Left,0.41494283080101013,0.5756478309631348,2.8542913810269965e-07,0.0034243408331551856,0.003388611191844754,8.103188469607512e-08,0.2678974248088368,0.07936529300713689,1.3941989861384332e-06,idle
