time,hand,pos_x,pos_y,pos_z,vel_x,vel_y,vel_z,acc_x,acc_y,acc_z,state
1765389057.3708706,Left,0.42786267399787903,0.6166849732398987,1.5413645826356515e-07,0.2822412036320487,0.1091955579631636,-2.7994164149655295e-08,2.4146138992769917,0.40054528294702724,-1.398793341270349e-05,retracting
1765389057.3708706,Right,0.5833538174629211,0.5946205258369446,2.3600425436143269e-07,0.08240379252649191,0.04506323876005253,1.7136747335533898e-06,1.6610211241133814,0.6825230876240138,3.845112824513326e-05,firing
1765389057.4766998,Left,0.42786267399787903,0.6166849732398987,1.5413645826356515e-07,0.2822412036320487,0.1091955579631636,-2.7994164149655295e-08,2.4146138992769917,0.40054528294702724,-1.398793341270349e-05,retracting
1765389057.4766998,Right,0.5903440713882446,0.5846277475357056,2.285931657297624e-07,0.06571863099120666,-0.09394676027104025,-6.967509395666581e-08,-0.156864970240025,-1.3068977075807184,-1.6766101846141704e-05,firing
1765389057.588099,Left,0.4682547450065613,0.577171802520752,1.682240480249675e-07,0.008397027674511797,-0.00821431483335097,2.9286411451454746e-09,-0.05692892358812313,-0.024408106009749422,6.428480772331984e-09,idle
