time,hand,pos_x,pos_y,pos_z,vel_x,vel_y,vel_z,acc_x,acc_y,acc_z,state
1765389257.0567262,Right,0.6337172985076904,0.5981184840202332,4.4139653709862614e-07,-0.11518330079133612,0.06250584034584684,2.9735543563044214e-07,2.6681022333886792,3.717176900345807,1.2028674802610509e-05,firing
1765389257.1484187,Left,0.3770725727081299,0.645531415939331,3.878623999753472e-07,0.005856270526637445,-0.010990979192826494,1.007554553339356e-07,-0.033146779974838815,0.039912411206175356,1.3306997123507017e-06,idle
