time,hand,pos_x,pos_y,pos_z,vel_x,vel_y,vel_z,acc_x,acc_y,acc_z,state
1765388804.7778366,Right,0.49696916341781616,0.7608368992805481,1.7604243396363017e-07,-0.14949465364278236,-0.40168985857249984,2.6826619186267746e-06,-0.14521898897326815,-5.2852626367110656,3.851685204839981e-05,firing
1765388804.8774145,Left,0.3266758620738983,0.8544497489929199,-1.9890204328021355e-07,-0.014785949349993959,0.1351353912711782,-1.3469364910548395e-07,2.670755925785145,0.6481195445009222,-1.922274461942793e-06,firing
1765388804.8774145,Right,0.49696916341781616,0.7608368992805481,1.7604243396363017e-07,-0.14949465364278236,-0.40168985857249984,2.6826619186267746e-06,-0.14521898897326815,-5.2852626367110656,3.851685204839981e-05,retracting
1765388805.01279,Left,0.3320460319519043,0.8747425675392151,1.2762032497448672e-07,0.03966869846391197,0.14990023000813657,2.411975349433015e-06,0.4022489144962485,0.10906581151622101,1.88118899188209e-05,firing
1765388805.01279,Right,0.49696916341781616,0.7608368992805481,1.7604243396363017e-07,-0.14949465364278236,-0.40168985857249984,2.6826619186267746e-06,-0.14521898897326815,-5.2852626367110656,3.851685204839981e-05,retracting
1765388805.1650882,Left,0.3320460319519043,0.8747425675392151,1.2762032497448672e-07,0.03966869846391197,0.14990023000813657,2.411975349433015e-06,0.4022489144962485,0.10906581151622101,1.88118899188209e-05,retracting
1765388805.1650882,Right,0.49696916341781616,0.7608368992805481,1.7604243396363017e-07,-0.14949465364278236,-0.40168985857249984,2.6826619186267746e-06,-0.14521898897326815,-5.2852626367110656,3.851685204839981e-05,idle
