time,hand,pos_x,pos_y,pos_z,vel_x,vel_y,vel_z,acc_x,acc_y,acc_z,state
1765389432.2506325,Left,0.4137202501296997,0.5002716779708862,-7.261418488724303e-08,-0.02977583754522606,0.08952890094917189,-1.0000662717563633e-07,0.36207451088628273,-1.1042403441834638,-1.1413432823134428e-05,firing
1765389432.2506325,Right,0.6337502002716064,0.5617616176605225,-1.8369448184785142e-07,-0.009126918367534823,0.015922335459993924,-1.6294136684428013e-08,-0.2575487346316161,-0.04446562460846694,8.40360097497492e-07,idle
