time,hand,pos_x,pos_y,pos_z,vel_x,vel_y,vel_z,acc_x,acc_y,acc_z,state
1765389077.2065423,Left,0.456114798784256,0.5029526352882385,-8.562254905086775e-09,0.07113827958673094,-0.09600097687199621,-4.728743381626617e-07,-2.2924621428925804,-0.3413229042378219,-1.3321993888309884e-05,firing
1765389077.2065423,Right,0.6686049103736877,0.47345295548439026,1.9069497625423537e-07,0.05164278550202645,-0.16631292341994683,-6.506716490822161e-07,-0.6042109993851997,1.8951569870865388,-2.2568770808004052e-05,firing
1765389077.272192,Left,0.46289533376693726,0.4937545359134674,-9.697741276681882e-09,0.10328348858745982,-0.1401086778885439,-1.7296126928244787e-08,0.4896471053461646,-0.6718639821485355,6.939527205583192e-06,retracting
1765389077.272192,Right,0.6731824278831482,0.4665095806121826,1.7127915441506048e-07,0.0697263532530733,-0.10576392293584645,-2.9574861253051016e-07,0.27545525068543086,0.9223036259609019,5.406312258360903e-06,firing
1765389077.3191228,Left,0.4629550278186798,0.48243042826652527,-8.667134787643249e-10,0.0012719592363418376,-0.2412937787667266,1.8817130092620882e-07,-2.1736589020814234,-2.1560493865829717,4.37809438290429e-06,retracting
1765389077.3191228,Right,0.6751148700714111,0.46715039014816284,1.509043414671396e-07,0.041176425762794525,0.013654352221578727,-4.341459619731374e-07,-0.6083410810304013,2.5445613698595273,-2.9489669702431856e-06,firing
1765389077.3972828,Left,0.46357476711273193,0.4791175127029419,2.1738648214864043e-08,0.007929105900368182,-0.04238630436175178,2.892188836582473e-07,0.08517326785625451,2.544874020525105,1.2928290849848242e-06,retracting
1765389077.3972828,Right,0.6799473762512207,0.4679933488368988,1.458336100768065e-07,0.06182834238790581,0.010785032959457274,-6.48762577621723e-08,0.2642259987992776,-0.036710817773987686,4.724532748830535e-06,retracting
1765389077.4462273,Left,0.45687979459762573,0.472937673330307,1.8610199603585897e-08,-0.13678709909980125,-0.1262622510814076,-6.391832218190234e-08,-2.9567425153785445,-1.7136959726337597,-7.215057845583585e-06,idle
