time,hand,pos_x,pos_y,pos_z,vel_x,vel_y,vel_z,acc_x,acc_y,acc_z,state
1765388998.0048692,Right,0.6643417477607727,0.7136210203170776,-1.698701481700482e-07,-0.028735260667868967,-0.027549211455317992,4.813135114732072e-07,-0.28444387096915835,0.6131734525970599,2.8591440997258563e-06,idle
1765388998.1044018,Left,0.3723134398460388,0.6650453805923462,2.959873679486691e-09,0.04044822900385819,-0.3737770607202107,2.8272026202667786e-07,0.7504251075661696,-2.1812007748890534,-6.1965774607318425e-06,firing
1765388998.1044018,Right,0.6562145948410034,0.7012330293655396,-2.1442163244955736e-07,-0.08183999692689614,-0.1247464089100805,-4.486310732082542e-07,-0.5347618649663344,-0.9787706001755035,-9.364492424817697e-06,idle
