time,hand,pos_x,pos_y,pos_z,vel_x,vel_y,vel_z,acc_x,acc_y,acc_z,state
1765389076.1963866,Left,0.45069393515586853,0.685468852519989,-6.954879694376359e-08,0.0018612459399291997,-1.000434518813182,-6.395877239665064e-06,-0.059445448914068964,-10.969651019566493,-0.00020703783170036372,firing
1765389076.1963866,Right,0.4505336880683899,0.688090443611145,-1.6689681103798648e-07,-0.1492575521524747,0.07811894748619773,-5.109896504043044e-07,-0.15836045874392315,0.012528301006604308,-9.114548095455386e-07,idle
