time,hand,pos_x,pos_y,pos_z,vel_x,vel_y,vel_z,acc_x,acc_y,acc_z,state
1765388832.6882994,Right,0.5049667358398438,0.638688325881958,-1.542149448141572e-07,0.00025970735293751913,0.004778494431014831,8.801054066940249e-09,0.011075081531036018,0.0028782288506743535,5.6232658224940414e-08,firing
1765388832.7342412,Left,0.3320460319519043,0.8747425675392151,1.2762032497448672e-07,0.03966869846391197,0.14990023000813657,2.411975349433015e-06,0.4022489144962485,0.10906581151622101,1.88118899188209e-05,idle
