time,hand,pos_x,pos_y,pos_z,vel_x,vel_y,vel_z,acc_x,acc_y,acc_z,state
1765389241.710521,Left,0.38288602232933044,0.6199090480804443,-6.822435238973412e-08,0.12324349541165217,-0.17726258104900142,9.04474702083979e-07,0.32828083787595597,2.531871310115149,8.806127157150178e-06,firing
1765389241.710521,Right,0.6534467935562134,0.65318763256073,-1.4901132772138226e-07,-0.07963057008893246,-0.13801832977052356,1.9260808976667375e-06,-8.993955536955164,1.1309511894367936,3.587008676614858e-05,firing
1765389241.8032556,Left,0.38547009229660034,0.6065200567245483,-8.757950098470246e-08,0.027714950928999196,-0.14360108012458256,-2.0758996479486863e-07,-1.0245732337706916,0.3610300255539825,-1.192723806352027e-05,retracting
1765389241.8032556,Right,0.6494247317314148,0.6435002088546753,-1.4290237970726594e-07,-0.0431378590826101,-0.10390062035564329,6.552035996839445e-08,0.39139563077501466,0.36592300294495034,-1.995508815777979e-05,firing
1765389241.9104228,Left,0.3902808129787445,0.6029789447784424,-7.952252190079889e-08,0.04488984231087539,-0.03304285726998478,7.518135940024089e-08,0.16026250883790777,1.0316419343435053,2.6385984537140698e-06,retracting
1765389241.9104228,Right,0.6418928503990173,0.63818359375,-1.508067555278103e-07,-0.07028156229699305,-0.04961044912923923,-7.375738638643746e-08,-0.25328358005681806,0.5065929590194963,-1.2996298235498227e-06,retracting
1765389241.9948387,Left,0.3895690441131592,0.6015406250953674,-1.0031467212456846e-07,-0.008431690701733574,-0.017038489999039726,-2.4630605269118636e-07,-0.6316526274788254,0.18958945976737082,-3.8083745360602873e-06,idle
