time,hand,pos_x,pos_y,pos_z,vel_x,vel_y,vel_z,acc_x,acc_y,acc_z,state
1765388811.8265305,Right,0.49696916341781616,0.7608368992805481,1.7604243396363017e-07,-0.14949465364278236,-0.40168985857249984,2.6826619186267746e-06,-0.14521898897326815,-5.2852626367110656,3.851685204839981e-05,retracting
1765388811.9103804,Left,0.3320460319519043,0.8747425675392151,1.2762032497448672e-07,0.03966869846391197,0.14990023000813657,2.411975349433015e-06,0.4022489144962485,0.10906581151622101,1.88118899188209e-05,idle
1765388811.9103804,Right,0.49696916341781616,0.7608368992805481,1.7604243396363017e-07,-0.14949465364278236,-0.40168985857249984,2.6826619186267746e-06,-0.14521898897326815,-5.2852626367110656,3.851685204839981e-05,retracting
1765388811.985926,Left,0.3320460319519043,0.8747425675392151,1.2762032497448672e-07,0.03966869846391197,0.14990023000813657,2.411975349433015e-06,0.4022489144962485,0.10906581151622101,1.88118899188209e-05,idle
1765388811.985926,Right,0.5418391227722168,0.5507467985153198,-1.2189499898340728e-07,0.003455633286401529,-0.016179964408115113,-2.2945474552916695e-08,0.011779375561776963,0.029689815673544274,-2.0837074742945686e-07,idle
1765388812.1718678,Left,0.3320460319519043,0.8747425675392151,1.2762032497448672e-07,0.03966869846391197,0.14990023000813657,2.411975349433015e-06,0.4022489144962485,0.10906581151622101,1.88118899188209e-05,idle
1765388812.1718678,Right,0.49963873624801636,0.5406556129455566,-3.3477206784482405e-07,-0.22694999314026051,-0.05426951467663701,-1.1448342846365117e-06,-1.239101336359125,-0.2048422747786772,-6.03342004004147e-06,firing
1765388812.2860165,Left,0.3320460319519043,0.8747425675392151,1.2762032497448672e-07,0.03966869846391197,0.14990023000813657,2.411975349433015e-06,0.4022489144962485,0.10906581151622101,1.88118899188209e-05,idle
