time,hand,pos_x,pos_y,pos_z,vel_x,vel_y,vel_z,acc_x,acc_y,acc_z,state
1765388839.0151284,Left,0.5948077440261841,0.8826243877410889,1.9381027982490195e-07,-0.023094225731748984,0.02398352378421472,8.100866569952634e-08,-0.2909028944327222,-0.27996922584838096,1.1733009060913997e-06,firing
1765388839.0151284,Right,0.49961450695991516,0.6632300615310669,-5.7760544791563007e-08,-0.11270307652144226,0.5167807978472383,2.0310618006906455e-06,-2.3786825191300927,10.781346626910926,4.258319529789641e-05,firing
1765388839.1029005,Left,0.5959284901618958,0.8759573698043823,1.8703485693549737e-07,0.012768815378806605,-0.07595825535186056,-7.719332793702771e-08,0.4085925762058976,-1.1386504809206126,-1.8024171442015011e-06,retracting
1765388839.1029005,Right,0.49961450695991516,0.6632300615310669,-5.7760544791563007e-08,-0.11270307652144226,0.5167807978472383,2.0310618006906455e-06,-2.3786825191300927,10.781346626910926,4.258319529789641e-05,firing
1765388839.2593536,Left,0.5987366437911987,0.8785579800605774,1.8145689750781457e-07,0.01794884884762851,0.016622295843416457,-3.5652590229023055e-08,0.03310917066194094,0.5917462286586578,2.6551553816698685e-07,idle
