time,hand,pos_x,pos_y,pos_z,vel_x,vel_y,vel_z,acc_x,acc_y,acc_z,state
1765389033.222286,Left,0.4324393570423126,0.5349336266517639,-9.844782766776916e-08,0.0412784600835065,-0.08389234866859242,7.905513852489775e-08,0.5499897506293443,-0.13708625576023747,1.9613915979010875e-06,firing
1765389033.222286,Right,0.42533642053604126,0.5623059272766113,4.0188623984249716e-07,-0.007869189965951023,-0.040946092824240825,1.037697756848041e-07,0.058913048840582696,-0.1604181804692866,2.2759125986387887e-07,idle
