time,hand,pos_x,pos_y,pos_z,vel_x,vel_y,vel_z,acc_x,acc_y,acc_z,state
1765389303.7798944,Left,0.35841381549835205,0.6637742519378662,-8.775619342316077e-09,-0.044706906026744826,-0.1877877511143677,8.520828270538026e-08,0.45693611017209734,-3.893249487058553,1.3237005330302559e-05,firing
1765389303.7798944,Right,0.7082014083862305,0.5830521583557129,-5.9193901336129784e-08,0.004949013860902485,-0.04158148623068938,-2.4230341746226665e-08,0.1416822270737249,-0.7048817054469886,-1.0193784284328965e-06,idle
