time,hand,pos_x,pos_y,pos_z,vel_x,vel_y,vel_z,acc_x,acc_y,acc_z,state
1765389047.9742744,Left,0.37188291549682617,0.5694940686225891,9.813602153130319e-10,-0.06936588251739872,-0.07696752903116294,6.347436139765905e-07,-0.5900752243023631,-4.00381010868341,-2.6501303852688638e-06,firing
1765389047.9742744,Right,0.42533642053604126,0.5623059272766113,4.0188623984249716e-07,-0.007869189965951023,-0.040946092824240825,1.037697756848041e-07,0.058913048840582696,-0.1604181804692866,2.2759125986387887e-07,idle
