time,hand,pos_x,pos_y,pos_z,vel_x,vel_y,vel_z,acc_x,acc_y,acc_z,state
1765389073.208241,Left,0.4530000686645508,0.4406781792640686,1.0876872380549685e-07,0.05132194353046564,-0.08550140111514984,3.086167928824732e-07,-0.6830745743935692,-0.07504090777538346,-3.701272152195512e-06,retracting
1765389073.208241,Right,0.6643331050872803,0.4666571617126465,2.1343775813420507e-07,-0.13510425100633372,-0.056380170201037055,7.199074782312745e-08,-0.5821029014842773,-1.3836937961072573,-2.922341679950752e-06,firing
1765389073.290642,Left,0.4530000686645508,0.4406781792640686,1.0876872380549685e-07,0.05132194353046564,-0.08550140111514984,3.086167928824732e-07,-0.6830745743935692,-0.07504090777538346,-3.701272152195512e-06,retracting
1765389073.290642,Right,0.6547112464904785,0.46122774481773376,1.5887160031979874e-07,-0.11676865876770395,-0.06589015233713814,-6.622023175660655e-07,0.22251652234091052,-0.11541095182031261,-8.9099978615921e-06,firing
1765389073.404725,Left,0.4530000686645508,0.4406781792640686,1.0876872380549685e-07,0.05132194353046564,-0.08550140111514984,3.086167928824732e-07,-0.6830745743935692,-0.07504090777538346,-3.701272152195512e-06,idle
