time,hand,pos_x,pos_y,pos_z,vel_x,vel_y,vel_z,acc_x,acc_y,acc_z,state
1765388804.7256832,Right,0.49696916341781616,0.7608368992805481,1.7604243396363017e-07,-0.14949465364278236,-0.40168985857249984,2.6826619186267746e-06,-0.14521898897326815,-5.2852626367110656,3.851685204839981e-05,firing
1765388804.7767844,Left,0.3281637728214264,0.8408510684967041,-1.8534781531798217e-07,-0.28354423817786945,0.06991509238341573,5.874491638132398e-08,-0.44190300762992757,-0.06801796041572816,-5.403930549029211e-07,idle
