time,hand,pos_x,pos_y,pos_z,vel_x,vel_y,vel_z,acc_x,acc_y,acc_z,state
1765388801.7069106,Right,0.49696916341781616,0.7608368992805481,1.7604243396363017e-07,-0.14949465364278236,-0.40168985857249984,2.6826619186267746e-06,-0.14521898897326815,-5.2852626367110656,3.851685204839981e-05,retracting
1765388801.798395,Left,0.44980213046073914,0.7829887866973877,-1.8911596555426513e-07,-0.0047373154096096515,-0.023495254954404788,-8.215706455234478e-08,-0.18330168764232657,0.044406032483342184,-2.578980499832348e-06,idle
1765388801.798395,Right,0.49696916341781616,0.7608368992805481,1.7604243396363017e-07,-0.14949465364278236,-0.40168985857249984,2.6826619186267746e-06,-0.14521898897326815,-5.2852626367110656,3.851685204839981e-05,retracting
1765388801.8867643,Left,0.44914954900741577,0.7826020121574402,-2.025696090868223e-07,-0.007384701927435194,-0.004376794155101336,-1.5224328981453755e-07,-0.02995819176485977,0.2163471450118756,-7.931054125804433e-07,idle
1765388801.8867643,Right,0.49696916341781616,0.7608368992805481,1.7604243396363017e-07,-0.14949465364278236,-0.40168985857249984,2.6826619186267746e-06,-0.14521898897326815,-5.2852626367110656,3.851685204839981e-05,idle
1765388802.0848112,Left,0.45006653666496277,0.7834163308143616,-1.8952039226860506e-07,0.004743055829600836,0.004212007458416369,6.749617990163457e-08,0.06272999604310202,0.0444249878687079,1.136587351261345e-06,idle
1765388802.0848112,Right,0.49696916341781616,0.7608368992805481,1.7604243396363017e-07,-0.14949465364278236,-0.40168985857249984,2.6826619186267746e-06,-0.14521898897326815,-5.2852626367110656,3.851685204839981e-05,firing
1765388802.1306412,Left,0.4489305019378662,0.7855042815208435,-1.877281192719238e-07,-0.022476037509787827,0.04130935197501863,3.545947508501149e-08,-0.5385199486305118,0.7339575868421538,-6.338346548513734e-07,idle
