time,hand,pos_x,pos_y,pos_z,vel_x,vel_y,vel_z,acc_x,acc_y,acc_z,state
1765389450.9477184,Left,0.5693279504776001,0.4245310425758362,-6.369277372186843e-08,-0.07527918327526938,0.19595577517556292,6.88625670189691e-07,-5.217616422411238,7.11233258259842,9.208501034096264e-06,firing
1765389450.9477184,Right,0.6417149305343628,0.6262499690055847,-1.6846534833803162e-07,-0.0018934528671667769,-0.00945932684286939,8.943991292395811e-08,0.20825486107115243,-0.269001566738736,1.0963017268678648e-06,idle
