time,hand,pos_x,pos_y,pos_z,vel_x,vel_y,vel_z,acc_x,acc_y,acc_z,state
1765389073.808179,Right,0.6543436050415039,0.5274474620819092,8.063054934837055e-08,0.0269152098883557,0.1712814930167393,-1.755357545161229e-06,-2.1587797480974213,-2.0969741140796705,-2.4480911145580926e-05,firing
1765389073.9185822,Left,0.4530000686645508,0.4406781792640686,1.0876872380549685e-07,0.05132194353046564,-0.08550140111514984,3.086167928824732e-07,-0.6830745743935692,-0.07504090777538346,-3.701272152195512e-06,idle
