time,hand,pos_x,pos_y,pos_z,vel_x,vel_y,vel_z,acc_x,acc_y,acc_z,state
1765389078.7471218,Left,0.4422183036804199,0.5022393465042114,4.551291965526616e-08,0.027265747329347254,-0.040974191247151,2.9463897052855734e-06,3.011445562501719,-0.2331839266700785,9.985311628116923e-05,firing
1765389078.7471218,Right,0.6514882445335388,0.5294371843338013,2.5489825361546536e-07,-0.04229161050536567,0.0619604930340868,1.4472029220883607e-06,-0.8557397280610716,0.7530145817968527,3.088646431511419e-05,idle
