time,hand,pos_x,pos_y,pos_z,vel_x,vel_y,vel_z,acc_x,acc_y,acc_z,state
1765389273.6843016,Left,0.3871125280857086,0.5431793332099915,-7.254789124999661e-08,-0.08439584429621834,0.16517144766970546,7.670130122108541e-07,1.1818058436478274,-1.0422893104192492,4.676664201817373e-06,firing
1765389273.6843016,Right,0.6524180173873901,0.6062488555908203,-1.7463020185459754e-07,0.023425966748680898,-0.01910741968057116,-1.46351430524376e-07,0.12651955484709573,-0.20338273757745282,-4.780844385301241e-06,idle
