time,hand,pos_x,pos_y,pos_z,vel_x,vel_y,vel_z,acc_x,acc_y,acc_z,state
1765389468.610893,Left,0.44500142335891724,0.6814190745353699,-7.701947168925471e-08,0.0952660525438623,-0.04468197933395958,1.221620984632928e-07,-0.354610907744902,-0.2868930759596611,-1.811716092944115e-06,retracting
1765389468.610893,Right,0.5792909860610962,0.5151797533035278,-9.017237090347408e-08,-0.17589091528556886,-0.36295032076460937,6.213221305831884e-08,-0.6274413049008726,-0.6832453533102693,5.744586926885252e-07,idle
1765389468.6983657,Left,0.4508645832538605,0.6711686849594116,-8.092560932482229e-08,0.06702847198183637,-0.11718390131021268,-4.465551711947172e-08,-0.3228160090208365,-0.8288522115874541,-1.9070825412436296e-06,retracting
1765389468.6983657,Right,0.5693322420120239,0.5170667767524719,-1.3759610340002837e-07,-0.11384976845731792,0.021572718575474194,-5.421548076253115e-07,0.7092631527045662,4.395921692500061,-6.908294564815416e-06,firing
1765389468.7859943,Left,0.4498283863067627,0.6721914410591125,-5.611979858599625e-08,-0.011824871238854985,0.011671486990567038,2.830789250861836e-07,-0.8998584998242879,1.4704717856552427,3.740039565329988e-06,idle
