time,hand,pos_x,pos_y,pos_z,vel_x,vel_y,vel_z,acc_x,acc_y,acc_z,state
1765389078.1063807,Right,0.6694102883338928,0.5013774633407593,2.0308108616973186e-07,-0.04710411868213617,0.028099115177179154,1.7410361462059887e-07,-0.26934007126740334,0.15892041021233505,4.166223194139476e-06,firing
1765389078.1694338,Left,0.43681904673576355,0.48443537950515747,3.604500165010904e-08,-0.04459909722196612,-0.011866478833764193,1.2017376582561675e-07,-0.47015985334456495,-0.7364563623188608,4.003638419396951e-06,idle
