time,hand,pos_x,pos_y,pos_z,vel_x,vel_y,vel_z,acc_x,acc_y,acc_z,state
1765389011.9580872,Right,0.6503005623817444,0.5787254571914673,-2.029306216400073e-07,0.01311411850074223,0.112255810975523,3.5424312675300185e-07,-0.947825122422107,-0.4869075966379335,8.42077570232196e-06,retracting
1765389012.0765042,Left,0.44989022612571716,0.46606147289276123,-1.329912038272596e-07,0.13616838701844544,-0.11149352144027741,-4.355664073068374e-08,0.3978709655448715,0.027211641269356334,1.0113563110329314e-06,idle
1765389012.0765042,Right,0.6490190029144287,0.5791739225387573,-1.771645941062161e-07,-0.010194840417864703,0.0035675540348827505,2.0496944980595725e-07,-0.18542340214574574,-0.8646180400247987,-1.1874761600026116e-06,retracting
1765389012.1583533,Left,0.43949708342552185,0.48297199606895447,-9.708274006925421e-08,-0.12697931838042528,0.20660610253422662,4.387154476378008e-07,-3.2150348772074135,3.8864157449308423,5.892210164090556e-06,firing
1765389012.1583533,Right,0.6454866528511047,0.5788952708244324,-1.8142191038350575e-07,-0.04315685988930964,-0.003404456743373143,-5.201421115963028e-08,-0.40271695344351693,-0.08518127787731374,-3.139725013465213e-06,idle
