time,hand,pos_x,pos_y,pos_z,vel_x,vel_y,vel_z,acc_x,acc_y,acc_z,state
1765389016.3305945,Left,0.48930227756500244,0.4375576376914978,-1.3737214032971679e-07,0.08020348677111613,-0.04678813796141992,-1.8191141161839167e-08,0.059334454596906165,0.11227040261832405,1.221043371531354e-06,firing
1765389016.3305945,Right,0.6389920711517334,0.5987980961799622,-1.7964840992590325e-07,-0.02062940147815012,0.009263322919470907,-1.3521644410179637e-07,-0.2619286286567873,-0.04975767066533888,-1.7014221043237994e-06,idle
