time,hand,pos_x,pos_y,pos_z,vel_x,vel_y,vel_z,acc_x,acc_y,acc_z,state
1765389080.5337992,Right,0.7036263942718506,0.8015644550323486,1.8063109052945947e-07,-0.17162802136835242,0.4162275935437376,-2.3062045417722547e-06,-0.8565066962226321,2.3819182199412694,-3.753056439863906e-05,retracting
1765389080.5771303,Left,0.37346526980400085,0.8584960699081421,-2.1188422749673919e-07,-0.18970110279625665,0.41636912779256596,-1.2849826218904778e-06,-0.6742357221192585,0.6820986266479228,-3.5740690801553567e-07,firing
1765389080.5771303,Right,0.7591899037361145,0.841650664806366,1.1904572261300927e-07,0.265729989886194,0.19171049886034397,-2.945292576254776e-07,2.091645056762726,-1.0737429272329753,9.620746746647408e-06,retracting
1765389080.6050465,Left,0.37346526980400085,0.8584960699081421,-2.1188422749673919e-07,-0.18970110279625665,0.41636912779256596,-1.2849826218904778e-06,-0.6742357221192585,0.6820986266479228,-3.5740690801553567e-07,firing
1765389080.6050465,Right,0.3591875731945038,0.8749850988388062,8.35145925748293e-08,-14.328684803867144,1.1940895387269512,-1.2727784919476504e-06,-522.7938777092537,35.90672408534252,-3.50423581763823e-05,retracting
1765389080.6492357,Left,0.33339565992355347,0.8860057592391968,1.033626304547397e-07,-0.5557088039625436,0.3815204740239128,4.372027951054517e-06,-5.076009036849812,-0.4833015285964348,7.845473387123546e-05,firing
1765389080.6492357,Right,0.7679582238197327,0.8970206379890442,2.943634740404377e-07,9.250461981299537,0.49866328914499064,4.7715009842655365e-06,533.595062546801,-15.737465673516752,0.00013678178072114335,idle
