time,hand,pos_x,pos_y,pos_z,vel_x,vel_y,vel_z,acc_x,acc_y,acc_z,state
1765389062.842034,Right,0.6390606760978699,0.5646191835403442,-2.7267516244933176e-08,-0.002501732462206658,-0.0027648100565509886,4.0043231544862e-07,-0.08706196733794959,-0.1680257527017554,1.1760652855029178e-05,firing
1765389062.958508,Left,0.415954053401947,0.5779157876968384,1.84557613636116e-08,0.01945109926824101,-0.013165346566925798,7.720109226543983e-08,-0.021488044706162803,-0.06766877035459101,-3.564661980343978e-06,idle
