time,hand,pos_x,pos_y,pos_z,vel_x,vel_y,vel_z,acc_x,acc_y,acc_z,state
1765389028.3957238,Left,0.3980138599872589,0.5497545003890991,-1.350494471807906e-07,-0.14936262426893937,0.18305394613572487,1.7405214433994549e-06,-2.935288471104218,8.024155105935236,7.478231827172217e-05,firing
1765389028.3957238,Right,0.42533642053604126,0.5623059272766113,4.0188623984249716e-07,-0.007869189965951023,-0.040946092824240825,1.037697756848041e-07,0.058913048840582696,-0.1604181804692866,2.2759125986387887e-07,idle
