time,hand,pos_x,pos_y,pos_z,vel_x,vel_y,vel_z,acc_x,acc_y,acc_z,state
1765389263.1189375,Right,0.5859168767929077,0.4600919485092163,2.192936534584078e-07,0.05580416223369748,0.11841833822041155,-1.279776080939e-07,0.6693368551409806,0.9053705494158654,2.5749212958004783e-06,firing
1765389263.2495098,Left,0.38731932640075684,0.6511887311935425,6.52798419764622e-08,0.016214907161708016,-0.02532691381453267,8.26655848653586e-08,0.5308472133389671,-0.11086498490269221,8.074371988421991e-07,idle
