time,hand,pos_x,pos_y,pos_z,vel_x,vel_y,vel_z,acc_x,acc_y,acc_z,state
1765389039.5752394,Left,0.5551288723945618,0.5264345407485962,-1.273990477557163e-07,-0.19360582670220525,0.12394292561025332,1.0209435656457506e-06,-0.13859384843712488,0.17725634576229046,1.1857327138594226e-05,retracting
1765389039.5752394,Right,0.42533642053604126,0.5623059272766113,4.0188623984249716e-07,-0.007869189965951023,-0.040946092824240825,1.037697756848041e-07,0.058913048840582696,-0.1604181804692866,2.2759125986387887e-07,idle
1765389039.6067057,Left,0.5131688714027405,0.5689041614532471,-1.9724072330973286e-07,-0.22293200176832645,0.2256395932849197,-3.7106635295708746e-07,-0.15580893129561885,0.5403107998567654,-7.395699482847561e-06,retracting
1765389039.6067057,Right,0.42533642053604126,0.5623059272766113,4.0188623984249716e-07,-0.007869189965951023,-0.040946092824240825,1.037697756848041e-07,0.058913048840582696,-0.1604181804692866,2.2759125986387887e-07,idle
1765389039.7548535,Left,0.5131688714027405,0.5689041614532471,-1.9724072330973286e-07,-0.22293200176832645,0.2256395932849197,-3.7106635295708746e-07,-0.15580893129561885,0.5403107998567654,-7.395699482847561e-06,idle
1765389039.7548535,Right,0.42533642053604126,0.5623059272766113,4.0188623984249716e-07,-0.007869189965951023,-0.040946092824240825,1.037697756848041e-07,0.058913048840582696,-0.1604181804692866,2.2759125986387887e-07,idle
1765389039.818369,Left,0.44460535049438477,0.5861878395080566,-8.562624742580738e-08,-0.3239273806573701,0.08165649147311271,5.273210059450001e-07,-0.47715123302601015,-0.6802461193783024,4.244418316466311e-06,firing
1765389039.818369,Right,0.42533642053604126,0.5623059272766113,4.0188623984249716e-07,-0.007869189965951023,-0.040946092824240825,1.037697756848041e-07,0.058913048840582696,-0.1604181804692866,2.2759125986387887e-07,idle
