time,hand,pos_x,pos_y,pos_z,vel_x,vel_y,vel_z,acc_x,acc_y,acc_z,state
1765389090.1017237,Right,0.7697799801826477,0.9268808364868164,1.8470390727998165e-07,-0.02443354201100369,-0.022398651708288995,9.770158533303212e-07,-0.3739714027639602,-0.40279544984058047,2.0154142990391284e-05,retracting
1765389090.204114,Left,0.3036857843399048,0.8968093991279602,-8.402519569017386e-08,-0.02764311128497448,-0.08470716441265229,-2.0041974367370042e-07,-0.1794813121967225,-0.9682658229937361,-1.7703194214374936e-06,idle
1765389090.204114,Right,0.7691301703453064,0.930627167224884,2.0947362600054475e-07,-0.006346401028277635,0.03658873085950598,2.4191472539336444e-07,0.176648987957816,0.5761032903338938,-7.1794027823816395e-06,retracting
1765389090.2969413,Left,0.3001830279827118,0.9033104777336121,-5.80733932054045e-08,-0.03796668139683327,0.0704657575311207,2.812938486542005e-07,-0.11189807607084376,1.681932823205581,5.22133560528137e-06,firing
1765389090.2969413,Right,0.7691301703453064,0.930627167224884,2.0947362600054475e-07,-0.006346401028277635,0.03658873085950598,2.4191472539336444e-07,0.176648987957816,0.5761032903338938,-7.1794027823816395e-06,idle
