time,hand,pos_x,pos_y,pos_z,vel_x,vel_y,vel_z,acc_x,acc_y,acc_z,state
1765388838.0311844,Left,0.5975227952003479,0.8747466802597046,1.7697739451705274e-07,0.012136944754523052,-0.011455503134719209,4.496324462147166e-08,-0.12222289267131943,-0.14715081997798787,1.888288845133564e-06,retracting
1765388838.0311844,Right,0.49961450695991516,0.6632300615310669,-5.7760544791563007e-08,-0.11270307652144226,0.5167807978472383,2.0310618006906455e-06,-2.3786825191300927,10.781346626910926,4.258319529789641e-05,firing
1765388838.0896444,Left,0.5931892991065979,0.8807480931282043,1.8274465674039675e-07,-0.07346391069220012,0.10173939227367894,9.77699362704643e-08,-1.4511547867283694,1.9189447751179238,8.952093172178472e-07,idle
