time,hand,pos_x,pos_y,pos_z,vel_x,vel_y,vel_z,acc_x,acc_y,acc_z,state
1765389072.618668,Left,0.3857825696468353,0.3962695002555847,1.6370823630040832e-07,0.09960508169745175,0.12055123267799386,4.506504179197402e-07,-0.3240179120104755,-0.34656158571651335,1.8442076510032783e-05,firing
1765389072.618668,Right,0.691037654876709,0.4458238184452057,-2.1648709491728368e-07,0.12209346790448442,0.149564744891288,-1.1740304987193357e-06,2.875756780940123,2.0018238446013483,-2.4039015446483246e-06,firing
1765389072.720462,Left,0.3999376595020294,0.398792028427124,3.002099049354001e-07,0.13905622372381166,0.024780714595214953,1.3409598078542718e-06,0.3875586017395966,-0.9408267079122434,8.746186917684454e-06,retracting
1765389072.720462,Right,0.6888022422790527,0.45725685358047485,5.6134943804408977e-08,-0.02196015973580354,0.11231540794697334,2.6781738297913137e-06,-1.4151484503663625,-0.3659285942145816,3.7843135749410434e-05,firing
1765389072.8172462,Left,0.4205736517906189,0.4290100634098053,2.446842586323328e-07,0.2132167280054786,0.3122210192589089,-5.737061954455083e-07,0.7662466553118742,2.969912006178592,-1.978285389613364e-05,retracting
1765389072.8172462,Right,0.6882795095443726,0.4624698758125305,1.3589297509497555e-07,-0.005401017879401491,0.053862374427873935,8.240818384748279e-07,0.17109359200298205,-0.6039527624667876,-1.9156986602880957e-05,retracting
1765389072.901956,Left,0.43517184257507324,0.44684264063835144,1.1801942179090474e-07,0.17233161365497793,0.21051353930070166,-1.495278151144104e-06,-0.4826486949323314,-1.2006566019567417,-1.087915513433599e-05,idle
