time,hand,pos_x,pos_y,pos_z,vel_x,vel_y,vel_z,acc_x,acc_y,acc_z,state
1765389089.1620333,Right,0.7711677551269531,0.9205747246742249,8.841743692755699e-08,0.019027417147452083,-0.005555027401302825,-8.804467444591244e-07,0.26199813217323087,-0.4419852322182021,-1.7359950260008835e-05,firing
1765389089.2504272,Left,0.3271982967853546,0.8737643957138062,9.190486593979585e-08,-0.016662688644903553,0.03206663342018311,-4.646114162413257e-07,-0.2194116958097059,0.45820142275000747,-6.229785060858552e-06,idle
