time,hand,pos_x,pos_y,pos_z,vel_x,vel_y,vel_z,acc_x,acc_y,acc_z,state
1765389315.4883943,Right,0.5481873154640198,0.5693390369415283,9.07824926343892e-08,0.042321938342218084,0.014815875906807321,-1.059235579772364e-06,2.438047193038,4.955729698405552,-2.1596968017634324e-05,firing
1765389315.5528615,Left,0.4619446396827698,0.5919052362442017,-2.7311891415138234e-08,0.03568222044992466,-0.051454977847171963,-4.510146496476209e-07,0.8211740081295905,-0.6907011716548374,-1.2809056189426901e-05,idle
