time,hand,pos_x,pos_y,pos_z,vel_x,vel_y,vel_z,acc_x,acc_y,acc_z,state
1765389268.6153939,Left,0.35360315442085266,0.561115562915802,-1.4912454560089827e-07,-0.13048178034002447,0.11692311521576287,-8.175296027609979e-07,-0.25126129348737464,1.9633539058671108,-7.363409882269501e-06,firing
1765389268.6153939,Right,0.6592033505439758,0.5998042821884155,-1.7456936518556176e-07,-0.01189926036018253,0.000660682976672898,-2.3438426311948214e-07,-0.07850659149360642,0.5144439988863192,-3.0457044321640172e-06,idle
