time,hand,pos_x,pos_y,pos_z,vel_x,vel_y,vel_z,acc_x,acc_y,acc_z,state
1765389070.122427,Left,0.3790149688720703,0.5511530041694641,3.84786147833438e-07,-0.05857473348162004,-0.11701919042042297,1.7116839691456982e-06,-0.23316378138387628,0.08734218054148762,1.7391892440760116e-05,firing
1765389070.122427,Right,0.6591292023658752,0.5821387767791748,-4.452529367426905e-08,0.07898941057406701,-0.10269425603866059,-3.8723180328294795e-07,0.7091304238784953,-0.43915655499699163,7.789323446668947e-07,idle
