time,hand,pos_x,pos_y,pos_z,vel_x,vel_y,vel_z,acc_x,acc_y,acc_z,state
1765389023.547783,Left,0.45983558893203735,0.6013267040252686,2.3280840366624034e-07,0.08841910120861508,-0.32116348978145876,1.741489397015419e-06,4.449493764194143,-5.959566001317925,2.013390426721928e-05,retracting
1765389023.547783,Right,0.4433954954147339,0.6562734842300415,1.6374404765429063e-07,-0.1430692759910163,0.3271990333619917,-4.185314549884422e-07,-0.9314372407095849,0.964462446773481,-2.464729777524598e-06,firing
1765389023.6155028,Left,0.45983558893203735,0.6013267040252686,2.3280840366624034e-07,0.08841910120861508,-0.32116348978145876,1.741489397015419e-06,4.449493764194143,-5.959566001317925,2.013390426721928e-05,retracting
1765389023.6155028,Right,0.4433954954147339,0.6562734842300415,1.6374404765429063e-07,-0.1430692759910163,0.3271990333619917,-4.185314549884422e-07,-0.9314372407095849,0.964462446773481,-2.464729777524598e-06,firing
1765389023.676698,Left,0.45983558893203735,0.6013267040252686,2.3280840366624034e-07,0.08841910120861508,-0.32116348978145876,1.741489397015419e-06,4.449493764194143,-5.959566001317925,2.013390426721928e-05,retracting
1765389023.676698,Right,0.4433954954147339,0.6562734842300415,1.6374404765429063e-07,-0.1430692759910163,0.3271990333619917,-4.185314549884422e-07,-0.9314372407095849,0.964462446773481,-2.464729777524598e-06,firing
1765389023.7036092,Left,0.5420458912849426,0.5129410624504089,2.1016033713294746e-07,0.27901536459766246,-0.29997398505293615,-7.686577424435799e-08,0.6468688765084907,0.07191552905490187,-6.171355858772877e-06,idle
