time,hand,pos_x,pos_y,pos_z,vel_x,vel_y,vel_z,acc_x,acc_y,acc_z,state
1765389072.901956,Right,0.6874354481697083,0.46417760848999023,1.979668127205514e-07,-0.009964142876844573,0.020159780916917863,7.327815317473542e-07,-0.05386768166889158,-0.3978590504712287,-1.0777999423253924e-06,retracting
1765389073.0253413,Left,0.43783947825431824,0.4557744562625885,2.1006126615930043e-08,0.021799496554398036,0.0729893836103518,-7.927772935231588e-07,-1.2301246356807927,-1.123825633853711,5.740725821115024e-06,firing
1765389073.0253413,Right,0.6843045949935913,0.4654356837272644,1.7571861121723487e-07,-0.025584836623719225,0.010280791718865378,-1.8180878138140973e-07,-0.12764983695550106,-0.08072953614296828,-7.473887283356149e-06,idle
