time,hand,pos_x,pos_y,pos_z,vel_x,vel_y,vel_z,acc_x,acc_y,acc_z,state
1765389311.322189,Left,0.17506009340286255,0.5186966061592102,3.510047292820673e-07,0.0030599737450150337,0.4671791969024422,-4.140910174661491e-08,0.6987505830056552,1.8388480719472688,1.9889926571150824e-06,retracting
1765389311.322189,Right,0.9083049297332764,0.5622609853744507,1.5881020942742907e-07,0.015959351183629088,0.45205978976121886,-2.3623363991082007e-06,-0.027605684478201012,3.839088605291203,-4.0886522449614185e-05,firing
1765389311.362918,Left,0.18591167032718658,0.5551108717918396,2.88697691530615e-07,0.2664349290811279,0.8940665812010842,-1.5298026545204116e-06,6.466552099854706,10.481214919675999,-3.6544000327657167e-05,retracting
1765389311.362918,Right,0.9083049297332764,0.5622609853744507,1.5881020942742907e-07,0.015959351183629088,0.45205978976121886,-2.3623363991082007e-06,-0.027605684478201012,3.839088605291203,-4.0886522449614185e-05,firing
1765389311.42416,Left,0.20802539587020874,0.6119465231895447,-1.8356168141053786e-07,0.3610869687933102,0.9280486475543859,-7.711351265881966e-06,1.5455386765691521,0.5548807824794008,-0.0001009362554573875,retracting
1765389311.42416,Right,0.9083049297332764,0.5622609853744507,1.5881020942742907e-07,0.015959351183629088,0.45205978976121886,-2.3623363991082007e-06,-0.027605684478201012,3.839088605291203,-4.0886522449614185e-05,firing
1765389311.4856532,Left,0.20802539587020874,0.6119465231895447,-1.8356168141053786e-07,0.3610869687933102,0.9280486475543859,-7.711351265881966e-06,1.5455386765691521,0.5548807824794008,-0.0001009362554573875,idle
