time,hand,pos_x,pos_y,pos_z,vel_x,vel_y,vel_z,acc_x,acc_y,acc_z,state
1765389072.122435,Left,0.3636758327484131,0.46408653259277344,3.612836394495389e-07,0.023251628943345086,-0.3398342360243654,-6.025501420353551e-07,0.09149198411493566,-0.6263270348272144,-2.6698341743764116e-06,firing
1765389072.122435,Right,0.6854663491249084,0.5081971287727356,6.571683286438201e-08,0.07936004591425802,-0.2950835089682314,3.828580176372124e-07,0.7663213010367239,-0.6201289278095223,-4.7210986825067735e-06,firing
1765389072.2256098,Left,0.35667142271995544,0.42956024408340454,4.154551049850852e-07,-0.06788884241564336,-0.33463914166739844,5.2504608842509e-07,-0.8833607788007068,0.05035241236615469,1.0929000799095004e-05,retracting
1765389072.2256098,Right,0.6900211572647095,0.4803895354270935,5.289977522693334e-08,0.0441465663460783,-0.2695195333983445,-1.2422676608676107e-07,-0.3412996034781014,0.24777371711969332,-4.914817783902327e-06,firing
1765389072.3308644,Left,0.3544565737247467,0.38956618309020996,2.550484339280956e-07,-0.021042766212879697,-0.3799742904387614,-1.523986549575318e-06,0.445073696517445,-0.43071872569443626,-1.9467383490827606e-05,retracting
1765389072.3308644,Right,0.6942130327224731,0.44987621903419495,9.217376373271691e-08,0.03982603574421818,-0.28989993657553176,3.7313304887254404e-07,-0.04104835840601696,-0.1936294800726872,4.7253001592929825e-06,retracting
1765389072.4170098,Left,0.3623238801956177,0.36834320425987244,2.6085376703122165e-07,0.09201168623667487,-0.24821227905316667,6.78959806589407e-08,1.322222649513217,1.541015961995738,1.8617781885055146e-05,idle
