time,hand,pos_x,pos_y,pos_z,vel_x,vel_y,vel_z,acc_x,acc_y,acc_z,state
1765388837.2307198,Right,0.49961450695991516,0.6632300615310669,-5.7760544791563007e-08,-0.11270307652144226,0.5167807978472383,2.0310618006906455e-06,-2.3786825191300927,10.781346626910926,4.258319529789641e-05,firing
1765388837.2876532,Left,0.5950893759727478,0.8789708018302917,1.8098903353802598e-07,-0.046186269906889975,0.04588504381281603,3.969573304176921e-08,-0.9256023341010013,0.5974717440178043,2.9013036058087288e-06,idle
