time,hand,pos_x,pos_y,pos_z,vel_x,vel_y,vel_z,acc_x,acc_y,acc_z,state
1765389048.796702,Right,0.6842066645622253,0.6335024237632751,-1.0318901644268408e-07,0.005441080351958086,0.009742255021183628,8.603135784568156e-08,0.2850399314242689,-0.40343672345410736,4.4843935060399145e-06,firing
1765389048.9089937,Left,0.3743410110473633,0.579871416091919,-3.609311605146104e-08,-0.008705878638631055,-0.021732861863568438,8.904923391272912e-08,-0.11935875361114516,-0.3749444704774497,1.6783148377534697e-06,idle
