time,hand,pos_x,pos_y,pos_z,vel_x,vel_y,vel_z,acc_x,acc_y,acc_z,state
1765389297.1244278,Right,0.7021669149398804,0.5579604506492615,2.0147881230059284e-07,-0.02229217612877945,-0.028762999796739023,-1.383613154859371e-06,-0.14896160200424818,0.5106313120885728,-4.365519465173968e-05,firing
1765389297.2103527,Left,0.34433603286743164,0.5241881608963013,2.0121387223070997e-08,0.04586769283364901,0.039247716488976014,-2.5936723081795203e-06,0.8468538497544363,0.6897009056837322,-3.586731445896084e-05,idle
