time,hand,pos_x,pos_y,pos_z,vel_x,vel_y,vel_z,acc_x,acc_y,acc_z,state
1765388806.500258,Right,0.49696916341781616,0.7608368992805481,1.7604243396363017e-07,-0.14949465364278236,-0.40168985857249984,2.6826619186267746e-06,-0.14521898897326815,-5.2852626367110656,3.851685204839981e-05,retracting
1765388806.5928571,Left,0.3320460319519043,0.8747425675392151,1.2762032497448672e-07,0.03966869846391197,0.14990023000813657,2.411975349433015e-06,0.4022489144962485,0.10906581151622101,1.88118899188209e-05,idle
1765388806.5928571,Right,0.49696916341781616,0.7608368992805481,1.7604243396363017e-07,-0.14949465364278236,-0.40168985857249984,2.6826619186267746e-06,-0.14521898897326815,-5.2852626367110656,3.851685204839981e-05,retracting
1765388806.716366,Left,0.3320460319519043,0.8747425675392151,1.2762032497448672e-07,0.03966869846391197,0.14990023000813657,2.411975349433015e-06,0.4022489144962485,0.10906581151622101,1.88118899188209e-05,idle
1765388806.716366,Right,0.49696916341781616,0.7608368992805481,1.7604243396363017e-07,-0.14949465364278236,-0.40168985857249984,2.6826619186267746e-06,-0.14521898897326815,-5.2852626367110656,3.851685204839981e-05,idle
1765388806.8019493,Left,0.3320460319519043,0.8747425675392151,1.2762032497448672e-07,0.03966869846391197,0.14990023000813657,2.411975349433015e-06,0.4022489144962485,0.10906581151622101,1.88118899188209e-05,idle
1765388806.8019493,Right,0.49696916341781616,0.7608368992805481,1.7604243396363017e-07,-0.14949465364278236,-0.40168985857249984,2.6826619186267746e-06,-0.14521898897326815,-5.2852626367110656,3.851685204839981e-05,firing
1765388806.8879433,Left,0.3320460319519043,0.8747425675392151,1.2762032497448672e-07,0.03966869846391197,0.14990023000813657,2.411975349433015e-06,0.4022489144962485,0.10906581151622101,1.88118899188209e-05,idle
