time,hand,pos_x,pos_y,pos_z,vel_x,vel_y,vel_z,acc_x,acc_y,acc_z,state
1765389038.9157772,Left,0.5995770692825317,0.48932725191116333,-6.329358370749105e-08,-0.04373916993947579,-0.049643569985154436,-1.8467438544915105e-07,-3.3551687249242237,1.1519353186860544,-2.1041756667296017e-06,firing
1765389038.9157772,Right,0.42533642053604126,0.5623059272766113,4.0188623984249716e-07,-0.007869189965951023,-0.040946092824240825,1.037697756848041e-07,0.058913048840582696,-0.1604181804692866,2.2759125986387887e-07,idle
