time,hand,pos_x,pos_y,pos_z,vel_x,vel_y,vel_z,acc_x,acc_y,acc_z,state
1765389027.4486027,Left,0.5069709420204163,0.580531120300293,3.4238291846122593e-07,-0.00163662309395868,0.07796825840436658,-8.600078194068607e-08,0.12555253264298852,-0.3155537713903876,-3.661819419513579e-06,firing
1765389027.4486027,Right,0.42533642053604126,0.5623059272766113,4.0188623984249716e-07,-0.007869189965951023,-0.040946092824240825,1.037697756848041e-07,0.058913048840582696,-0.1604181804692866,2.2759125986387887e-07,idle
