time,hand,pos_x,pos_y,pos_z,vel_x,vel_y,vel_z,acc_x,acc_y,acc_z,state
1765389255.9652321,Right,0.7393154501914978,0.6058660745620728,7.351369504249305e-07,0.2004349232288156,0.05789436727606986,1.4459255243051456e-06,0.24764966941159894,1.605699621479534,5.454695889636399e-06,firing
1765389256.055159,Left,0.377864807844162,0.6380005478858948,3.782035378208093e-07,-0.013989237377805152,0.02382503434879424,-1.4877236249705253e-07,-0.35175275239758247,0.2553948767823363,-1.8867354597329245e-06,idle
