time,hand,pos_x,pos_y,pos_z,vel_x,vel_y,vel_z,acc_x,acc_y,acc_z,state
1765389292.117988,Left,0.5007097721099854,0.43714797496795654,-2.1252847659525287e-07,-0.10261540023323933,-0.006217858407386407,-1.172517284871549e-06,-3.5540086569840676,2.154853785375242,-1.3004689181216381e-05,firing
1765389292.117988,Right,0.6643645763397217,0.5777866244316101,-1.285745554469031e-07,-0.017462990219605585,-0.08399193677406969,4.2730727434923734e-07,-0.1987282451589669,-0.6435974853737858,4.551277075407982e-06,idle
