time,hand,pos_x,pos_y,pos_z,vel_x,vel_y,vel_z,acc_x,acc_y,acc_z,state
1765388250.0978303,Left,0.3252464830875397,0.6240453124046326,-9.995621041980485e-08,-0.04571190308988764,-0.023347629079721776,1.3714772586821872e-06,0.6822861829149143,-1.8875169108708525,1.7897478507213746e-05,firing
1765388250.0978303,Right,0.6427762508392334,0.5948994159698486,-5.957510751386508e-08,-0.09314793424032344,-0.13695814460136052,1.8671409094409072e-07,-0.18113864389998918,-0.4010151210242395,4.5607808804284953e-07,idle
