time,hand,pos_x,pos_y,pos_z,vel_x,vel_y,vel_z,acc_x,acc_y,acc_z,state
1765389001.6932044,Right,0.644809365272522,0.6370991468429565,-8.184981226122545e-08,-0.0015014413837283792,-0.0874512259041407,4.135471423777098e-07,0.05147957775171003,-0.3875267433605604,5.9901240771824005e-06,firing
1765389001.7843425,Left,0.47900715470314026,0.46899694204330444,-8.092341374776879e-08,0.004154168160469213,0.022620791668063748,-2.0936255809675126e-07,0.12986470878994624,0.12806441284434944,-2.7082038041500273e-06,idle
