time,hand,pos_x,pos_y,pos_z,vel_x,vel_y,vel_z,acc_x,acc_y,acc_z,state
1765389056.085914,Right,0.5735641121864319,0.5869973301887512,1.4529349812164583e-07,-0.029234913008662735,-0.015814345684404648,3.965688178147668e-07,-0.4350168285482211,0.4091017927143968,6.791433247158287e-06,idle
1765389056.172881,Left,0.42786267399787903,0.6166849732398987,1.5413645826356515e-07,0.2822412036320487,0.1091955579631636,-2.7994164149655295e-08,2.4146138992769917,0.40054528294702724,-1.398793341270349e-05,firing
1765389056.172881,Right,0.5751990079879761,0.5901448726654053,9.61287156542312e-08,0.018685063121438944,0.03597295301519656,-5.618994573769031e-07,0.5476726883285694,0.5918719371454126,-1.0954239533148013e-05,idle
