time,hand,pos_x,pos_y,pos_z,vel_x,vel_y,vel_z,acc_x,acc_y,acc_z,state
1765389438.5986555,Left,0.5633103251457214,0.3797755241394043,-1.6013810011372698e-07,0.3986424948120821,-0.4276761379424511,-9.483959771771204e-07,0.7247690068751149,-0.9971831221532501,-1.1239430479575435e-05,firing
1765389438.5986555,Right,0.6409869194030762,0.5670539140701294,-1.8407276058951538e-07,0.02517076705591656,0.030922201499186258,-3.142698955453186e-07,-0.07674263855263326,1.1609645603364858,-5.9019687783495455e-06,idle
