time,hand,pos_x,pos_y,pos_z,vel_x,vel_y,vel_z,acc_x,acc_y,acc_z,state
1765389024.169427,Right,0.4433954954147339,0.6562734842300415,1.6374404765429063e-07,-0.1430692759910163,0.3271990333619917,-4.185314549884422e-07,-0.9314372407095849,0.964462446773481,-2.464729777524598e-06,retracting
1765389024.2507677,Left,0.47042036056518555,0.5178124904632568,2.3773351642830676e-07,0.30945428295740623,-0.40912545252726046,-1.045692719176601e-06,2.133881642170569,-4.581998813972495,-2.2132740570440767e-05,firing
1765389024.2507677,Right,0.4433954954147339,0.6562734842300415,1.6374404765429063e-07,-0.1430692759910163,0.3271990333619917,-4.185314549884422e-07,-0.9314372407095849,0.964462446773481,-2.464729777524598e-06,retracting
1765389024.3005753,Left,0.47042036056518555,0.5178124904632568,2.3773351642830676e-07,0.30945428295740623,-0.40912545252726046,-1.045692719176601e-06,2.133881642170569,-4.581998813972495,-2.2132740570440767e-05,firing
1765389024.3005753,Right,0.4433954954147339,0.6562734842300415,1.6374404765429063e-07,-0.1430692759910163,0.3271990333619917,-4.185314549884422e-07,-0.9314372407095849,0.964462446773481,-2.464729777524598e-06,retracting
1765389024.364523,Left,0.47042036056518555,0.5178124904632568,2.3773351642830676e-07,0.30945428295740623,-0.40912545252726046,-1.045692719176601e-06,2.133881642170569,-4.581998813972495,-2.2132740570440767e-05,firing
1765389024.364523,Right,0.4433954954147339,0.6562734842300415,1.6374404765429063e-07,-0.1430692759910163,0.3271990333619917,-4.185314549884422e-07,-0.9314372407095849,0.964462446773481,-2.464729777524598e-06,idle
