time,hand,pos_x,pos_y,pos_z,vel_x,vel_y,vel_z,acc_x,acc_y,acc_z,state
1765389074.2527487,Right,0.6357303857803345,0.5787584781646729,4.0202701256930595e-07,-0.11380765946062744,0.3044517270828403,1.7413925022843264e-06,-1.316867530353224,3.817598965083118,6.028480001245074e-05,firing
1765389074.320824,Left,0.6372814774513245,0.5735571980476379,3.5563803635341174e-07,0.17642895441502512,0.12721688260374442,2.3634991167438213e-07,0.11977604938917852,0.20365409961081635,-6.91875017361677e-08,idle
