time,hand,pos_x,pos_y,pos_z,vel_x,vel_y,vel_z,acc_x,acc_y,acc_z,state
1765389088.2122424,Left,0.3239012360572815,0.8648236393928528,1.3451210634229938e-07,-0.1318753031325021,0.7208211220382137,6.788831389613421e-07,-0.07058690598764626,1.1949136577883424,2.2548324971244525e-06,retracting
1765389088.2122424,Right,0.6486017107963562,0.521048367023468,-2.0872775507996266e-07,0.14504594602064996,0.11572190659024492,4.6647407638654516e-07,2.7031597766489974,2.7442446145759014,5.669140177354476e-06,firing
1765389088.3201933,Left,0.3250226080417633,0.87842857837677,1.6796899160453904e-07,0.010290993309090272,0.12485449787545018,3.0703868755541743e-07,1.304680717643077,-5.469272129653061,-3.4124704508370753e-06,retracting
1765389088.3201933,Right,0.7642197608947754,0.9112621545791626,1.6908262523429585e-07,0.18731083020721961,0.632178699114388,6.120841506782749e-07,0.0684726177172105,0.836702837416021,2.3590039685759878e-07,firing
1765389088.4200451,Left,0.3272961974143982,0.8814398050308228,7.448722527669815e-08,0.02276962768230864,0.030156945051324113,-9.362046814560536e-07,0.1249714931296302,-0.9483805854230526,-1.2450880080462189e-05,idle
