time,hand,pos_x,pos_y,pos_z,vel_x,vel_y,vel_z,acc_x,acc_y,acc_z,state
1765389052.4987714,Right,0.6641893982887268,0.608563244342804,-2.036648965031418e-07,-0.012728116059526501,0.07408201394356571,1.561937612255826e-07,-1.5803804070119567,-0.7508353903255263,1.0747847955712565e-06,idle
1765389052.5878482,Left,0.39601457118988037,0.59955233335495,3.334640652497001e-08,0.0023817758563352176,-0.07452677086797473,1.1853996130331513e-07,-0.5445730536593544,-1.1079674744363834,-1.5393773563568137e-06,firing
1765389052.5878482,Right,0.6635861396789551,0.6056586503982544,-1.7388791206940368e-07,-0.006731626205520452,-0.032411706019288326,3.3227462565577777e-07,0.06691347224640369,-1.1883393032659222,1.9648464888673773e-06,idle
