time,hand,pos_x,pos_y,pos_z,vel_x,vel_y,vel_z,acc_x,acc_y,acc_z,state
1765389325.2574003,Left,0.4799773097038269,0.4955764412879944,-1.7293932330630923e-07,-0.09310162054891685,0.11451352524622188,4.7024804710719475e-07,0.6784906060372601,-0.6137564148504322,8.592972364065156e-06,firing
1765389325.2574003,Right,0.6810668706893921,0.5866827368736267,-5.220443100029115e-08,0.011057213400051938,-0.02135812541909077,3.896722180471336e-07,0.5676208146247819,0.4764416700758395,-8.301245374641464e-06,idle
