time,hand,pos_x,pos_y,pos_z,vel_x,vel_y,vel_z,acc_x,acc_y,acc_z,state
1765389023.7036092,Right,0.4433954954147339,0.6562734842300415,1.6374404765429063e-07,-0.1430692759910163,0.3271990333619917,-4.185314549884422e-07,-0.9314372407095849,0.964462446773481,-2.464729777524598e-06,firing
1765389023.736146,Left,0.5317673683166504,0.5163124203681946,2.382310526627407e-07,-0.31590507734357254,0.10361693864540665,8.627388962289889e-07,-18.284571509396933,12.404157908621402,2.887826266613693e-05,firing
1765389023.736146,Right,0.4433954954147339,0.6562734842300415,1.6374404765429063e-07,-0.1430692759910163,0.3271990333619917,-4.185314549884422e-07,-0.9314372407095849,0.964462446773481,-2.464729777524598e-06,retracting
1765389023.8046799,Left,0.5154933929443359,0.5102431774139404,1.189743272789201e-07,-0.2436523942958111,-0.09086812186546253,-1.7855002241848337e-06,1.081760222448939,-2.9118116234128064,-3.964918144428128e-05,firing
1765389023.8046799,Right,0.4433954954147339,0.6562734842300415,1.6374404765429063e-07,-0.1430692759910163,0.3271990333619917,-4.185314549884422e-07,-0.9314372407095849,0.964462446773481,-2.464729777524598e-06,retracting
1765389023.909644,Left,0.5154933929443359,0.5102431774139404,1.189743272789201e-07,-0.2436523942958111,-0.09086812186546253,-1.7855002241848337e-06,1.081760222448939,-2.9118116234128064,-3.964918144428128e-05,firing
1765389023.9101555,Right,0.4433954954147339,0.6562734842300415,1.6374404765429063e-07,-0.1430692759910163,0.3271990333619917,-4.185314549884422e-07,-0.9314372407095849,0.964462446773481,-2.464729777524598e-06,idle
