time,hand,pos_x,pos_y,pos_z,vel_x,vel_y,vel_z,acc_x,acc_y,acc_z,state
1765389314.259135,Left,0.5678724050521851,0.5430729985237122,-1.7227243631623423e-07,1.1810681364548798,0.048346725200404124,-2.4626278034006217e-06,8.446477562348356,-1.3913039558667217,-3.2143636193613285e-06,retracting
1765389314.259135,Right,0.5272418856620789,0.5937638282775879,-3.422605487912733e-08,0.13265288419379156,-0.01789234782553837,1.3211694845901065e-06,-4.663485682152288,-2.177475950454724,2.2271311093373837e-05,firing
1765389314.3027897,Left,0.5678724050521851,0.5430729985237122,-1.7227243631623423e-07,1.1810681364548798,0.048346725200404124,-2.4626278034006217e-06,8.446477562348356,-1.3913039558667217,-3.2143636193613285e-06,idle
