time,hand,pos_x,pos_y,pos_z,vel_x,vel_y,vel_z,acc_x,acc_y,acc_z,state
1765389090.7018397,Right,0.7675002217292786,0.9285753965377808,2.0559203051107033e-07,-0.025117171950640112,-0.008492237759543896,3.036010803710925e-07,-0.48776165707693653,-0.31113540797282824,1.4161935652920141e-06,retracting
1765389090.7956862,Left,0.3082885146141052,0.9051790237426758,2.7889585751950108e-08,0.019339464632122074,-0.05639411635301882,2.343564310128781e-08,-0.22118184325098672,-0.8624924043697245,-1.130815542277472e-05,idle
1765389090.7956862,Right,0.7675002217292786,0.9285753965377808,2.0559203051107033e-07,-0.025117171950640112,-0.008492237759543896,3.036010803710925e-07,-0.48776165707693653,-0.31113540797282824,1.4161935652920141e-06,retracting
1765389090.9210715,Left,0.31062135100364685,0.902660608291626,3.374645984877134e-08,0.01860534432139706,-0.020085414828561868,4.671101655776277e-08,-0.005854916022230606,0.28957705596237315,1.856308223363708e-07,idle
1765389090.9210715,Right,0.7635686993598938,0.9146967530250549,2.187438212786219e-07,-0.017809160107481358,-0.06286800917565945,5.957548386430115e-08,0.033104111017064106,-0.2463134450558781,-1.1053964622852111e-06,idle
1765389091.0062268,Left,0.31698814034461975,0.8958879709243774,5.7274689879704965e-08,0.07476684576122654,-0.07953282358112591,2.762980603797804e-07,0.6595189648962042,-0.6981062201169603,2.696099741159916e-06,idle
1765389091.0062268,Right,0.7709436416625977,0.9300975203514099,2.414560356100992e-07,0.08660584544484792,0.18085517419022473,2.6671537801468936e-07,1.2261722820085756,2.862104065841081,2.432497085661749e-06,firing
1765389091.1154244,Left,0.32407045364379883,0.8955962657928467,1.0776777514820424e-07,0.06485776449319662,-0.0026713507187647377,4.624009832011833e-07,-0.09074448306322806,0.7038750045250147,1.7042764178824421e-06,idle
