time,hand,pos_x,pos_y,pos_z,vel_x,vel_y,vel_z,acc_x,acc_y,acc_z,state
1765389073.4058595,Right,0.6449693441390991,0.46468204259872437,2.8874870849904255e-07,-0.08539307292178248,0.030278798910760525,1.1384434958999601e-06,0.27502407573660925,0.842973165868406,1.5783639961637964e-05,retracting
1765389073.5157638,Left,0.4530000686645508,0.4406781792640686,1.0876872380549685e-07,0.05132194353046564,-0.08550140111514984,3.086167928824732e-07,-0.6830745743935692,-0.07504090777538346,-3.701272152195512e-06,idle
1765389073.5157638,Right,0.6337481737136841,0.4667348861694336,-1.313516548862026e-07,-0.10105640607218774,0.018487643054988942,-3.7833694083442923e-06,-0.14106194766512223,-0.10618962096168633,-4.432520892260169e-05,retracting
1765389073.6241782,Left,0.4530000686645508,0.4406781792640686,1.0876872380549685e-07,0.05132194353046564,-0.08550140111514984,3.086167928824732e-07,-0.6830745743935692,-0.07504090777538346,-3.701272152195512e-06,idle
1765389073.6241782,Right,0.6315480470657349,0.4788185656070709,1.9815979612758383e-07,-0.02029367329121245,0.1114582394116858,3.0393694557630216e-06,0.7449446215700014,0.8575483188254807,6.293202874866846e-05,idle
1765389073.7089891,Left,0.4530000686645508,0.4406781792640686,1.0876872380549685e-07,0.05132194353046564,-0.08550140111514984,3.086167928824732e-07,-0.6830745743935692,-0.07504090777538346,-3.701272152195512e-06,idle
1765389073.7089891,Right,0.651714563369751,0.5107169151306152,2.520915245440847e-07,0.23778192582430713,0.37611111735816916,6.359050840801499e-07,3.0429506039042185,3.1205028198414126,-2.833907345886253e-05,firing
1765389073.8066678,Left,0.4530000686645508,0.4406781792640686,1.0876872380549685e-07,0.05132194353046564,-0.08550140111514984,3.086167928824732e-07,-0.6830745743935692,-0.07504090777538346,-3.701272152195512e-06,idle
