time,hand,pos_x,pos_y,pos_z,vel_x,vel_y,vel_z,acc_x,acc_y,acc_z,state
1765389313.170421,Left,0.3858420252799988,0.5073182582855225,3.5879048709830386e-07,-0.0007594120142719034,0.040858713720362504,4.5887189981360827e-07,0.3855350367490177,0.3758825966876689,1.0503437358887051e-05,retracting
1765389313.170421,Right,0.6304025053977966,0.533904492855072,1.5895140847987932e-07,0.052778048254612984,0.13284624319267765,1.7721415741724753e-07,0.9558605455327295,1.1377481891968064,2.2992166623171326e-06,idle
1765389313.2129867,Left,0.3880006968975067,0.5068015456199646,3.1735729066895146e-07,0.05137471132622548,-0.01229736094009771,-9.86077960453358e-07,1.2407517267290158,-1.2650733760371937,-3.438868670436501e-05,retracting
1765389313.2129867,Right,0.6302268505096436,0.5366615653038025,1.7380307326675393e-07,-0.004180450189233816,0.06561618729324716,3.534581105116821e-07,-1.3555681148511403,-1.60002322088554,4.19446947825825e-06,firing
1765389313.2879698,Left,0.38687658309936523,0.5109291672706604,3.434943778302113e-07,-0.014882859478723103,0.054648215429972946,3.460455658913721e-07,-0.8772262357440492,0.8863351801972003,1.7636832928897524e-05,retracting
1765389313.2879698,Right,0.6285752058029175,0.5334354043006897,1.1453776238568025e-07,-0.02186717761104044,-0.04271320300884788,-7.84651247288441e-07,-0.2341658640721505,-1.43424188542779,-1.5068155618731396e-05,firing
1765389313.3404088,Left,0.38826704025268555,0.5111857056617737,3.3608563398956903e-07,0.026515719839050673,0.004892132123940076,-1.4128315681548229e-07,0.789462032903025,-0.9488378423461633,-9.293254272496534e-06,idle
