time,hand,pos_x,pos_y,pos_z,vel_x,vel_y,vel_z,acc_x,acc_y,acc_z,state
1765389408.8292205,Right,0.33490076661109924,0.8984850645065308,2.028873353765448e-07,-0.0033576612025292304,-0.03262714051953824,6.335877504916044e-08,-1.2534222013962255,-0.7941661837605155,-9.018892933890517e-06,firing
1765389408.9310052,Left,0.5,0.5,0.0,0.0,0.0,0.0,0.0,0.0,0.0,idle
