time,hand,pos_x,pos_y,pos_z,vel_x,vel_y,vel_z,acc_x,acc_y,acc_z,state
1765389460.5199213,Left,0.5343285202980042,0.41649067401885986,-9.74432836642336e-08,-6.639937549943878e-05,0.06526741049364183,2.0575624253360843e-08,0.15336987726361145,-0.04983476373367827,-7.025984870631442e-06,firing
1765389460.5199213,Right,0.6307700872421265,0.627297580242157,-1.7363714732709923e-07,-0.01845671684534835,0.001212510335207143,-7.475944363419433e-08,-0.23374688738418553,0.10069499649032695,-2.107707237428706e-06,idle
