time,hand,pos_x,pos_y,pos_z,vel_x,vel_y,vel_z,acc_x,acc_y,acc_z,state
1765389292.51607,Left,0.49784961342811584,0.7118464112281799,-1.2869995202891005e-07,0.14539249118726366,0.053406989083048334,9.530242028323223e-07,2.448814801588227,-8.2579374890267,1.2645083459077162e-05,firing
1765389292.51607,Right,0.6691373586654663,0.5622336268424988,2.740330273809377e-08,0.039692548067867046,-0.12934553940900861,1.2971801793967255e-06,0.47533048774990555,-0.3771804221885178,7.2342440404813025e-06,idle
