time,hand,pos_x,pos_y,pos_z,vel_x,vel_y,vel_z,acc_x,acc_y,acc_z,state
1765389025.3283722,Left,0.5235550999641418,0.5377690196037292,-1.262578397387415e-08,-0.17793756166555455,-0.2127939272617357,-9.379072394305412e-06,-17.797682075509872,-5.6483762637219534,-0.00017559807792081816,firing
1765389025.3283722,Right,0.42533642053604126,0.5623059272766113,4.0188623984249716e-07,-0.007869189965951023,-0.040946092824240825,1.037697756848041e-07,0.058913048840582696,-0.1604181804692866,2.2759125986387887e-07,idle
