time,hand,pos_x,pos_y,pos_z,vel_x,vel_y,vel_z,acc_x,acc_y,acc_z,state
1765389089.655683,Left,0.3089175820350647,0.8866551518440247,-4.224814347253414e-07,-0.08512593056355211,0.040227623192723785,-1.9221046647081286e-06,-0.16116719786831538,-1.2751494072295613,7.9578233267835e-06,firing
1765389089.655683,Right,0.7725187540054321,0.9199119806289673,-2.5823132077107402e-08,0.0037031295924242363,-0.020818654351756043,-1.5395040425374554e-06,0.15164480146011985,-0.2237507232468099,-7.778812307022693e-06,idle
