time,hand,pos_x,pos_y,pos_z,vel_x,vel_y,vel_z,acc_x,acc_y,acc_z,state
1765389433.3173342,Left,0.40857189893722534,0.5238494277000427,-7.522738343368474e-08,-0.0535739643087108,-0.006476972532544002,1.8138799247617205e-07,0.7086075606654063,-2.8612385276160377,-4.295498169537877e-06,firing
1765389433.3173342,Right,0.6356836557388306,0.5676034688949585,-1.7445130140458787e-07,-0.037628505044718166,0.028700174073992463,-2.636561401104336e-07,-0.3666582129671329,0.2434017478037005,-7.957967866849893e-06,idle
