time,hand,pos_x,pos_y,pos_z,vel_x,vel_y,vel_z,acc_x,acc_y,acc_z,state
1765389005.9732332,Left,0.3575359880924225,0.5287919044494629,-1.331975170160149e-07,0.1603415931803357,-0.0789519546285185,3.027881883090821e-08,1.3802265013444472,-0.8385194218638629,-3.553200982700676e-06,firing
1765389005.9732332,Right,0.6443042755126953,0.6337891221046448,-6.455982770603441e-08,0.007315775773283384,-0.08935398440417851,1.6522670351544346e-07,0.0779119846806832,-0.5770232783426452,1.6188625365223999e-06,idle
