time,hand,pos_x,pos_y,pos_z,vel_x,vel_y,vel_z,acc_x,acc_y,acc_z,state
1765389289.3551843,Left,0.396638423204422,0.6432465314865112,4.281451140286663e-07,-0.06430443554322206,-0.06951572291249218,-2.898876132621794e-07,-0.13132637974030953,-1.8293745006920954,-9.798396950474594e-06,firing
1765389289.3551843,Right,0.6434628367424011,0.6345985531806946,-1.2223645740050415e-07,-0.08203391788196537,0.12709915230404564,1.9157325190339952e-07,0.008056645119672027,1.177370009546142,-7.884991618443722e-07,idle
