time,hand,pos_x,pos_y,pos_z,vel_x,vel_y,vel_z,acc_x,acc_y,acc_z,state
1765389034.7407858,Left,0.4739326536655426,0.5398095846176147,-1.0399094918511764e-07,-0.05214416323597026,0.1490291877837261,-3.272820979872258e-07,0.37993527148837986,0.5896306297140357,-2.2152857500097197e-06,firing
1765389034.7407858,Right,0.42533642053604126,0.5623059272766113,4.0188623984249716e-07,-0.007869189965951023,-0.040946092824240825,1.037697756848041e-07,0.058913048840582696,-0.1604181804692866,2.2759125986387887e-07,idle
