time,hand,pos_x,pos_y,pos_z,vel_x,vel_y,vel_z,acc_x,acc_y,acc_z,state
1765389328.6369085,Left,0.3217892646789551,0.8825220465660095,1.002470781941156e-07,-0.049544204176792034,0.16726226454660958,3.48406048471125e-07,0.7702779326320948,-4.434315316358627,6.523848884297235e-06,firing
1765389328.6369085,Right,0.765437662601471,0.87706059217453,2.2225552243071434e-07,0.1986537336931025,0.5682433226478288,8.473521938284784e-07,0.4713293772735599,0.7162487714137351,2.291341277228045e-06,firing
1765389328.738528,Left,0.3268308639526367,0.883037269115448,1.3875329329948727e-07,0.049870289137304846,0.005096457714258761,3.808942315016292e-07,0.9833842907534781,-1.6041052126318485,3.2136530361203655e-07,retracting
1765389328.738528,Right,0.7712876796722412,0.9090409278869629,2.947293467059353e-07,0.057866963822461204,0.31634179991509837,7.16893663159418e-07,-1.3926289137670633,-2.4917493618319475,-1.2904644521941482e-06,firing
1765389328.838136,Left,0.3237650990486145,0.8853052258491516,1.1062672911066329e-07,-0.030616873299062593,0.022649402722452253,-2.8089154878685197e-07,-0.8038011170661749,0.17529598979888997,-6.60905582147889e-06,retracting
1765389328.838136,Right,0.7719810009002686,0.9172166585922241,2.5802066261348955e-07,0.006923990866427454,0.08164856698627822,-3.665986026388349e-07,-0.5087521702744219,-2.343810827536631,-1.0820511833421054e-05,retracting
1765389328.9338958,Left,0.3134545087814331,0.8899447917938232,5.7130215225242864e-08,-0.10767130756935211,0.048450003236681055,-5.586527493755059e-07,-0.8046631159718071,0.2694301995768212,-2.900601312284433e-06,idle
