time,hand,pos_x,pos_y,pos_z,vel_x,vel_y,vel_z,acc_x,acc_y,acc_z,state
1765389314.8209894,Right,0.5482484698295593,0.582110583782196,3.544147020306809e-08,-0.07859196181591366,-0.352623121982969,1.8893016501553968e-06,-4.807248300202291,-16.654014061277028,0.00010872311510312982,firing
1765389314.8937652,Left,0.4619446396827698,0.5919052362442017,-2.7311891415138234e-08,0.03568222044992466,-0.051454977847171963,-4.510146496476209e-07,0.8211740081295905,-0.6907011716548374,-1.2809056189426901e-05,idle
