time,hand,pos_x,pos_y,pos_z,vel_x,vel_y,vel_z,acc_x,acc_y,acc_z,state
1765389049.7119467,Left,0.40046098828315735,0.5897576212882996,-3.603274478791718e-08,0.11763427017413244,0.16758127559250527,5.419043910440768e-08,0.7040458323760596,1.0597935014908249,9.92676923169312e-07,retracting
1765389049.7119467,Right,0.6388348340988159,0.5678474307060242,-1.4412866278235015e-07,-0.18595600284451042,-0.3632973131744118,-2.1824842612414112e-07,-0.8570244897323265,-1.7513969716032787,-2.4052645242340125e-06,firing
1765389049.8020236,Left,0.4010983407497406,0.588071346282959,-5.618472442847633e-08,0.006997523741715267,-0.018513695331232264,-2.2124956499082736e-07,-1.2146862222362578,-2.043145740430848,-3.024069206803325e-06,retracting
1765389049.8020236,Right,0.6491599678993225,0.5554164052009583,-1.5040130563193088e-07,0.11336014637670537,-0.13648083386558052,-6.886765104800662e-08,3.286206565862037,2.490229162341368,1.6400587978497156e-06,firing
1765389049.908942,Left,0.3862352669239044,0.5884129405021667,-1.3990711522637866e-07,-0.13901333041958042,0.003194907770800628,-7.830498934396071e-07,-1.365629704340613,0.20303910559366742,-5.254480708608425e-06,idle
