time,hand,pos_x,pos_y,pos_z,vel_x,vel_y,vel_z,acc_x,acc_y,acc_z,state
1765389011.6404178,Left,0.36512401700019836,0.5354673266410828,-1.0587675092210702e-07,-0.11151034523957944,-0.12843304554710552,-6.731362549022007e-07,-0.5496180693885359,-1.6186371971354616,-7.431008893603045e-06,firing
1765389011.6404178,Right,0.6298151612281799,0.5599153637886047,-1.7365438509386877e-07,-0.09065045111111705,-0.004225403002411457,-1.2906280916452402e-07,-0.905273757423407,-0.20122564999936407,9.482387102561908e-07,idle
