time,hand,pos_x,pos_y,pos_z,vel_x,vel_y,vel_z,acc_x,acc_y,acc_z,state
1765389297.7915947,Right,0.6973804831504822,0.5563347339630127,-2.740939635259565e-07,-0.038576735546784306,-0.09087348624637982,1.863564897562194e-07,-0.5023871294155812,-0.15133372137637988,-4.761305210106979e-06,firing
1765389297.9252164,Left,0.3427020013332367,0.5214100480079651,-1.6976453309780482e-07,0.00990309418565114,-0.028320423183724356,2.2486114865404319e-07,0.34517899774097466,0.19808454329442968,-7.323173785344205e-06,idle
