time,hand,pos_x,pos_y,pos_z,vel_x,vel_y,vel_z,acc_x,acc_y,acc_z,state
1765389239.8442004,Left,0.5,0.5,0.0,0.0,0.0,0.0,0.0,0.0,0.0,idle
1765389239.8442004,Right,0.5,0.5,0.0,0.0,0.0,0.0,0.0,0.0,0.0,idle
1765389239.8900313,Left,0.3302602767944336,0.8965755701065063,1.0148406914822772e-07,0.0,0.0,0.0,0.0,0.0,0.0,idle
1765389239.8900313,Right,0.7649311423301697,0.9142398238182068,2.5844636297733814e-07,0.0,0.0,0.0,0.0,0.0,0.0,idle
1765389239.9152431,Left,0.3302602767944336,0.8965755701065063,1.0148406914822772e-07,0.0,0.0,0.0,0.0,0.0,0.0,idle
1765389239.9152431,Right,0.7683136463165283,0.919599711894989,2.9537778800659e-07,0.1341634671760634,0.21259432980916537,1.4648461759867144e-06,0.0,0.0,0.0,idle
1765389239.9402337,Left,0.3302602767944336,0.8965755701065063,1.0148406914822772e-07,0.0,0.0,0.0,0.0,0.0,0.0,idle
1765389239.9402337,Right,0.7660201787948608,0.9221888780593872,2.534732743697532e-07,-0.09177335953748401,0.1036057738174741,-1.6768138026392323e-06,-9.040887405139754,-4.361189264727191,-0.00012571387562241906,firing
1765389240.033002,Left,0.3273051679134369,0.8959017395973206,1.1045283088151336e-07,-0.020669352068331828,-0.0047130716970560085,6.273152744874098e-08,0.0,0.0,0.0,idle
