time,hand,pos_x,pos_y,pos_z,vel_x,vel_y,vel_z,acc_x,acc_y,acc_z,state
1765388994.1177974,Right,0.6820577383041382,0.922051191329956,-1.1579327008348628e-07,-0.04884850028233887,-0.011074327092352492,2.801397846013739e-07,-0.9854365584387836,0.8597605901449735,3.92084214693187e-06,firing
1765388994.219282,Left,0.3372194468975067,0.9019959568977356,-1.3108548557738686e-07,-0.01405298103513202,-0.005340727683532285,-2.201769439443947e-08,-0.22113049073859162,-0.02322333667174995,-2.4801708194417065e-07,idle
