time,hand,pos_x,pos_y,pos_z,vel_x,vel_y,vel_z,acc_x,acc_y,acc_z,state
1765388836.8243127,Right,0.49961450695991516,0.6632300615310669,-5.7760544791563007e-08,-0.11270307652144226,0.5167807978472383,2.0310618006906455e-06,-2.3786825191300927,10.781346626910926,4.258319529789641e-05,retracting
1765388836.9010127,Left,0.5971190929412842,0.8771448731422424,1.9007711671292782e-07,0.003620019883643862,0.011934789012445688,1.687110150735643e-07,0.10184937544706099,-0.17023629591390385,1.496085209531853e-06,idle
1765388836.9010127,Right,0.49961450695991516,0.6632300615310669,-5.7760544791563007e-08,-0.11270307652144226,0.5167807978472383,2.0310618006906455e-06,-2.3786825191300927,10.781346626910926,4.258319529789641e-05,retracting
1765388837.029449,Left,0.5965738296508789,0.8779544830322266,1.9471575285479048e-07,-0.004245397725268748,0.006303589560813884,3.611623168391952e-08,-0.06123982049176185,-0.04384428910430291,-1.032377571881843e-06,idle
1765388837.029449,Right,0.49961450695991516,0.6632300615310669,-5.7760544791563007e-08,-0.11270307652144226,0.5167807978472383,2.0310618006906455e-06,-2.3786825191300927,10.781346626910926,4.258319529789641e-05,idle
1765388837.094738,Left,0.5968047380447388,0.8747722506523132,1.958223947440274e-07,0.0035367109501099176,-0.04874069719035064,1.694989264829352e-08,0.11919475298009596,-0.8430864224536644,-2.9356144230060504e-07,idle
1765388837.094738,Right,0.49961450695991516,0.6632300615310669,-5.7760544791563007e-08,-0.11270307652144226,0.5167807978472383,2.0310618006906455e-06,-2.3786825191300927,10.781346626910926,4.258319529789641e-05,firing
1765388837.2296946,Left,0.5977396965026855,0.8763377666473389,1.7871116142487153e-07,0.006927845469208496,0.011600144157131273,-1.2679063889428079e-07,0.02512759333201409,0.44711293938706503,-1.0650870974264517e-06,idle
