time,hand,pos_x,pos_y,pos_z,vel_x,vel_y,vel_z,acc_x,acc_y,acc_z,state
1765389056.786886,Left,0.42786267399787903,0.6166849732398987,1.5413645826356515e-07,0.2822412036320487,0.1091955579631636,-2.7994164149655295e-08,2.4146138992769917,0.40054528294702724,-1.398793341270349e-05,firing
1765389056.786886,Right,0.5772340893745422,0.5905148983001709,1.1053017345830085e-07,0.028162613117144027,0.035688014471882946,-7.59986508023375e-08,0.5223500538863717,0.2007394131692561,-3.958490714508607e-08,idle
