time,hand,pos_x,pos_y,pos_z,vel_x,vel_y,vel_z,acc_x,acc_y,acc_z,state
1765389029.4369717,Left,0.6112308502197266,0.41727930307388306,-5.085899488221912e-07,0.7904270696640975,-0.5638831189869341,-1.5662075418322275e-06,2.6901498631606415,-2.253612412479515,-4.480099624447168e-06,firing
1765389029.4369717,Right,0.42533642053604126,0.5623059272766113,4.0188623984249716e-07,-0.007869189965951023,-0.040946092824240825,1.037697756848041e-07,0.058913048840582696,-0.1604181804692866,2.2759125986387887e-07,idle
