time,hand,pos_x,pos_y,pos_z,vel_x,vel_y,vel_z,acc_x,acc_y,acc_z,state
1765389012.3534746,Left,0.4304295778274536,0.4974927008152008,-4.328428815369989e-08,-0.04761697450848333,0.025289408980616115,-4.1986117180272597e-08,-0.02357353615614357,-1.0107383695484575,-6.536114430676826e-06,retracting
1765389012.3534746,Right,0.6445924043655396,0.5753986835479736,-1.4382374047272606e-07,0.0053286080690845014,-0.022697759920287115,2.5902977386916087e-07,0.20391192858717289,-0.09829121392775747,1.3647793324529996e-06,idle
1765389012.4574983,Left,0.4294034540653229,0.4985215961933136,-3.3196158710779855e-08,-0.009864327182465557,0.00989097126564552,9.69791492571911e-08,0.3629235370739082,-0.14802817488981848,1.335900118218868e-06,retracting
1765389012.4574983,Right,0.6439931988716125,0.5779846906661987,-1.6013318315799552e-07,-0.005760278886197104,0.02485978909345942,-1.5678584274970706e-07,-0.10659962574995464,0.45717996286686474,-3.997316348458732e-06,idle
1765389012.56735,Left,0.43034249544143677,0.49723681807518005,-6.664828333668993e-08,0.008627005821976317,-0.011803301310273226,-3.073258338194905e-07,0.16988052022329092,-0.1993060376002994,-3.7143639583710253e-06,idle
1765389012.56735,Right,0.6476088166236877,0.5791347026824951,-1.5292494026653003e-07,0.03321680619258519,0.010565200439824245,6.622237845177761e-08,0.35808383789207854,-0.13132488373197143,2.0487842938461227e-06,idle
1765389012.65078,Left,0.42653989791870117,0.4779760539531708,-1.1037553093729002e-07,-0.04533290698500675,-0.22961841824770837,-5.212971492082352e-07,-0.6432865149605067,-2.5966966992998,-2.550872575912097e-06,firing
1765389012.65078,Right,0.6457642912864685,0.5840389728546143,-1.5524169327818527e-07,-0.02198962552405315,0.058466567185390464,-2.7619317626085716e-08,-0.6581469690181854,0.5710591747215104,-1.1187397178317814e-06,idle
