time,hand,pos_x,pos_y,pos_z,vel_x,vel_y,vel_z,acc_x,acc_y,acc_z,state
1765389280.5590303,Left,0.4460557997226715,0.5320798754692078,-7.578002936270423e-08,-0.14078697012861435,0.07706009108017342,-7.839396805577278e-08,0.03456394131326251,-1.770277672887978,8.349403470744414e-08,firing
1765389280.5590303,Right,0.6434628367424011,0.6345985531806946,-1.2223645740050415e-07,-0.08203391788196537,0.12709915230404564,1.9157325190339952e-07,0.008056645119672027,1.177370009546142,-7.884991618443722e-07,idle
