time,hand,pos_x,pos_y,pos_z,vel_x,vel_y,vel_z,acc_x,acc_y,acc_z,state
1765388233.5678427,Left,0.4358460307121277,0.4097974896430969,-1.6697471494353522e-07,0.19213599332572762,-0.8830246440471823,-2.080817641573872e-07,0.9932481352960633,-4.680646042023557,1.499129157936126e-06,firing
1765388233.5678427,Right,0.6734341979026794,0.6138969659805298,-2.232408604641023e-07,0.06476831373395188,0.08437848383500557,2.742811464614311e-07,-0.06411401290829397,-0.7628541911222388,8.82379174384682e-06,idle
