time,hand,pos_x,pos_y,pos_z,vel_x,vel_y,vel_z,acc_x,acc_y,acc_z,state
1765388241.9170947,Left,0.37632977962493896,0.5520994663238525,-1.0338084166505723e-07,1.4958406203772354,-0.7082705139893506,-1.965477185506225e-06,44.395892366980405,-25.864339118011657,-8.553577110240246e-05,firing
1765388241.9170947,Right,0.7262374758720398,0.5937129259109497,-2.0473902395679033e-07,0.03451543340277286,0.12092002080743597,7.46453962046587e-07,-1.1031400491487038,-0.23564712515530029,1.2716227494222467e-05,idle
