time,hand,pos_x,pos_y,pos_z,vel_x,vel_y,vel_z,acc_x,acc_y,acc_z,state
1765389298.4036384,Left,0.3409605920314789,0.5261845588684082,1.6732136032260314e-07,-0.10479891536943232,-0.0889912339535785,5.405041321334779e-07,-1.4272027632626965,-2.45666529581585,2.410187688630792e-05,firing
1765389298.4036384,Right,0.6981367468833923,0.5712487697601318,2.219815087300958e-07,0.06506559097887163,0.021047986492154846,1.1594479960820077e-06,0.906580752211512,-0.001283733256763683,5.626423776492327e-06,idle
