time,hand,pos_x,pos_y,pos_z,vel_x,vel_y,vel_z,acc_x,acc_y,acc_z,state
1765389078.5220366,Left,0.4457206726074219,0.4991817772388458,2.038053459330058e-08,0.04119100779660407,0.01425446098997065,-1.159531536071729e-07,0.5681566980092417,-0.4144903603679454,-6.589308669253681e-06,retracting
1765389078.5220366,Right,0.6543843746185303,0.5186747908592224,1.999061538526803e-07,-0.002708104506905306,0.053535480850604104,7.700685708912641e-07,0.8190572370715081,-0.31781228492657254,1.469792731221985e-05,idle
1765389078.5871787,Left,0.4476446509361267,0.5052978992462158,-1.0915108816789143e-08,0.029535073528873534,0.09388885025583217,-4.80420759142662e-07,-0.17893074496160416,1.222470912121687,-5.594957785012861e-06,idle
1765389078.5871787,Right,0.6537767052650452,0.5244414210319519,1.81849173941373e-07,-0.009328358208955223,0.08852378616969102,-2.7719347013064556e-07,-0.10162779744066368,0.5371069698823228,-1.607656433760462e-05,idle
1765389078.6661172,Left,0.4449463188648224,0.5051761865615845,-2.946891264343776e-08,-0.03418271960663501,-0.0015418675171855556,-2.3504129850714487e-07,-0.8071828815538763,-1.2089251364522229,3.1084896441514504e-06,firing
1765389078.6661172,Right,0.6532462239265442,0.5268616080284119,1.9474086343507224e-07,-0.006720186534256339,0.03065915213898252,1.633131117942465e-07,0.03304055938493297,-0.7330345220468535,5.580378017571861e-06,idle
