time,hand,pos_x,pos_y,pos_z,vel_x,vel_y,vel_z,acc_x,acc_y,acc_z,state
1765389294.6551938,Left,0.3509906828403473,0.47260919213294983,1.7265809049149539e-07,-0.31318325235805217,-0.24601783567389623,4.022765793935398e-09,-0.530845925034405,-0.4053274254547364,7.642771485138206e-07,firing
1765389294.6551938,Right,0.6673109531402588,0.5175123810768127,-3.112530748694553e-07,0.1924138274398389,-0.2932443827217383,-1.667298325519377e-06,-0.13846502455512155,-0.748556788732192,-9.461878274632239e-06,idle
