time,hand,pos_x,pos_y,pos_z,vel_x,vel_y,vel_z,acc_x,acc_y,acc_z,state
1765389063.455807,Left,0.4134140908718109,0.5836012959480286,1.5073746695293266e-08,-0.007448611574139913,0.004367753923051995,-2.5014759792553782e-06,-0.3064574973698513,-0.421040863186606,-1.7967309063798818e-05,retracting
1765389063.455807,Right,0.6424317955970764,0.584833025932312,1.464117787008945e-07,0.030082948857529858,0.06650129738727419,-4.3164624355863163e-07,0.5587253893731529,0.4958310883498382,-3.2315145030538324e-06,idle
1765389063.5447865,Left,0.41511213779449463,0.583153486251831,9.612590901042495e-08,0.01919415345890254,-0.005061890760718704,9.161864851141632e-07,0.3011608888907906,-0.10658954396687888,3.863211136012803e-05,retracting
1765389063.5447865,Right,0.6445912718772888,0.5803444981575012,4.4208778859911035e-08,0.024409996307844885,-0.050736814020487415,-1.1552684656131977e-06,-0.06412515481706013,-1.32522032903306,-8.179583138041743e-06,firing
1765389063.64333,Left,0.4160270690917969,0.5765400528907776,1.978333301622115e-07,0.009236482843609197,-0.06676442696499403,1.0267643628610903e-06,-0.10052542094872176,-0.6229040571006875,1.116314059540588e-06,idle
