time,hand,pos_x,pos_y,pos_z,vel_x,vel_y,vel_z,acc_x,acc_y,acc_z,state
1765389310.5510287,Right,0.8743414282798767,0.4206275939941406,2.0740685613418464e-07,0.00884389556776659,0.13868424172268556,-1.0776834332830905e-06,-0.6205931256529783,-2.9419388659691537,-2.2589040924386523e-05,firing
1765389310.654358,Left,0.17411261796951294,0.3412233591079712,6.445068265747977e-07,0.17520409381534596,0.9308077629254586,-4.087961288420383e-06,1.4827331699551576,6.385876235308017,-7.332614342691827e-05,firing
1765389310.654358,Right,0.8701575398445129,0.45009756088256836,2.8718946509798116e-07,-0.0406819857287914,0.28655084639672845,7.757651785924629e-07,-0.48156427381821676,1.4377790407289461,1.8021983889447005e-05,retracting
1765389310.7031987,Left,0.17963674664497375,0.3888665437698364,4.4228423234926595e-07,0.1108161074018098,0.955740276635228,-4.056661608973068e-06,-1.2916473234022707,0.500155640713495,6.278833899513634e-07,firing
1765389310.7031987,Right,0.8739939332008362,0.46125292778015137,2.2632909235653642e-07,0.07695949953128886,0.22378087275927377,-1.2208820609464742e-06,2.359932621301944,-1.2591893760759825,-4.005349765351305e-05,retracting
1765389310.7717242,Left,0.16821853816509247,0.40992891788482666,3.5167133205504797e-07,-0.1679758881690862,0.3098534244797604,-1.3330271936544958e-06,-4.101373096573561,-9.501789868236662,4.006801161207941e-05,firing
1765389310.7717242,Right,0.8762748837471008,0.4722035229206085,1.605012016625551e-07,0.03355558751214448,0.1610967209032335,-9.684092233122371e-07,-0.6385249213372618,-0.9221609590240827,3.714185917598641e-06,retracting
1765389310.8396893,Left,0.1667502522468567,0.41817140579223633,4.5022648009762634e-07,-0.021430044123685512,0.12030141905669964,1.4384399829336635e-06,2.138877629371482,-2.76656459719378,4.0450339504034546e-05,retracting
1765389310.8396893,Right,0.8900418281555176,0.48650676012039185,2.385607729138428e-07,0.20093240863822057,0.2087597521000508,1.139301300526704e-06,2.4429115729202553,0.6956552868420094,3.076262529310155e-05,idle
