time,hand,pos_x,pos_y,pos_z,vel_x,vel_y,vel_z,acc_x,acc_y,acc_z,state
1765389265.6190948,Right,0.6151937246322632,0.49581751227378845,8.330709988513263e-08,0.1484840745063682,0.28874963257641695,-7.886473570866553e-07,1.0604233651931714,3.1817390548756532,-7.8938766772537e-06,firing
1765389265.73163,Left,0.3888132572174072,0.6461193561553955,-9.31947425897306e-08,0.03391010113465602,-0.09242827673986512,-1.0141950566338157e-06,0.13785487048469133,-0.8112699694767269,-5.28493125450651e-06,idle
