time,hand,pos_x,pos_y,pos_z,vel_x,vel_y,vel_z,acc_x,acc_y,acc_z,state
1765389087.608571,Left,0.40004006028175354,0.48767465353012085,-1.6622389864551224e-07,0.05755141964441324,-0.0091378321786067,-4.951308064690206e-07,-0.4000025353725017,1.5501160355558803,-3.6614709273221826e-06,retracting
1765389087.608571,Right,0.6348393559455872,0.5100683569908142,-2.5298808736806677e-07,-0.11143722421061406,-0.14465950508829048,-7.142940151139184e-08,-0.1462145393172774,0.1604721773538304,1.340588668771469e-05,idle
1765389087.702941,Left,0.3909316062927246,0.49844035506248474,-2.1055468835129432e-07,-0.09599696708521058,0.11346323941432329,-4.672166500893808e-07,-1.6182965237158058,1.2921326767960977,2.941963975901239e-07,retracting
1765389087.702941,Right,0.6486017107963562,0.521048367023468,-2.0872775507996266e-07,0.14504594602064996,0.11572190659024492,4.6647407638654516e-07,2.7031597766489974,2.7442446145759014,5.669140177354476e-06,firing
1765389087.8725247,Left,0.3909316062927246,0.49844035506248474,-2.1055468835129432e-07,-0.09599696708521058,0.11346323941432329,-4.672166500893808e-07,-1.6182965237158058,1.2921326767960977,2.941963975901239e-07,idle
