time,hand,pos_x,pos_y,pos_z,vel_x,vel_y,vel_z,acc_x,acc_y,acc_z,state
1765389017.8342636,Left,0.4857223331928253,0.505793035030365,-1.1617885320447385e-07,-0.09547058922782618,0.1352490566913224,-3.049127901130368e-07,-1.3598044466324124,0.7591569082548105,-3.878177915024487e-06,firing
1765389017.8342636,Right,0.6389920711517334,0.5987980961799622,-1.7964840992590325e-07,-0.02062940147815012,0.009263322919470907,-1.3521644410179637e-07,-0.2619286286567873,-0.04975767066533888,-1.7014221043237994e-06,idle
