time,hand,pos_x,pos_y,pos_z,vel_x,vel_y,vel_z,acc_x,acc_y,acc_z,state
1765389090.515516,Left,0.30164778232574463,0.8997800350189209,2.5826432548115008e-08,0.0331766689279954,0.049710108139435626,9.689422274700797e-07,0.484812556488809,1.2058856427692752,1.0715421719259907e-05,retracting
1765389090.515516,Right,0.7679674625396729,0.9274781942367554,1.6149107295859721e-07,0.03176511683282191,0.09890355507833033,-3.584693866308357e-07,0.5079201747389804,1.5597724643238169,-2.9202594086482004e-06,firing
1765389090.6074765,Left,0.3026902675628662,0.9081563353538513,-7.664500856208178e-08,0.011274385935960972,0.09058894968362101,-1.1082196019200951e-06,-0.23687125969538395,0.442101067499711,-2.2464322066232093e-05,retracting
1765389090.6074765,Right,0.7698320150375366,0.9293637871742249,1.7740673285970843e-07,0.020164970889006924,0.02039252138845771,1.7212645873631567e-07,-0.12545455573563138,-0.8490899079730795,5.738347291328648e-06,firing
1765389090.700313,Left,0.30644404888153076,0.9105575084686279,2.5654454560708473e-08,0.040434274561166966,0.025864504282394032,1.1019300881486747e-06,0.3140989958530914,-0.6971865897354749,2.3806874136533765e-05,idle
