time,hand,pos_x,pos_y,pos_z,vel_x,vel_y,vel_z,acc_x,acc_y,acc_z,state
1765389078.8890915,Left,0.44114285707473755,0.5061310529708862,-3.6544094417223505e-09,-0.015021907155012008,0.028449482339095722,1.9063372475114245e-07,-0.21499192848423113,0.029945992191835472,1.5502298174186806e-05,retracting
1765389078.8890915,Right,0.6514882445335388,0.5294371843338013,2.5489825361546536e-07,-0.04229161050536567,0.0619604930340868,1.4472029220883607e-06,-0.8557397280610716,0.7530145817968527,3.088646431511419e-05,idle
1765389078.93399,Left,0.44001996517181396,0.5100517868995667,3.7448934619987995e-08,-0.025009558300321796,0.087324366231587,9.154723415255469e-07,-0.2224495011065189,1.3112881456356362,1.614393477889183e-05,retracting
1765389078.93399,Right,0.6514882445335388,0.5294371843338013,2.5489825361546536e-07,-0.04229161050536567,0.0619604930340868,1.4472029220883607e-06,-0.8557397280610716,0.7530145817968527,3.088646431511419e-05,idle
1765389079.0221636,Left,0.43816089630126953,0.5082249641418457,9.610907625301479e-08,-0.021084182604298767,-0.02071847106890519,6.652798921981652e-07,0.044518704646583876,-1.225341861629366,-2.8374975082501667e-06,retracting
1765389079.0221636,Right,0.5819699168205261,0.5043483972549438,-2.576607016635535e-07,-0.22105915158094885,-0.07977904774612629,-1.629870158225748e-06,-0.5684573012676725,-0.4507131235908918,-9.784688252210196e-06,idle
1765389079.0622773,Left,0.436625212430954,0.5114657878875732,1.1083717055271336e-07,-0.03828328845936677,0.08079097052582779,3.671588231347759e-07,-0.4287590326500315,2.5305437590627875,-7.4319038594990156e-06,idle
1765389079.0622773,Right,0.5917396545410156,0.5132203102111816,-4.8328672619391e-08,0.24355122467295495,0.2211692194307247,5.218468857158419e-06,11.582340219337135,7.502383495966899,0.0001707232478385124,firing
1765389079.1281378,Left,0.43566471338272095,0.5153626799583435,1.7435893084893905e-07,-0.01470574815020314,0.059663477508587366,9.72551727867233e-07,0.3609846052691788,-0.3234730861298401,9.268885383377794e-06,idle
