time,hand,pos_x,pos_y,pos_z,vel_x,vel_y,vel_z,acc_x,acc_y,acc_z,state
1765389240.0340533,Right,0.7660201787948608,0.9221888780593872,2.534732743697532e-07,-0.09177335953748401,0.1036057738174741,-1.6768138026392323e-06,-9.040887405139754,-4.361189264727191,-0.00012571387562241906,firing
1765389240.1193569,Left,0.3244769871234894,0.8950508832931519,-1.9999104594603523e-09,-0.03275064260254722,-0.009853008981250638,-1.3022150332204435e-06,-0.1399026645927287,-0.05952103542761485,-1.5806230329738634e-05,idle
