time,hand,pos_x,pos_y,pos_z,vel_x,vel_y,vel_z,acc_x,acc_y,acc_z,state
1765388837.2887416,Right,0.49961450695991516,0.6632300615310669,-5.7760544791563007e-08,-0.11270307652144226,0.5167807978472383,2.0310618006906455e-06,-2.3786825191300927,10.781346626910926,4.258319529789641e-05,retracting
1765388837.438996,Left,0.5970733165740967,0.8749672770500183,1.732980763335945e-07,0.01311046268884817,-0.02645646861602986,-5.0824106024984494e-08,0.3918502397392716,-0.4780539794933347,-5.981817055804705e-07,idle
1765388837.438996,Right,0.49961450695991516,0.6632300615310669,-5.7760544791563007e-08,-0.11270307652144226,0.5167807978472383,2.0310618006906455e-06,-2.3786825191300927,10.781346626910926,4.258319529789641e-05,idle
1765388837.4942951,Left,0.5979449152946472,0.8754205107688904,1.8212014651908248e-07,0.015742818139929463,0.008186308495932684,1.593442524331679e-07,0.047545610346753565,0.6257179216500641,3.796061384629301e-06,idle
1765388837.4942951,Right,0.49961450695991516,0.6632300615310669,-5.7760544791563007e-08,-0.11270307652144226,0.5167807978472383,2.0310618006906455e-06,-2.3786825191300927,10.781346626910926,4.258319529789641e-05,firing
1765388837.6447,Left,0.5960284471511841,0.8796592354774475,1.8425573955482832e-07,-0.012697533867461962,0.028083613455997573,1.4149342889414093e-08,-0.18843116910037955,0.13182932597308927,-9.61986917237977e-07,idle
