time,hand,pos_x,pos_y,pos_z,vel_x,vel_y,vel_z,acc_x,acc_y,acc_z,state
1765389055.179187,Left,0.42786267399787903,0.6166849732398987,1.5413645826356515e-07,0.2822412036320487,0.1091955579631636,-2.7994164149655295e-08,2.4146138992769917,0.40054528294702724,-1.398793341270349e-05,firing
1765389055.179187,Right,0.5617354512214661,0.5937804579734802,1.693390032642128e-07,-0.06169320512999428,0.0340487786724721,1.8321057783717275e-08,-1.6663467556681577,0.11155075978107053,8.295935499277743e-08,firing
1765389055.2796845,Left,0.42786267399787903,0.6166849732398987,1.5413645826356515e-07,0.2822412036320487,0.1091955579631636,-2.7994164149655295e-08,2.4146138992769917,0.40054528294702724,-1.398793341270349e-05,firing
1765389055.2796845,Right,0.5549488663673401,0.5909621715545654,1.6811493708246417e-07,-0.0675298979637832,-0.028043352937129465,-1.2180067903247192e-08,-0.0580779994627315,-0.6178476217535195,-3.035013854087446e-07,firing
1765389055.3947523,Left,0.42786267399787903,0.6166849732398987,1.5413645826356515e-07,0.2822412036320487,0.1091955579631636,-2.7994164149655295e-08,2.4146138992769917,0.40054528294702724,-1.398793341270349e-05,retracting
1765389055.3947523,Right,0.5627730488777161,0.5923259258270264,1.319614284511772e-07,0.06799632844275831,0.011851753624419585,-3.141933159139659e-07,1.1777953532047651,0.34670980200429613,-2.624656566812913e-06,retracting
1765389055.4942532,Left,0.42786267399787903,0.6166849732398987,1.5413645826356515e-07,0.2822412036320487,0.1091955579631636,-2.7994164149655295e-08,2.4146138992769917,0.40054528294702724,-1.398793341270349e-05,retracting
1765389055.4942532,Right,0.5680474042892456,0.5910983681678772,1.704732000007425e-07,0.05300812053568219,-0.012337151989878684,3.870495006611635e-07,-0.15063390108588742,-0.24310239344624054,7.047603137350227e-06,retracting
1765389055.5773747,Left,0.42786267399787903,0.6166849732398987,1.5413645826356515e-07,0.2822412036320487,0.1091955579631636,-2.7994164149655295e-08,2.4146138992769917,0.40054528294702724,-1.398793341270349e-05,idle
