time,hand,pos_x,pos_y,pos_z,vel_x,vel_y,vel_z,acc_x,acc_y,acc_z,state
1765389077.6302946,Left,0.44413235783576965,0.4785875976085663,3.192543829300121e-08,-0.0687885271568187,0.01908059635475174,2.1555179563085033e-07,0.45065336577397463,-0.35862460069543134,1.2294380720390162e-05,firing
1765389077.6302946,Right,0.6938266158103943,0.479874849319458,1.943612915056292e-07,0.0022484413614917995,0.03222327145585262,-2.1119826537950524e-07,-0.9028012449364118,-0.2724692757902337,-7.103762397655194e-06,idle
