time,hand,pos_x,pos_y,pos_z,vel_x,vel_y,vel_z,acc_x,acc_y,acc_z,state
1765389472.6833463,Right,0.5520562529563904,0.3912660777568817,-1.0465847566365483e-07,-0.05496196644415356,0.1093070765980766,-1.2902334793477265e-06,3.6060056306159294,6.9914578808117405,-2.0636547969504353e-05,firing
1765389472.7802148,Left,0.4197053909301758,0.6437538266181946,-8.569652010237405e-08,-0.013461332580682836,0.05926149414100518,-4.064651815898784e-09,0.30006054492841017,0.3627245046221411,1.7604716508899203e-06,idle
