time,hand,pos_x,pos_y,pos_z,vel_x,vel_y,vel_z,acc_x,acc_y,acc_z,state
1765389087.8740718,Right,0.6486017107963562,0.521048367023468,-2.0872775507996266e-07,0.14504594602064996,0.11572190659024492,4.6647407638654516e-07,2.7031597766489974,2.7442446145759014,5.669140177354476e-06,firing
1765389087.9589794,Left,0.3909316062927246,0.49844035506248474,-2.1055468835129432e-07,-0.09599696708521058,0.11346323941432329,-4.672166500893808e-07,-1.6182965237158058,1.2921326767960977,2.941963975901239e-07,firing
1765389087.9589794,Right,0.6486017107963562,0.521048367023468,-2.0872775507996266e-07,0.14504594602064996,0.11572190659024492,4.6647407638654516e-07,2.7031597766489974,2.7442446145759014,5.669140177354476e-06,retracting
1765389088.0529733,Left,0.3909316062927246,0.49844035506248474,-2.1055468835129432e-07,-0.09599696708521058,0.11346323941432329,-4.672166500893808e-07,-1.6182965237158058,1.2921326767960977,2.941963975901239e-07,firing
1765389088.0529733,Right,0.6486017107963562,0.521048367023468,-2.0872775507996266e-07,0.14504594602064996,0.11572190659024492,4.6647407638654516e-07,2.7031597766489974,2.7442446145759014,5.669140177354476e-06,retracting
1765389088.1704338,Left,0.3909316062927246,0.49844035506248474,-2.1055468835129432e-07,-0.09599696708521058,0.11346323941432329,-4.672166500893808e-07,-1.6182965237158058,1.2921326767960977,2.941963975901239e-07,retracting
1765389088.1704338,Right,0.6486017107963562,0.521048367023468,-2.0872775507996266e-07,0.14504594602064996,0.11572190659024492,4.6647407638654516e-07,2.7031597766489974,2.7442446145759014,5.669140177354476e-06,idle
