time,hand,pos_x,pos_y,pos_z,vel_x,vel_y,vel_z,acc_x,acc_y,acc_z,state
1765389272.2857134,Left,0.36315542459487915,0.5461984276771545,-4.125644892383207e-08,-0.035880407069547066,0.2164802014642755,8.603873553452661e-07,1.2572087028889767,-0.3299703469954211,1.710717405547793e-06,firing
1765389272.2857134,Right,0.6472808122634888,0.6010204553604126,-1.8463978790350666e-07,0.01407216407974788,-0.008540202571751183,-1.1446096800009161e-07,0.2740120457528167,0.29752588815089115,-2.6607893409372274e-06,idle
