time,hand,pos_x,pos_y,pos_z,vel_x,vel_y,vel_z,acc_x,acc_y,acc_z,state
1765389086.7094743,Right,0.6802166104316711,0.5177257657051086,-8.162367493014244e-08,0.11622014830309613,0.04322445257921343,-1.0658470397486148e-06,1.1339082346124782,-1.7840828452252384,-1.9684371899336295e-05,firing
1765389086.8216379,Left,0.3658882975578308,0.5023632049560547,-2.810634498473519e-07,-0.06368446906719065,0.076559575160739,-1.018116827279107e-06,-0.3263777451269136,-0.5316021426667553,-1.0743482766450213e-05,idle
