time,hand,pos_x,pos_y,pos_z,vel_x,vel_y,vel_z,acc_x,acc_y,acc_z,state
1765389068.9266033,Left,0.36047425866127014,0.5577964186668396,3.192241422311781e-07,-0.03797515665219313,-0.06495930943033203,-9.326579489501769e-07,-0.07276653231605791,0.7486574666624841,-2.1370162017173403e-05,firing
1765389068.9266033,Right,0.6691782474517822,0.5801689624786377,7.92949066408255e-08,-0.01788240035360495,0.05348794883128364,-3.4641633430858447e-07,-0.5284483838528625,1.1526122961053156,-5.775818375151535e-07,firing
1765389069.0226188,Left,0.37980273365974426,0.5491244196891785,1.9821166574729432e-07,0.20130587656871557,-0.09031878386364652,-1.260343749636867e-06,2.4921096021598,-0.2641186762288964,-3.4128443838204072e-06,retracting
1765389069.0226188,Right,0.6575565934181213,0.5761043429374695,1.367255606510298e-07,-0.12103941219414081,-0.04233297245218739,5.981396953640412e-07,-1.0743792613958325,-0.9979739505632916,9.837541737593088e-06,firing
1765389069.136824,Left,0.3909752070903778,0.5531478524208069,2.895368140798382e-07,0.09782812920788875,0.03522987989837394,7.996589534515538e-07,-0.9060692336219949,1.0993260334558026,1.8037743554061547e-05,retracting
1765389069.136824,Right,0.6513856053352356,0.5506554245948792,1.22870119412255e-07,-0.054034249735392295,-0.22283517497510497,-1.21320664054809e-07,0.5867089083995539,-1.580508819318728,-6.299720597965226e-06,retracting
1765389069.2320445,Left,0.3853326737880707,0.5652794241905212,4.21414483753324e-07,-0.059257506560102556,0.12740495362858803,1.3849704480454404e-06,-1.649702818450987,0.9680164464448546,6.146902086766412e-06,idle
