time,hand,pos_x,pos_y,pos_z,vel_x,vel_y,vel_z,acc_x,acc_y,acc_z,state
1765389061.6608732,Right,0.6401334404945374,0.577888011932373,2.5257543256884674e-07,-0.012594014254898584,-0.021451038770371463,1.9928101648594897e-07,-0.08605093823131528,0.06049293830250828,-2.694003588369904e-06,firing
1765389061.7605515,Left,0.41505980491638184,0.5742976069450378,2.945071457816084e-07,-0.001961374544606547,-0.008728919834095197,1.2396187779689192e-07,-0.1019687809948779,-0.008253087984694426,1.474975595892566e-06,idle
