time,hand,pos_x,pos_y,pos_z,vel_x,vel_y,vel_z,acc_x,acc_y,acc_z,state
1765389025.7827954,Left,0.5374935269355774,0.5403738617897034,4.5834451611881377e-07,0.3107871490978044,0.07340679434795888,1.7013894629131748e-07,0.40231238573165773,0.6898217628305566,7.891954214025191e-07,firing
1765389025.7827954,Right,0.42533642053604126,0.5623059272766113,4.0188623984249716e-07,-0.007869189965951023,-0.040946092824240825,1.037697756848041e-07,0.058913048840582696,-0.1604181804692866,2.2759125986387887e-07,idle
