time,hand,pos_x,pos_y,pos_z,vel_x,vel_y,vel_z,acc_x,acc_y,acc_z,state
1765388832.7358136,Right,0.49961450695991516,0.6632300615310669,-5.7760544791563007e-08,-0.11270307652144226,0.5167807978472383,2.0310618006906455e-06,-2.3786825191300927,10.781346626910926,4.258319529789641e-05,firing
1765388832.8646593,Left,0.6079886555671692,0.6827023029327393,4.4937394250155194e-07,0.009907865848381273,-0.006895307271780788,1.1552733814455145e-08,-0.001068578435718317,-0.005629826696002854,-8.61884436096719e-08,idle
