time,hand,pos_x,pos_y,pos_z,vel_x,vel_y,vel_z,acc_x,acc_y,acc_z,state
1765388989.4503894,Right,0.6849915981292725,0.8810622692108154,3.5968096767646784e-07,0.00019014323403391032,0.018399598970633674,-3.022494304077346e-08,-0.3705734856992098,-0.29454637265821254,-9.507298464991003e-07,firing
1765388989.5301933,Left,0.3456859588623047,0.8948127627372742,-3.6850231754925744e-09,0.02788068778986657,0.07403406923898835,-1.01196504682381e-06,0.7411041787548366,1.5530874226525997,-6.019738467287899e-06,firing
1765388989.5301933,Right,0.6852709054946899,0.8870334625244141,3.4168425600000774e-07,0.0034107087228548052,0.07291609045147128,-2.1976341871922527e-07,0.039327322388466875,0.6657177577655654,-2.3145130145309093e-06,retracting
1765388989.6239564,Left,0.345876544713974,0.8974551558494568,-3.033931150753233e-08,0.0020326314424404545,0.02818158470876317,-2.8427264702514974e-07,-0.27567404189537176,-0.4890247673361667,7.760966720773003e-06,firing
1765388989.6239564,Right,0.6855490803718567,0.9052907824516296,2.2176028835474426e-07,0.0029667837191148087,0.194717510317313,-1.2790100902187021e-06,-0.004734537809517311,1.2990334465266429,-1.1297051018907934e-05,retracting
1765388989.7478,Left,0.34567922353744507,0.8946775197982788,-5.4728289455852064e-08,-0.0015933085373037784,-0.02242856702821126,-1.9693358546072728e-07,-0.029278363463591715,-0.40866159555326875,7.052363810038992e-07,retracting
1765388989.7478,Right,0.6802121996879578,0.9280873537063599,1.3626581640835411e-08,-0.04309368971850346,0.18407538532028847,-1.6806164327695986e-06,-0.3719243258700674,-0.08593192535686633,-3.2428491735040474e-06,idle
