time,hand,pos_x,pos_y,pos_z,vel_x,vel_y,vel_z,acc_x,acc_y,acc_z,state
1765389011.7539115,Left,0.36512401700019836,0.5354673266410828,-1.0587675092210702e-07,-0.11151034523957944,-0.12843304554710552,-6.731362549022007e-07,-0.5496180693885359,-1.6186371971354616,-7.431008893603045e-06,retracting
1765389011.7539115,Right,0.6385373473167419,0.5519073605537415,-1.911072473603781e-07,0.07685173320000756,-0.07055902291256588,-1.537782731144854e-07,1.47587233847006,-0.5844697198344638,-2.1776951581985646e-07,firing
1765389011.850256,Left,0.36512401700019836,0.5354673266410828,-1.0587675092210702e-07,-0.11151034523957944,-0.12843304554710552,-6.731362549022007e-07,-0.5496180693885359,-1.6186371971354616,-7.431008893603045e-06,retracting
1765389011.850256,Right,0.648982048034668,0.567439079284668,-2.3854678943280305e-07,0.10840996490950215,0.16121027572519536,-4.923950652379875e-07,0.32755623015224034,2.4056315456982134,-3.514646857125681e-06,firing
1765389011.9507976,Left,0.36512401700019836,0.5354673266410828,-1.0587675092210702e-07,-0.11151034523957944,-0.12843304554710552,-6.731362549022007e-07,-0.5496180693885359,-1.6186371971354616,-7.431008893603045e-06,idle
