time,hand,pos_x,pos_y,pos_z,vel_x,vel_y,vel_z,acc_x,acc_y,acc_z,state
1765388803.3019261,Right,0.49696916341781616,0.7608368992805481,1.7604243396363017e-07,-0.14949465364278236,-0.40168985857249984,2.6826619186267746e-06,-0.14521898897326815,-5.2852626367110656,3.851685204839981e-05,retracting
1765388803.3878086,Left,0.4483754634857178,0.7822564840316772,-2.0632511166240874e-07,-0.012090627407769484,0.023503972560748283,-1.1542882599821449e-07,-0.15967739707682527,0.3150531168298639,-1.0755998353981583e-06,idle
1765388803.3878086,Right,0.49696916341781616,0.7608368992805481,1.7604243396363017e-07,-0.14949465364278236,-0.40168985857249984,2.6826619186267746e-06,-0.14521898897326815,-5.2852626367110656,3.851685204839981e-05,retracting
1765388803.4728758,Left,0.44964128732681274,0.7801757454872131,-1.9825691310870752e-07,0.014783026354258029,-0.024300073786353703,9.422511093453411e-08,0.3138461442277828,-0.5582834309536128,2.448460500056454e-06,idle
1765388803.4728758,Right,0.49696916341781616,0.7608368992805481,1.7604243396363017e-07,-0.14949465364278236,-0.40168985857249984,2.6826619186267746e-06,-0.14521898897326815,-5.2852626367110656,3.851685204839981e-05,idle
1765388803.5747886,Left,0.44919145107269287,0.7816752195358276,-1.959733708645217e-07,-0.004435915219767947,0.014786579989890322,2.2518415763944938e-08,-0.1895213972979027,0.3854404370209727,-7.071124604859296e-07,idle
1765388803.5747886,Right,0.49696916341781616,0.7608368992805481,1.7604243396363017e-07,-0.14949465364278236,-0.40168985857249984,2.6826619186267746e-06,-0.14521898897326815,-5.2852626367110656,3.851685204839981e-05,firing
1765388803.689106,Left,0.4494762420654297,0.7830722332000732,-1.9268497908342397e-07,0.0024802740863787377,0.01216673588039867,2.8638942693159034e-08,0.060233804965797895,-0.02281649216739467,5.3304299379797336e-08,idle
