time,hand,pos_x,pos_y,pos_z,vel_x,vel_y,vel_z,acc_x,acc_y,acc_z,state
1765388835.531845,Left,0.5963713526725769,0.8736317753791809,1.8296908876891393e-07,0.0012088822203322476,-0.027253701853619406,-2.2724440996585882e-08,0.2952004099121558,-0.49929806947025596,-1.5880117408917022e-06,firing
1765388835.5324082,Right,0.49961450695991516,0.6632300615310669,-5.7760544791563007e-08,-0.11270307652144226,0.5167807978472383,2.0310618006906455e-06,-2.3786825191300927,10.781346626910926,4.258319529789641e-05,firing
1765388835.606309,Left,0.5991800427436829,0.8714542984962463,1.7077339009574644e-07,0.03771884325251982,-0.029242069133335893,-1.6378013770206942e-07,0.4903045414286077,-0.02670245269266525,-1.8942843742863067e-06,retracting
1765388835.606309,Right,0.49961450695991516,0.6632300615310669,-5.7760544791563007e-08,-0.11270307652144226,0.5167807978472383,2.0310618006906455e-06,-2.3786825191300927,10.781346626910926,4.258319529789641e-05,firing
1765388835.7184985,Left,0.5977180600166321,0.8753663301467896,1.7629781723371707e-07,-0.013031364956849012,0.03486984573601073,4.924191297228344e-08,-0.4523613532332715,0.5714607602993048,1.8987694141871034e-06,retracting
1765388835.7184985,Right,0.49961450695991516,0.6632300615310669,-5.7760544791563007e-08,-0.11270307652144226,0.5167807978472383,2.0310618006906455e-06,-2.3786825191300927,10.781346626910926,4.258319529789641e-05,retracting
1765388835.829967,Left,0.5973695516586304,0.8767518401145935,1.8609713947626005e-07,-0.0031265172725775505,0.01242960389961778,8.791109179285101e-08,0.08885777530469618,-0.20131455126237138,3.4690661708119397e-07,idle
