time,hand,pos_x,pos_y,pos_z,vel_x,vel_y,vel_z,acc_x,acc_y,acc_z,state
1765389019.3211963,Left,0.44011038541793823,0.5023767948150635,-8.997665901233631e-08,-0.10874340949033393,0.18463476423737052,4.621431156754511e-07,0.531813553294456,1.136742906263871,1.2867556595046166e-05,firing
1765389019.3211963,Right,0.6389920711517334,0.5987980961799622,-1.7964840992590325e-07,-0.02062940147815012,0.009263322919470907,-1.3521644410179637e-07,-0.2619286286567873,-0.04975767066533888,-1.7014221043237994e-06,idle
