time,hand,pos_x,pos_y,pos_z,vel_x,vel_y,vel_z,acc_x,acc_y,acc_z,state
1765389468.7865374,Right,0.5728396773338318,0.5213456749916077,-1.836354641682192e-07,0.040026146742812366,0.04882992645718437,-5.253919291384249e-07,1.7560010083978854,0.3110537764415086,1.9129459921223072e-07,firing
1765389468.8837774,Left,0.4460323750972748,0.6749117970466614,-6.95105697445797e-08,-0.03882073332488077,0.027820311509465245,-1.369436304251587e-07,-0.27607904852795273,0.16514946230704464,-4.295451914679774e-06,idle
