time,hand,pos_x,pos_y,pos_z,vel_x,vel_y,vel_z,acc_x,acc_y,acc_z,state
1765389322.9405668,Right,0.6721230745315552,0.5985987782478333,-1.5576405587580666e-07,-0.0115281166273066,0.014002983900994893,2.167220544759317e-07,-0.6513699256171329,-1.0561303178495505,6.950001071770803e-08,firing
1765389323.0739067,Left,0.37926334142684937,0.5825937390327454,-6.16652044982402e-08,-0.009636366227339687,-0.01603611755841315,-5.560604393553451e-08,-0.1333789666158111,-0.10301257663319358,-1.624954295791394e-06,idle
