time,hand,pos_x,pos_y,pos_z,vel_x,vel_y,vel_z,acc_x,acc_y,acc_z,state
1765388998.1985102,Left,0.37345632910728455,0.6446688175201416,-5.261237845388678e-08,0.01197618815628724,-0.21352335839185735,-5.823344136530653e-07,-0.29835481874450104,1.6792777366147305,-9.064795612940115e-06,firing
1765388998.1985102,Right,0.6571447849273682,0.6857138276100159,-1.2010900718451012e-07,0.00974734112321149,-0.16262369991730438,9.88289752986633e-07,0.9597318221592269,-0.39691121382881545,1.5057306743297583e-05,idle
