time,hand,pos_x,pos_y,pos_z,vel_x,vel_y,vel_z,acc_x,acc_y,acc_z,state
1765389449.1575003,Left,0.5190390348434448,0.46299469470977783,-9.215153795594233e-08,-0.08633925915000852,0.1312021457033803,-3.617046189480167e-07,-0.4060231701145987,-1.0468149300681255,-1.0123834518413931e-05,firing
1765389449.1575003,Right,0.6499643325805664,0.6248697638511658,-1.8264742607243534e-07,-0.0010336909505633807,0.0206897121685641,-1.0834149203803479e-09,0.0857928375288411,-0.2904261863440734,1.0293110072282188e-07,idle
