time,hand,pos_x,pos_y,pos_z,vel_x,vel_y,vel_z,acc_x,acc_y,acc_z,state
1765389468.4928722,Left,0.43375805020332336,0.686692476272583,-9.143713697312705e-08,0.1371175059667288,-0.01082263675979909,3.359822320894513e-07,-0.5466730766209749,-2.4804212761680096,7.524123032372968e-06,firing
1765389468.4928722,Right,0.6521570086479187,0.6655385494232178,-1.1591177440095635e-07,0.08403809935731217,-0.07990346035218705,-1.7584778726562585e-07,0.09347264598495911,-0.2245810417136151,1.923291874125628e-06,idle
