time,hand,pos_x,pos_y,pos_z,vel_x,vel_y,vel_z,acc_x,acc_y,acc_z,state
1765389030.1336591,Left,0.4333623945713043,0.5734521746635437,-1.0872935263250838e-07,-0.027109889885866892,0.048663107833800755,-3.204135670140291e-07,0.32057673790051594,0.2734511187903578,-2.350136898205396e-06,firing
1765389030.1336591,Right,0.42533642053604126,0.5623059272766113,4.0188623984249716e-07,-0.007869189965951023,-0.040946092824240825,1.037697756848041e-07,0.058913048840582696,-0.1604181804692866,2.2759125986387887e-07,idle
