time,hand,pos_x,pos_y,pos_z,vel_x,vel_y,vel_z,acc_x,acc_y,acc_z,state
1765389052.777817,Left,0.42786267399787903,0.6166849732398987,1.5413645826356515e-07,0.2822412036320487,0.1091955579631636,-2.7994164149655295e-08,2.4146138992769917,0.40054528294702724,-1.398793341270349e-05,retracting
1765389052.777817,Right,0.6339604258537292,0.6263419985771179,-1.4475500620392268e-07,-0.23535572408811845,0.1963382861270185,4.669298041022452e-07,-1.6731799186062908,1.8429176555606235,6.607428081740425e-06,firing
1765389052.8927088,Left,0.42786267399787903,0.6166849732398987,1.5413645826356515e-07,0.2822412036320487,0.1091955579631636,-2.7994164149655295e-08,2.4146138992769917,0.40054528294702724,-1.398793341270349e-05,retracting
1765389052.8927088,Right,0.6073832511901855,0.6158807277679443,-2.4319291469510063e-08,-0.23132357732350262,-0.09105326723263145,1.0482536508326692e-06,0.035095175679594,-2.5014111942796053,5.059751968052535e-06,firing
1765389052.9876456,Left,0.42786267399787903,0.6166849732398987,1.5413645826356515e-07,0.2822412036320487,0.1091955579631636,-2.7994164149655295e-08,2.4146138992769917,0.40054528294702724,-1.398793341270349e-05,idle
