time,hand,pos_x,pos_y,pos_z,vel_x,vel_y,vel_z,acc_x,acc_y,acc_z,state
1765389420.164501,Right,0.6567343473434448,0.6261087656021118,-1.3315707292349543e-07,-0.07131976225241075,0.019108033784097533,-6.012008369000639e-07,0.2148575857306299,-1.745671389267254,-4.853530124434692e-06,firing
1765389420.2743907,Left,0.3775674104690552,0.6436291933059692,-1.3723293079692667e-07,-0.007826444389381423,0.04271799706859406,3.2545661515339397e-07,0.18224482606983367,-0.5243428275745269,2.2785980449903727e-06,idle
