time,hand,pos_x,pos_y,pos_z,vel_x,vel_y,vel_z,acc_x,acc_y,acc_z,state
1765389310.8935523,Left,0.17372222244739532,0.4185730814933777,4.786728027283971e-07,0.12943883400171743,0.007457351782505157,5.281231455463143e-07,2.80097176407763,-2.0950182045893775,-1.6900581415916874e-05,retracting
1765389310.8935523,Right,0.905843198299408,0.48531782627105713,2.6507549932830443e-07,0.2933619720429536,-0.022073274373887872,4.92261896170655e-07,1.7160106211400836,-4.2855544324566734,-1.2012676997176825e-05,firing
1765389310.9449458,Left,0.18224693834781647,0.42100971937179565,4.353119891220558e-07,0.16587145110410095,0.04741139357951382,-8.437021430336405e-07,0.7088953035952663,0.7774141646194128,-2.669257884204889e-05,retracting
1765389310.9449458,Right,0.9119550585746765,0.4871283173561096,2.935583154339838e-07,0.11892280571534608,0.035228010762664685,5.542103800487819e-07,-3.3941867372636367,1.1149517974270873,1.2053756435515082e-06,firing
1765389311.0084455,Left,0.18719559907913208,0.4191776216030121,4.25553025706904e-07,0.07793204661763105,-0.02885207462725795,-1.5368521567797528e-07,-1.3848792920068134,-1.2010053794761362,1.0866461507321836e-05,idle
