time,hand,pos_x,pos_y,pos_z,vel_x,vel_y,vel_z,acc_x,acc_y,acc_z,state
1765389044.4225955,Left,0.49954846501350403,0.5881438851356506,-8.818455654591162e-08,0.29396564014827486,-0.23414858594499313,-4.416512536132785e-07,1.027255702202665,-0.9134749611991811,-1.0562755094816762e-05,firing
1765389044.4225955,Right,0.42533642053604126,0.5623059272766113,4.0188623984249716e-07,-0.007869189965951023,-0.040946092824240825,1.037697756848041e-07,0.058913048840582696,-0.1604181804692866,2.2759125986387887e-07,idle
