time,hand,pos_x,pos_y,pos_z,vel_x,vel_y,vel_z,acc_x,acc_y,acc_z,state
1765389012.2501068,Left,0.4353516399860382,0.4948785901069641,-3.8944275360108804e-08,-0.045180229808596775,0.12976721615624073,6.336376878912058e-07,0.8915093581084564,-0.8374492609713382,2.124412439348662e-06,firing
1765389012.2501068,Right,0.6440415978431702,0.5777449011802673,-1.7059907975180977e-07,-0.015749320500361187,-0.012537612838515547,1.1795552930772882e-07,0.2987084364212431,-0.09954015710987929,1.8524609120657468e-06,idle
