time,hand,pos_x,pos_y,pos_z,vel_x,vel_y,vel_z,acc_x,acc_y,acc_z,state
1765389053.7901049,Left,0.42786267399787903,0.6166849732398987,1.5413645826356515e-07,0.2822412036320487,0.1091955579631636,-2.7994164149655295e-08,2.4146138992769917,0.40054528294702724,-1.398793341270349e-05,retracting
1765389053.7901049,Right,0.5684918165206909,0.5825533866882324,1.793947603800916e-07,0.004271114877570567,-0.14097813169124615,-4.885543348635933e-07,0.6139577419058588,0.2550224057898313,-9.881826808168057e-06,idle
1765389053.8838234,Left,0.42786267399787903,0.6166849732398987,1.5413645826356515e-07,0.2822412036320487,0.1091955579631636,-2.7994164149655295e-08,2.4146138992769917,0.40054528294702724,-1.398793341270349e-05,retracting
1765389053.8838234,Right,0.5663787722587585,0.5801385641098022,1.6777364919562388e-07,-0.022546707573953658,-0.025766757232550803,-1.2400014532633678e-07,-0.2861528324218688,1.2293340068219611,3.889883829901174e-06,firing
1765389053.9778006,Left,0.42786267399787903,0.6166849732398987,1.5413645826356515e-07,0.2822412036320487,0.1091955579631636,-2.7994164149655295e-08,2.4146138992769917,0.40054528294702724,-1.398793341270349e-05,idle
