time,hand,pos_x,pos_y,pos_z,vel_x,vel_y,vel_z,acc_x,acc_y,acc_z,state
1765389316.407492,Left,0.4325103163719177,0.5762404799461365,-1.8668269774479995e-07,-0.00627347852541633,0.05337313659872224,-1.1281350405086508e-07,0.5623750858842134,0.059893718391228805,4.045432357179658e-05,retracting
1765389316.407492,Right,0.5777361392974854,0.5683385133743286,-1.882525566543336e-07,-0.023952229467864183,0.009088008095131017,-7.311972065471208e-07,-0.48754158749398446,-0.7522653321905302,1.3114266926145394e-05,idle
1765389316.445009,Left,0.435691237449646,0.5700780153274536,-1.5568329558846017e-07,0.08478596575960548,-0.16425761639065062,8.26274587005075e-07,2.4271469604497016,-5.800846082095212,2.5030954490196197e-05,retracting
1765389316.445009,Right,0.5767340064048767,0.5720931887626648,-2.4286296707032307e-07,-0.0267113842321331,0.10007911895168978,-1.4556149852529028e-06,-0.07354398164943739,2.425325564827386,-1.9309017570741724e-05,firing
1765389316.5103676,Left,0.4373774528503418,0.5638502836227417,-1.5878920578416e-07,0.02579942655781479,-0.09528551730175754,-4.752103554270758e-08,-0.9025056261544627,1.0552866521370592,-1.3369244511204939e-05,retracting
1765389316.5103676,Right,0.579246461391449,0.5763099193572998,-2.945834012280102e-07,0.038441054374867764,0.0645168056497917,-7.913327929746902e-07,0.9968450971389836,-0.5441103727790215,1.0163647910150787e-05,firing
1765389316.5752578,Left,0.4359346032142639,0.5594438910484314,-1.5118502005861956e-07,-0.022235265588659986,-0.06790541905948143,1.1718552298526723e-07,-0.7402463227212789,0.421945392671361,2.538236820725795e-06,idle
