time,hand,pos_x,pos_y,pos_z,vel_x,vel_y,vel_z,acc_x,acc_y,acc_z,state
1765389041.4753094,Left,0.4370339810848236,0.6043717861175537,-3.960026617733092e-08,0.21422196914794492,-0.22699865410497982,-6.98333485598692e-07,2.8367850244084383,-3.6681690044442345,-3.7229912814455175e-06,firing
1765389041.4753094,Right,0.42533642053604126,0.5623059272766113,4.0188623984249716e-07,-0.007869189965951023,-0.040946092824240825,1.037697756848041e-07,0.058913048840582696,-0.1604181804692866,2.2759125986387887e-07,idle
