time,hand,pos_x,pos_y,pos_z,vel_x,vel_y,vel_z,acc_x,acc_y,acc_z,state
1765389466.7856858,Left,0.5972171425819397,0.46535634994506836,-1.54107624439348e-07,-0.029819124622871472,0.13445893944581494,4.360051849107771e-07,-5.843387913905194,5.958645745474698,9.515182010230046e-06,firing
1765389466.7856858,Right,0.6338778138160706,0.6814032793045044,-5.001424696615686e-08,0.0032262595580682825,0.017890743195591804,1.8665851200839188e-07,-0.29655863236497493,0.5142700909499379,1.4451712855338985e-06,idle
