time,hand,pos_x,pos_y,pos_z,vel_x,vel_y,vel_z,acc_x,acc_y,acc_z,state
1765389083.0551739,Right,0.7007047533988953,0.6784742474555969,2.1606949474062276e-07,3.011641174138684,-0.37104959723751013,-1.1391918436927747e-06,32.55143921675545,0.29262093726542704,-1.2299620880314311e-05,firing
1765389083.1257527,Left,0.35738348960876465,0.6658434271812439,2.9118029942765133e-07,0.0039077946449515765,-0.4402860158841862,-2.573508087533524e-07,-0.954116933447317,-1.1877003071629437,-5.220815046739713e-06,firing
1765389083.1257527,Right,0.6919618844985962,0.6480189561843872,3.0830577202323184e-07,-0.12288545960256024,-0.42806457558392813,1.2964276892582567e-06,-44.05736268224066,-0.8013744570835241,3.42338686690615e-05,retracting
1765389083.2241752,Left,0.36573082208633423,0.6261875629425049,2.39172862848136e-07,0.08436059553899942,-0.4007738199937834,-5.256024405514146e-07,0.8130796532233668,0.3993218654372449,-2.7110298378077616e-06,firing
1765389083.2241752,Right,0.6837950944900513,0.6092939972877502,2.6999836677532585e-07,-0.08253598028042089,-0.39136581698669215,-3.8714589708161095e-07,0.4077836979000151,0.3708884412025022,-1.7014689514165985e-05,retracting
1765389083.3298452,Left,0.3866519331932068,0.579529345035553,2.7606745334196603e-07,0.1979853884822613,-0.44154659621129394,3.4914922990946386e-07,1.0752798289330954,-0.38585015383204707,8.278147772219038e-06,retracting
1765389083.3298452,Right,0.6723419427871704,0.5711464285850525,9.632671549297811e-08,-0.10838605452920949,-0.36100669656958745,-1.6435288341925677e-06,-0.24463026682939773,0.2873012919369149,-1.188968705417776e-05,idle
