time,hand,pos_x,pos_y,pos_z,vel_x,vel_y,vel_z,acc_x,acc_y,acc_z,state
1765389091.1159382,Right,0.7713821530342102,0.9277056455612183,2.020374267885927e-07,0.004015759550051528,-0.021904093378281603,-3.609841501774641e-07,-0.7563359758538892,-1.856810376673893,-5.748289640998546e-06,firing
1765389091.198442,Left,0.32470259070396423,0.8930503129959106,1.8297784620813218e-08,0.007614495650500716,-0.03066763162656052,-1.077723324025486e-06,-0.6895318263876176,-0.3372331297058064,-1.855178343054169e-05,idle
