time,hand,pos_x,pos_y,pos_z,vel_x,vel_y,vel_z,acc_x,acc_y,acc_z,state
1765389080.0795178,Right,0.6863807439804077,0.6933637261390686,4.363039920463052e-07,0.09028901915793114,0.34868993173972035,-1.3651704678545478e-07,0.3381052362762612,1.2301317377756,-2.9372558966710414e-06,retracting
1765389080.1349182,Left,0.4249262511730194,0.6847571730613708,1.1572362978995443e-07,-0.07396300074463369,0.4515234860908453,-1.340109724142799e-07,1.6326233837478998,-2.78936209205586,-1.1826329497721412e-06,firing
1765389080.1349182,Right,0.7122752070426941,0.7209911942481995,2.894202282277547e-07,0.4674803834217855,0.4987668349624885,-2.6517359353296474e-06,6.809547012630112,2.7093826233267024,-4.540798886534381e-05,retracting
1765389080.1999602,Left,0.4315246045589447,0.7151016592979431,2.6562170774013794e-07,0.10060964526425233,0.4626833116425159,2.2855993861332657e-06,2.6618295445133913,0.17016155763337762,3.689346805377894e-05,firing
1765389080.1999602,Right,0.7267722487449646,0.7474598288536072,3.184730132943514e-07,0.22104639411366958,0.403585528468289,4.429878529579494e-07,-3.757549011883858,-1.4512950310597252,4.7187388173935473e-05,idle
