time,hand,pos_x,pos_y,pos_z,vel_x,vel_y,vel_z,acc_x,acc_y,acc_z,state
1765389297.9252164,Right,0.6966882348060608,0.5527746081352234,-2.525613638226787e-07,-0.005141923098719256,-0.026444112688427973,1.5994111460433125e-07,0.24834907271862078,0.4785723025607993,-1.9620968218906738e-07,retracting
1765389298.0291338,Left,0.34122517704963684,0.5226374864578247,-1.7431975152248924e-07,-0.014211526151685973,0.011811678493831749,-4.383500900408063e-08,-0.2320557437792654,0.38619246639313975,-2.5856715073156334e-06,idle
1765389298.0291338,Right,0.6965598464012146,0.5516726970672607,-2.518119686101272e-07,-0.001235485625004302,-0.010603724581919466,7.211453508309872e-09,0.03759176967370912,0.1524325489013265,-1.4697222932395578e-06,retracting
1765389298.0974517,Left,0.34320324659347534,0.5244006514549255,-1.6728749585581681e-07,0.02895390268927153,0.02580824719242286,1.0293432144139799e-07,0.6318319950351546,0.20487413566678817,2.1483293773592817e-06,idle
1765389298.0974517,Right,0.6981297135353088,0.5539841651916504,-2.6176425649282464e-07,0.022978858542781963,0.03383400919922107,-1.456761597633515e-07,0.3544363578633888,0.6504553005422267,-2.237885463052293e-06,idle
1765389298.1935146,Left,0.3472960591316223,0.5178844332695007,3.186335959526332e-07,0.04260554903367195,-0.06783282909383322,5.058363829415361e-06,0.14211153877573807,-0.9747892018250632,5.158525901615773e-05,idle
1765389298.1935146,Right,0.6944284439086914,0.5668119788169861,4.018956900608828e-08,-0.038529647545276074,0.13353556687853826,3.1432928819220643e-06,-0.6402940881600085,1.0378778810042535,3.423766186936095e-05,idle
1765389298.2916644,Left,0.3526953458786011,0.536149263381958,1.0679895012799534e-07,0.0550106881725654,0.1860914081667355,-2.158279452767658e-06,0.12638988682881283,2.587109685036443,-7.352684379486814e-05,firing
1765389298.2916644,Right,0.690851092338562,0.5688919425010681,9.215347773761096e-08,-0.03644788301309301,0.021191731241042584,5.294348148960587e-07,0.021210079200314678,-1.1446163169278565,-2.6631319615127272e-05,idle
