time,hand,pos_x,pos_y,pos_z,vel_x,vel_y,vel_z,acc_x,acc_y,acc_z,state
1765388838.6198134,Right,0.49961450695991516,0.6632300615310669,-5.7760544791563007e-08,-0.11270307652144226,0.5167807978472383,2.0310618006906455e-06,-2.3786825191300927,10.781346626910926,4.258319529789641e-05,firing
1765388838.694829,Left,0.5946890711784363,0.8824770450592041,1.8510991139919497e-07,-0.04205091326132528,0.04427883847072205,-9.562898675292514e-08,-0.5185417077894722,0.330969919207349,-2.3159632877643408e-06,idle
