time,hand,pos_x,pos_y,pos_z,vel_x,vel_y,vel_z,acc_x,acc_y,acc_z,state
1765389021.677086,Left,0.42357292771339417,0.505661129951477,-1.2657002912419557e-07,0.1329850959965864,-0.251610035301934,-1.0073864383124542e-06,0.8187471720011426,-1.7135793131759418,2.7154814847601873e-06,firing
1765389021.677086,Right,0.3913959264755249,0.5305476188659668,6.620683024038954e-08,-0.03104424743206267,-0.008557422038468623,3.08259683048489e-08,-0.0013058404248696928,-0.002234411269292748,2.081882874916913e-08,idle
