time,hand,pos_x,pos_y,pos_z,vel_x,vel_y,vel_z,acc_x,acc_y,acc_z,state
1765389316.1028624,Right,0.5740018486976624,0.5584375262260437,2.2247820652410155e-07,-0.02431887461808107,0.0039668587541619935,-2.798121197441889e-07,-0.6470657255809776,0.2444144898178982,-4.756456338401043e-06,firing
1765389316.158282,Left,0.441328227519989,0.5549993515014648,2.1908216751853615e-07,0.06336765965790181,-0.1702030169088406,1.0664823774137798e-06,1.343249748714304,-3.8130546672381307,3.331166850432247e-05,firing
1765389316.158282,Right,0.5742984414100647,0.5518636703491211,9.454640093053968e-08,0.005302394175891156,-0.11752539309751035,-2.2871258548333153e-06,0.5295600214296554,-2.172001474400078,-3.588614356675204e-05,retracting
1765389316.210116,Left,0.4375697076320648,0.5617722272872925,1.7471322166784375e-07,-0.07180868024397244,0.12939968023030707,-8.476941829125577e-07,-2.5826215792422587,5.724081532259458,-3.6571442123430185e-05,firing
1765389316.210116,Right,0.574084460735321,0.5566256642341614,4.487289828603025e-08,-0.004088223638359608,0.09098062705834659,-9.490407858311802e-07,-0.17941314454220203,3.98362721943303,2.5564883444657213e-05,retracting
1765389316.2711043,Left,0.4359726309776306,0.5692386627197266,1.621531531270648e-08,-0.026186552985879814,0.12242380885365357,-2.5988194188401185e-06,0.7480456554515448,-0.11438024901324162,-2.8712418811089398e-05,firing
1765389316.2711043,Right,0.5787431001663208,0.563612163066864,-2.7739806895965557e-08,0.07638563118637708,0.11455450266610373,-1.1905981133823777e-06,1.3194938749464917,0.38653031523009107,-3.960707671409743e-06,retracting
1765389316.3353932,Left,0.4329626262187958,0.5723923444747925,-1.7854898715086165e-07,-0.04682000912303864,0.04905487544827126,-3.029518937277825e-06,-0.3209491950954759,-1.1412387709039176,-6.699443023587676e-06,firing
1765389316.3353932,Right,0.5794630646705627,0.5676832795143127,-1.3553416522427142e-07,0.01119890078510052,0.06332538466958654,-1.6767192229613034e-06,-1.0139662746813272,-0.7968584650645624,-7.561514551956174e-06,idle
