time,hand,pos_x,pos_y,pos_z,vel_x,vel_y,vel_z,acc_x,acc_y,acc_z,state
1765389274.974311,Right,0.649988055229187,0.6076638698577881,-1.799474915742394e-07,0.20774545951112933,0.021913150348217943,8.657853427226958e-09,2.7748229734698535,1.2039057798507191,8.291514411053258e-06,firing
1765389275.1054306,Left,0.37763768434524536,0.5526732206344604,-7.981890348673915e-08,-0.0014127894746469598,-0.07349477756640083,-3.489574783132011e-07,0.04612083561450902,-0.8047193391105905,-3.140048112152273e-06,idle
