time,hand,pos_x,pos_y,pos_z,vel_x,vel_y,vel_z,acc_x,acc_y,acc_z,state
1765389022.4357278,Left,0.4531257152557373,0.629401445388794,2.637234501889907e-07,-0.42902335150167104,0.5931603478869367,-3.387192927106652e-08,-3.062186375075735,2.832619900144395,-3.5441652621458263e-06,firing
1765389022.4357278,Right,0.4433954954147339,0.6562734842300415,1.6374404765429063e-07,-0.1430692759910163,0.3271990333619917,-4.185314549884422e-07,-0.9314372407095849,0.964462446773481,-2.464729777524598e-06,firing
1765389022.5200481,Left,0.406549870967865,0.5994317531585693,2.2366505447735108e-07,-0.21117786317718215,-0.13588450541313313,-1.8162733361105744e-07,0.9877254063891262,-3.3055360913837366,-6.699324733341347e-07,retracting
1765389022.5200481,Right,0.4433954954147339,0.6562734842300415,1.6374404765429063e-07,-0.1430692759910163,0.3271990333619917,-4.185314549884422e-07,-0.9314372407095849,0.964462446773481,-2.464729777524598e-06,firing
1765389022.6673205,Left,0.406549870967865,0.5994317531585693,2.2366505447735108e-07,-0.21117786317718215,-0.13588450541313313,-1.8162733361105744e-07,0.9877254063891262,-3.3055360913837366,-6.699324733341347e-07,retracting
1765389022.6673205,Right,0.4433954954147339,0.6562734842300415,1.6374404765429063e-07,-0.1430692759910163,0.3271990333619917,-4.185314549884422e-07,-0.9314372407095849,0.964462446773481,-2.464729777524598e-06,retracting
1765389022.7449512,Left,0.406549870967865,0.5994317531585693,2.2366505447735108e-07,-0.21117786317718215,-0.13588450541313313,-1.8162733361105744e-07,0.9877254063891262,-3.3055360913837366,-6.699324733341347e-07,idle
