time,hand,pos_x,pos_y,pos_z,vel_x,vel_y,vel_z,acc_x,acc_y,acc_z,state
1765389026.125069,Left,0.5274028182029724,0.5303632616996765,2.7791634238383267e-07,-0.19471703495139378,-0.19317120524109882,-3.4816621847235505e-06,-9.754545342839672,-5.144066590241872,-7.046758630201733e-05,firing
1765389026.125069,Right,0.42533642053604126,0.5623059272766113,4.0188623984249716e-07,-0.007869189965951023,-0.040946092824240825,1.037697756848041e-07,0.058913048840582696,-0.1604181804692866,2.2759125986387887e-07,idle
