time,hand,pos_x,pos_y,pos_z,vel_x,vel_y,vel_z,acc_x,acc_y,acc_z,state
1765389000.1875308,Right,0.6477939486503601,0.6626906991004944,-6.443904254638255e-08,-0.005248279315507366,-0.020208781494785572,3.150131379259916e-08,-0.19521489411200246,-1.1692435333760007,-3.635634500274309e-07,firing
1765389000.2971325,Left,0.4123463034629822,0.5899523496627808,-9.012421742227161e-08,-0.01213108588400368,0.005228865232787959,-3.32218977301932e-08,-0.08603389970568204,0.012169402919539924,-1.3470623619579743e-06,idle
