time,hand,pos_x,pos_y,pos_z,vel_x,vel_y,vel_z,acc_x,acc_y,acc_z,state
1765389474.2605479,Left,0.3345646858215332,0.8858364224433899,1.2501699586664472e-07,-0.025360675159904318,0.04771697372795145,2.5854557349988915e-08,0.8546775925905339,-4.744528946849269,1.8309207334474429e-06,firing
1765389474.2605479,Right,0.6466534733772278,0.5954679250717163,-1.7347079506180307e-07,0.07352691499257509,0.3524224808518677,8.007857878247094e-07,-0.16443403885763452,1.2595901876963622,6.08785931515823e-06,idle
