time,hand,pos_x,pos_y,pos_z,vel_x,vel_y,vel_z,acc_x,acc_y,acc_z,state
1765389312.733563,Left,0.3842622935771942,0.5169841647148132,2.8485274583545106e-07,0.02292417305556308,-0.008846476850973912,1.1887852761228286e-06,0.05309475908391458,1.755360696196695,2.718707781690257e-06,retracting
1765389312.733563,Right,0.6469399333000183,0.4790264964103699,1.5316565793455084e-07,-0.26418605911196597,-0.18556131986021185,6.101821446978751e-07,-4.021772105046786,-0.04416175543200132,2.108705680189155e-05,firing
1765389312.8090234,Left,0.3777357339859009,0.5198214650154114,3.3813145705607894e-07,-0.08648982319338776,0.03759984076030635,7.060483014038509e-07,-1.4499518556573046,0.6155055725749541,-6.397219700261946e-06,retracting
1765389312.8090234,Right,0.6442523002624512,0.484422892332077,1.2910474822547258e-07,-0.035616453504537064,0.07151291926800293,-3.1885464271044214e-07,3.0289993525442376,3.4067421248149405,-1.2311574936095136e-05,firing
1765389312.8719292,Left,0.3717505633831024,0.5012466907501221,5.000006240152288e-07,-0.09514498988046056,-0.2952792538071451,2.5731998758875637e-06,-0.13758935233528735,-5.291708488514663,2.9681713262521832e-05,retracting
1765389312.8719292,Right,0.6294208765029907,0.48717814683914185,1.1078141071152459e-08,-0.23577200336559964,0.043799697550844056,-1.8762439851041649e-06,-3.181830398810117,-0.44055121813924164,-2.4757488642463257e-05,firing
1765389312.9375813,Left,0.387022465467453,0.49826881289482117,2.9087732400512323e-07,0.23261852450384035,-0.04535843335209631,-3.185323820113616e-06,4.992427575894289,3.806743402095012,-8.771266853896658e-05,idle
