time,hand,pos_x,pos_y,pos_z,vel_x,vel_y,vel_z,acc_x,acc_y,acc_z,state
1765389086.6204555,Right,0.6698843240737915,0.5138829946517944,1.3133017340294373e-08,0.015412631236265972,0.20183425571742492,6.841470035262681e-07,0.20470193826633992,2.108595918190225,1.8007636768389814e-06,firing
1765389086.7083116,Left,0.3658882975578308,0.5023632049560547,-2.810634498473519e-07,-0.06368446906719065,0.076559575160739,-1.018116827279107e-06,-0.3263777451269136,-0.5316021426667553,-1.0743482766450213e-05,idle
