time,hand,pos_x,pos_y,pos_z,vel_x,vel_y,vel_z,acc_x,acc_y,acc_z,state
1765389017.7212224,Left,0.4965144395828247,0.49050432443618774,-8.171115695176923e-08,0.05824328617972153,0.04943307726924305,1.3348094974765163e-07,0.0411932969202934,0.2963093370539997,1.2333366809390283e-06,firing
1765389017.7212224,Right,0.6389920711517334,0.5987980961799622,-1.7964840992590325e-07,-0.02062940147815012,0.009263322919470907,-1.3521644410179637e-07,-0.2619286286567873,-0.04975767066533888,-1.7014221043237994e-06,idle
