time,hand,pos_x,pos_y,pos_z,vel_x,vel_y,vel_z,acc_x,acc_y,acc_z,state
1765389007.9601886,Right,0.6408387422561646,0.563873291015625,-1.9836198816847173e-07,0.021820752547051105,0.1116616379601943,-2.608801002462699e-07,1.1371818124666466,0.7174179949004348,8.716209831629755e-07,firing
1765389008.0552378,Left,0.38174915313720703,0.55620938539505,-2.6632507754698054e-08,0.014720385952098814,0.039831742175253454,1.1438314527647875e-07,0.35386893073533265,-0.003344853062901803,1.4038380307236917e-06,idle
