time,hand,pos_x,pos_y,pos_z,vel_x,vel_y,vel_z,acc_x,acc_y,acc_z,state
1765389048.204721,Right,0.6726365685462952,0.635935366153717,-4.052809643440014e-08,-0.10236430344482327,-0.14310803575774292,1.6115510561715882e-06,1.700587987953624,-2.416636215839344,-4.840788873080735e-06,firing
1765389048.2966754,Left,0.3738533854484558,0.5769054889678955,-8.668099837905174e-08,-0.007920893736751212,0.06880122545705926,-4.7616834554651634e-07,-0.10701959088814178,0.0980921379356735,-5.347382267551969e-06,idle
