time,hand,pos_x,pos_y,pos_z,vel_x,vel_y,vel_z,acc_x,acc_y,acc_z,state
1765389081.3483627,Right,0.7660215497016907,0.9378010630607605,2.197963908656675e-07,0.011548917537024665,0.08109432497921945,4.7286293697751855e-07,-35.567550755324326,-1.1566121062552186,2.8337669717373714e-06,firing
1765389081.438272,Left,0.3275117576122284,0.9023044109344482,7.816319680387096e-08,-0.012426512899521886,0.06058028623175916,-4.138388577067522e-07,-0.12225074741176653,0.9165314850389996,-4.94826163112817e-06,idle
