time,hand,pos_x,pos_y,pos_z,vel_x,vel_y,vel_z,acc_x,acc_y,acc_z,state
1765389025.6774344,Left,0.46301382780075073,0.522782027721405,4.175709591436316e-07,0.21437355691906693,-0.09190801194767431,-1.8990616225260903e-08,0.848530865464415,-3.3793457152346402,-3.1344672912446986e-05,firing
1765389025.6774344,Right,0.42533642053604126,0.5623059272766113,4.0188623984249716e-07,-0.007869189965951023,-0.040946092824240825,1.037697756848041e-07,0.058913048840582696,-0.1604181804692866,2.2759125986387887e-07,idle
