time,hand,pos_x,pos_y,pos_z,vel_x,vel_y,vel_z,acc_x,acc_y,acc_z,state
1765388836.6201987,Right,0.49961450695991516,0.6632300615310669,-5.7760544791563007e-08,-0.11270307652144226,0.5167807978472383,2.0310618006906455e-06,-2.3786825191300927,10.781346626910926,4.258319529789641e-05,firing
1765388836.7163794,Left,0.597296953201294,0.8735268712043762,1.713579820261657e-07,-0.0034743213419475135,-0.0028157541413861838,-6.447369097127047e-08,-0.21599623068096854,0.41021192902448633,1.8819237726853689e-06,idle
