time,hand,pos_x,pos_y,pos_z,vel_x,vel_y,vel_z,acc_x,acc_y,acc_z,state
1765389032.6452699,Left,0.43737688660621643,0.564298689365387,-4.022370703182787e-08,-0.10377933742353014,0.10408643418058838,3.184414610795567e-07,1.972118895439806,1.0810280519898159,3.8698710869897575e-05,firing
1765389032.6452699,Right,0.42533642053604126,0.5623059272766113,4.0188623984249716e-07,-0.007869189965951023,-0.040946092824240825,1.037697756848041e-07,0.058913048840582696,-0.1604181804692866,2.2759125986387887e-07,idle
