time,hand,pos_x,pos_y,pos_z,vel_x,vel_y,vel_z,acc_x,acc_y,acc_z,state
1765389079.7193563,Left,0.43619245290756226,0.5725956559181213,1.6589554263646278e-07,0.07607788088673705,0.11644587900387779,3.07711055078034e-07,-0.560715732799269,0.23291620750434144,-8.765947412067596e-06,firing
1765389079.7198644,Right,0.6664896607398987,0.5732079744338989,1.7110691885591223e-07,-0.034182118782209385,0.048324240816816445,-4.1154093462310406e-07,0.13403791249921512,-0.06441522559276519,-2.8240807496545443e-05,idle
