time,hand,pos_x,pos_y,pos_z,vel_x,vel_y,vel_z,acc_x,acc_y,acc_z,state
1765389319.7540152,Right,0.6815613508224487,0.6097132563591003,-1.7178669509121391e-07,-0.003980154976763739,0.14387193269814905,-2.8273884162139447e-07,0.1235047786625965,1.6605165237372048,-6.884347716790488e-06,idle
1765389319.8689349,Left,0.41932353377342224,0.5426742434501648,-1.0440855646720593e-07,-0.434060162975469,0.31078980419609215,6.361779047383339e-07,-2.0098783696074745,-0.5005599304617716,1.4712123935763381e-05,firing
1765389319.8689349,Right,0.6765169501304626,0.6154360175132751,-1.5811473019766709e-07,-0.04370361419403081,0.04958078488966556,1.184509945712997e-07,-0.34415559787742295,-0.8169184403374243,3.47582337132474e-06,idle
