time,hand,pos_x,pos_y,pos_z,vel_x,vel_y,vel_z,acc_x,acc_y,acc_z,state
1765389312.4505355,Right,0.6805331110954285,0.5293155908584595,4.784129146173655e-07,-0.2180394433934778,-0.6103713309067631,-5.261043566726772e-06,-1.156240500040425,8.038780211019079,-0.0001895563221985802,firing
1765389312.5225446,Left,0.37613385915756226,0.5296126008033752,1.5991443547136441e-07,0.03001481035837451,0.056602362424756476,2.3531469101842006e-07,-0.8848505386576023,3.0021029350705546,5.6164398205299375e-05,firing
1765389312.5225446,Right,0.6777408719062805,0.5336471796035767,2.4589226654825325e-07,-0.03850200046683039,0.05972798911167437,-3.206211751234864e-06,2.4756298594479205,9.239954955307935,2.8333939236584288e-05,retracting
1765389312.5590148,Left,0.37964707612991333,0.5295282602310181,1.6979201689082402e-07,0.09633123484150176,-0.002312590297253656,2.708399802438767e-07,1.8183741883888587,-1.6154283071625775,9.74091553730476e-07,firing
1765389312.5590148,Right,0.6663749814033508,0.5148885846138,1.656907357983073e-07,-0.3116489177404277,-0.5143544032372995,-2.199099160149714e-06,-7.4895971530350876,-15.741147270711139,2.7614690549195632e-05,retracting
1765389312.6283226,Left,0.38199281692504883,0.5226452350616455,1.670705103151704e-07,0.033845262093306454,-0.09931096877171497,-3.926695717304654e-08,-0.9015719593586697,-1.399530395217535,-4.474343710777339e-06,firing
1765389312.6283226,Right,0.6639057397842407,0.4984360337257385,1.4577189233477839e-07,-0.03562718009755829,-0.23738381413012818,-2.873968338772648e-07,3.982549168836517,3.9962395674361884,2.7582785963074532e-05,retracting
1765389312.6895592,Left,0.3832535445690155,0.5173734426498413,2.32541765399219e-07,0.020587805875138702,-0.08608888629328973,1.0691520064009242e-06,-0.2164955581992481,0.2159179015654924,1.8100590210415466e-05,firing
1765389312.6895592,Right,0.658565104007721,0.4871918857097626,1.2631537060769915e-07,-0.08721310518016703,-0.1836180381163737,-3.177269049659341e-07,-0.8424032078400833,0.8780003869944694,-4.952930307675445e-07,idle
