time,hand,pos_x,pos_y,pos_z,vel_x,vel_y,vel_z,acc_x,acc_y,acc_z,state
1765389023.1600943,Right,0.4433954954147339,0.6562734842300415,1.6374404765429063e-07,-0.1430692759910163,0.3271990333619917,-4.185314549884422e-07,-0.9314372407095849,0.964462446773481,-2.464729777524598e-06,retracting
1765389023.2632258,Left,0.5646545886993408,0.5437794327735901,1.5897265370767855e-07,-0.03800109635550211,-0.07692487438645773,-6.324122419712817e-07,-0.8771684558217935,-1.5445905365253043,-2.6184164448961446e-05,firing
1765389023.2632258,Right,0.4433954954147339,0.6562734842300415,1.6374404765429063e-07,-0.1430692759910163,0.3271990333619917,-4.185314549884422e-07,-0.9314372407095849,0.964462446773481,-2.464729777524598e-06,retracting
1765389023.304986,Left,0.4506418704986572,0.6347209215164185,5.173030004357315e-08,-0.3742342426945892,0.29850546242819803,-3.520112636699785e-07,-1.1036484251480008,1.2323089037760075,9.20385457179469e-07,firing
1765389023.304986,Right,0.4433954954147339,0.6562734842300415,1.6374404765429063e-07,-0.1430692759910163,0.3271990333619917,-4.185314549884422e-07,-0.9314372407095849,0.964462446773481,-2.464729777524598e-06,retracting
1765389023.4089649,Left,0.45983558893203735,0.6013267040252686,2.3280840366624034e-07,0.08841910120861508,-0.32116348978145876,1.741489397015419e-06,4.449493764194143,-5.959566001317925,2.013390426721928e-05,firing
1765389023.4089649,Right,0.4433954954147339,0.6562734842300415,1.6374404765429063e-07,-0.1430692759910163,0.3271990333619917,-4.185314549884422e-07,-0.9314372407095849,0.964462446773481,-2.464729777524598e-06,idle
