time,hand,pos_x,pos_y,pos_z,vel_x,vel_y,vel_z,acc_x,acc_y,acc_z,state
1765389042.788004,Left,0.4631011486053467,0.6048990488052368,-4.687710486450669e-08,0.007712475588565453,0.02611446848426135,1.7237273548833246e-07,-0.13583714884776904,0.6956511734343139,2.129800627517409e-06,firing
1765389042.788004,Right,0.42533642053604126,0.5623059272766113,4.0188623984249716e-07,-0.007869189965951023,-0.040946092824240825,1.037697756848041e-07,0.058913048840582696,-0.1604181804692866,2.2759125986387887e-07,idle
