time,hand,pos_x,pos_y,pos_z,vel_x,vel_y,vel_z,acc_x,acc_y,acc_z,state
1765389321.7576804,Right,0.5822969675064087,0.4435967206954956,-2.2482049644168e-07,0.08767908959656442,0.3528143056103158,-9.488335428662426e-07,3.9618992632611296,9.731645311211297,-7.709893036577632e-06,firing
1765389321.8523233,Left,0.3843979239463806,0.5848653316497803,-6.349733894239762e-08,-0.0035421137937358426,-0.014115791247627026,-2.3769992938772644e-07,0.11530707518983978,-0.5503909045244568,-1.58688076537997e-06,idle
