time,hand,pos_x,pos_y,pos_z,vel_x,vel_y,vel_z,acc_x,acc_y,acc_z,state
1765389063.35354,Left,0.4141758382320404,0.5831546187400818,2.708922579586215e-07,0.02389188555347092,0.0474263512050801,-6.64012699884879e-07,0.5414299142936416,0.9306584581556143,-2.3738496516907825e-05,firing
1765389063.35354,Right,0.6393553018569946,0.5780321359634399,1.9055495670272649e-07,-0.027056235567903018,0.01579412613652764,-1.0116886294306159e-07,-0.6219399436445978,0.013317303985100639,-1.5704264186390104e-05,idle
