time,hand,pos_x,pos_y,pos_z,vel_x,vel_y,vel_z,acc_x,acc_y,acc_z,state
1765389426.9588587,Left,0.36735671758651733,0.6382084488868713,-1.884662594875408e-07,-0.43810129049788726,0.3515262884304127,1.907448156582096e-06,-7.707565457571485,6.868556994895248,3.734814474040279e-05,firing
1765389426.9588587,Right,0.6677774786949158,0.6444750428199768,-8.57561062161949e-08,-0.008564266952306316,-0.010389059318796691,-1.4236493811135074e-07,-0.4646744055813929,0.5747427370274301,5.410652321755498e-06,idle
