time,hand,pos_x,pos_y,pos_z,vel_x,vel_y,vel_z,acc_x,acc_y,acc_z,state
1765389275.4889028,Left,0.4193279445171356,0.5282737016677856,-1.1234091346068453e-07,-0.03302235858548064,0.0422258391745034,-1.9982699138947094e-08,0.445927177884103,-2.26561668484762,-5.5036472474795e-06,firing
1765389275.4889028,Right,0.6593658924102783,0.6156876683235168,-1.67232897752001e-07,-0.004144944165897544,-0.015022824216119135,9.353769141031657e-08,-0.1076055452843527,0.1566741775993102,-3.5649182018085056e-07,idle
