time,hand,pos_x,pos_y,pos_z,vel_x,vel_y,vel_z,acc_x,acc_y,acc_z,state
1765389045.358062,Left,0.47242021560668945,0.5716188549995422,-1.1996121429547202e-07,-0.2191229929573977,0.3000898072116512,-8.194465243861364e-08,4.037004854141372,2.6846975681725764,2.571768303058373e-05,firing
1765389045.358062,Right,0.42533642053604126,0.5623059272766113,4.0188623984249716e-07,-0.007869189965951023,-0.040946092824240825,1.037697756848041e-07,0.058913048840582696,-0.1604181804692866,2.2759125986387887e-07,idle
