time,hand,pos_x,pos_y,pos_z,vel_x,vel_y,vel_z,acc_x,acc_y,acc_z,state
1765388795.7151308,Left,0.47849345207214355,0.7671151757240295,-7.874483287650946e-08,0.05267592757292931,0.02257394948311221,3.219606268377475e-07,-0.15397423220712367,-0.5723031830574121,-5.575245557916919e-07,firing
1765388795.7151308,Right,0.58687824010849,0.766045868396759,1.6281877890378382e-07,-0.11835100566722694,0.2419490386958505,9.368899869009203e-06,0.0,0.0,0.0,idle
