time,hand,pos_x,pos_y,pos_z,vel_x,vel_y,vel_z,acc_x,acc_y,acc_z,state
1765389292.8190393,Right,0.5505791306495667,0.4494059979915619,-6.631751148233889e-08,-0.26316082816560965,0.7500612353255226,6.163520981791584e-07,-0.297371462987038,14.487638749293117,1.1935462731944433e-05,firing
1765389292.9402149,Left,0.4495681822299957,0.7148171663284302,-1.906031172893563e-07,-0.1612454904369874,0.01591944218368497,1.0771413471257986e-07,-0.1129571546696043,-0.2212487166479978,3.8365555017661854e-06,idle
