time,hand,pos_x,pos_y,pos_z,vel_x,vel_y,vel_z,acc_x,acc_y,acc_z,state
1765389294.2254207,Left,0.5502294898033142,0.6291191577911377,1.7009891450925352e-07,0.024526724113134203,0.011840629199077898,-4.821899103706968e-07,-2.7592465672468003,1.2560633798685663,-1.0745214831098523e-05,retracting
1765389294.2254207,Right,0.588667631149292,0.6438533067703247,2.6958264243148733e-07,1.2636444927027113,0.7947862822834879,3.638883400843127e-06,29.2976923965157,16.88865089991264,5.8464588364414075e-05,firing
1765389294.319585,Left,0.5502294898033142,0.6291191577911377,1.7009891450925352e-07,0.024526724113134203,0.011840629199077898,-4.821899103706968e-07,-2.7592465672468003,1.2560633798685663,-1.0745214831098523e-05,retracting
1765389294.319585,Right,0.5992903113365173,0.5973043441772461,1.2903895729721171e-08,0.1128099728069598,-0.49433731523164726,-2.725858439226352e-06,-12.22154942129167,-13.690141792593876,-6.759182628551876e-05,firing
1765389294.430125,Left,0.5502294898033142,0.6291191577911377,1.7009891450925352e-07,0.024526724113134203,0.011840629199077898,-4.821899103706968e-07,-2.7592465672468003,1.2560633798685663,-1.0745214831098523e-05,idle
