time,hand,pos_x,pos_y,pos_z,vel_x,vel_y,vel_z,acc_x,acc_y,acc_z,state
1765389011.1440792,Left,0.3847457766532898,0.5475542545318604,-3.1677004130870046e-08,0.050777903408977705,0.015078026937100277,9.949685481442503e-08,1.5663192322904669,-0.323800753072582,2.4943323209410755e-06,firing
1765389011.1440792,Right,0.6381716728210449,0.5711225867271423,-1.6884203546396748e-07,0.0157971548684027,0.005679554103325297,-1.0753531295531028e-07,0.27965788392098245,-0.1596046371115283,-1.571695158732128e-06,idle
