time,hand,pos_x,pos_y,pos_z,vel_x,vel_y,vel_z,acc_x,acc_y,acc_z,state
1765389083.4403021,Left,0.40295013785362244,0.5402526259422302,9.665485833920684e-08,0.14755255887241253,-0.35558397547972115,-1.6242762953451464e-06,-0.45658360630254724,0.7782455135766339,-1.7866016046704037e-05,retracting
1765389083.4403021,Right,0.663362979888916,0.5295387506484985,-2.2659256160295627e-07,-0.08128925726866541,-0.376686848410283,-2.9234855395121544e-06,0.24531547224651745,-0.14195714042184523,-1.1587833816721199e-05,firing
1765389083.5294359,Left,0.4115411043167114,0.51624596118927,-1.0243064707537997e-07,0.09638287941281891,-0.26933308189828115,-2.2335594421951434e-06,-0.5740775576457424,0.9676570745590742,-6.835606252616075e-06,idle
