time,hand,pos_x,pos_y,pos_z,vel_x,vel_y,vel_z,acc_x,acc_y,acc_z,state
1765389043.6119719,Left,0.4933927655220032,0.5805277228355408,-1.2539966576241568e-07,0.015128905682153974,0.005229241128397075,-1.371564000425484e-07,-0.3807177140673421,0.4049372686406075,-1.2411456586899434e-06,firing
1765389043.6119719,Right,0.42533642053604126,0.5623059272766113,4.0188623984249716e-07,-0.007869189965951023,-0.040946092824240825,1.037697756848041e-07,0.058913048840582696,-0.1604181804692866,2.2759125986387887e-07,idle
