time,hand,pos_x,pos_y,pos_z,vel_x,vel_y,vel_z,acc_x,acc_y,acc_z,state
1765388835.2268727,Right,0.49961450695991516,0.6632300615310669,-5.7760544791563007e-08,-0.11270307652144226,0.5167807978472383,2.0310618006906455e-06,-2.3786825191300927,10.781346626910926,4.258319529789641e-05,retracting
1765388835.3452058,Left,0.598353385925293,0.8749843835830688,1.7533440654915466e-07,0.01508144287270501,-0.019658504488601576,-3.3823738948362514e-08,0.26568375164700464,-0.3673724250169834,-7.255834329410611e-07,idle
1765388835.3452058,Right,0.49961450695991516,0.6632300615310669,-5.7760544791563007e-08,-0.11270307652144226,0.5167807978472383,2.0310618006906455e-06,-2.3786825191300927,10.781346626910926,4.258319529789641e-05,retracting
1765388835.4064894,Left,0.5962161421775818,0.877130925655365,1.8588671935049206e-07,-0.0366924128559032,0.036852047415557414,1.8116315385456325e-07,-0.8888586954906279,0.9701787657130412,3.690916320508877e-06,firing
1765388835.4064894,Right,0.49961450695991516,0.6632300615310669,-5.7760544791563007e-08,-0.11270307652144226,0.5167807978472383,2.0310618006906455e-06,-2.3786825191300927,10.781346626910926,4.258319529789641e-05,idle
