time,hand,pos_x,pos_y,pos_z,vel_x,vel_y,vel_z,acc_x,acc_y,acc_z,state
1765389011.2554774,Left,0.3818763494491577,0.5451064705848694,-4.5045762675499645e-08,-0.02575828592708641,-0.021973277002298616,-1.2000872668484608e-07,-0.6870503792007736,-0.3326022975833227,-1.9704586067586946e-06,retracting
1765389011.2554774,Right,0.6373331546783447,0.5701106190681458,-1.6505782696185634e-07,-0.007527213111947231,-0.00908423544317885,3.397009844498686e-08,-0.2093782824116481,-0.13253164671978848,1.2702663590245483e-06,idle
1765389011.362201,Left,0.3753598928451538,0.547256588935852,-4.408751408391254e-08,-0.06105922065272512,0.020146616297798858,8.97879257845898e-09,-0.33076987903761207,0.3946635441874491,1.2086134963757144e-06,retracting
1765389011.362201,Right,0.6387184858322144,0.5670576095581055,-1.615423741441191e-07,0.012980557646811771,-0.02860670954424515,3.293980491799402e-08,0.19215788210500595,-0.18292564905468742,-9.653853869459821e-09,idle
1765389011.453994,Left,0.36512401700019836,0.5354673266410828,-1.0587675092210702e-07,-0.11151034523957944,-0.12843304554710552,-6.731362549022007e-07,-0.5496180693885359,-1.6186371971354616,-7.431008893603045e-06,idle
1765389011.453994,Right,0.6388645768165588,0.5589581727981567,-1.4137145853965194e-07,0.001591525370901384,-0.08823582886589369,2.1974336118594678e-07,-0.12407291181217024,-0.649603784044144,2.0350509684705236e-06,idle
1765389011.5518477,Left,0.36512401700019836,0.5354673266410828,-1.0587675092210702e-07,-0.11151034523957944,-0.12843304554710552,-6.731362549022007e-07,-0.5496180693885359,-1.6186371971354616,-7.431008893603045e-06,firing
1765389011.5518477,Right,0.6378903985023499,0.5602917671203613,-1.6215733467106475e-07,-0.010007715198941915,0.013699988978287225,-2.135329081437948e-07,-0.11915877663655543,1.047184708052266,-4.4510388320776234e-06,idle
