time,hand,pos_x,pos_y,pos_z,vel_x,vel_y,vel_z,acc_x,acc_y,acc_z,state
1765388801.1962817,Right,0.49696916341781616,0.7608368992805481,1.7604243396363017e-07,-0.14949465364278236,-0.40168985857249984,2.6826619186267746e-06,-0.14521898897326815,-5.2852626367110656,3.851685204839981e-05,retracting
1765388801.2944798,Left,0.44632649421691895,0.784615695476532,-2.1824352813837322e-07,0.012120866329041777,-0.008558959980099935,-3.0085641983817996e-07,-0.3340578858405335,-0.2603346065872432,-8.332267766661722e-06,idle
1765388801.2944798,Right,0.49696916341781616,0.7608368992805481,1.7604243396363017e-07,-0.14949465364278236,-0.40168985857249984,2.6826619186267746e-06,-0.14521898897326815,-5.2852626367110656,3.851685204839981e-05,retracting
1765388801.3908155,Left,0.4452446699142456,0.7888073325157166,-1.697599287808771e-07,-0.011170523112827823,0.043281315007520874,5.006239607278712e-07,-0.2404983909562249,0.5352837688093832,8.275794039260446e-06,idle
1765388801.3908155,Right,0.49696916341781616,0.7608368992805481,1.7604243396363017e-07,-0.14949465364278236,-0.40168985857249984,2.6826619186267746e-06,-0.14521898897326815,-5.2852626367110656,3.851685204839981e-05,idle
1765388801.5098825,Left,0.4491112232208252,0.7837475538253784,-1.6602841412804992e-07,0.0326122803560153,-0.042676489396358604,3.1473302541438505e-08,0.36928420437615395,-0.7250074662714704,-3.957031387088186e-06,idle
1765388801.5104022,Right,0.49696916341781616,0.7608368992805481,1.7604243396363017e-07,-0.14949465364278236,-0.40168985857249984,2.6826619186267746e-06,-0.14521898897326815,-5.2852626367110656,3.851685204839981e-05,firing
1765388801.6236444,Left,0.4492354393005371,0.7874324321746826,-1.9437958087564766e-07,0.0010870631143419303,0.03224780031422592,-2.4811206158935766e-07,-0.27588940912093857,0.6556915328638657,-2.446760011757923e-06,idle
