time,hand,pos_x,pos_y,pos_z,vel_x,vel_y,vel_z,acc_x,acc_y,acc_z,state
1765389016.4302285,Left,0.4836958944797516,0.44871968030929565,-1.240454423623305e-07,-0.055985264952299774,0.11146400519976478,1.3308022396939222e-07,-1.3599790154934188,1.5803037411867786,1.5105937870795946e-06,firing
1765389016.4302285,Right,0.6389920711517334,0.5987980961799622,-1.7964840992590325e-07,-0.02062940147815012,0.009263322919470907,-1.3521644410179637e-07,-0.2619286286567873,-0.04975767066533888,-1.7014221043237994e-06,idle
