time,hand,pos_x,pos_y,pos_z,vel_x,vel_y,vel_z,acc_x,acc_y,acc_z,state
1765389076.7328792,Left,0.42239728569984436,0.5572277903556824,1.3208693872002186e-07,0.025156767525401417,-0.08475774997023955,2.0773098408753066e-06,1.8259422203177194,1.3928169860267672,5.276210718379552e-05,firing
1765389076.7328792,Right,0.5160304307937622,0.5182799696922302,2.812866171097994e-07,-0.10181305583570184,-0.10107728981388099,2.267990342263746e-06,4.968103516530826,-6.600071622967901,-2.256981214747474e-06,firing
1765389076.7925086,Left,0.42297089099884033,0.5481557846069336,1.436549581512736e-07,0.009619498288711895,-0.15213970988068964,1.939984573320575e-07,-0.2605637275234455,-1.130011611090748,-3.1583583106391675e-05,retracting
1765389076.7925086,Right,0.5160304307937622,0.5182799696922302,2.812866171097994e-07,-0.10181305583570184,-0.10107728981388099,2.267990342263746e-06,4.968103516530826,-6.600071622967901,-2.256981214747474e-06,firing
1765389076.8379285,Left,0.419314444065094,0.5390570759773254,1.0742220979409467e-07,-0.0805031364006194,-0.2003241384740558,-7.977279408178738e-07,-1.984208956027406,-1.06086528745634,-2.1834608008534417e-05,retracting
1765389076.8379285,Right,0.5160304307937622,0.5182799696922302,2.812866171097994e-07,-0.10181305583570184,-0.10107728981388099,2.267990342263746e-06,4.968103516530826,-6.600071622967901,-2.256981214747474e-06,firing
1765389076.9100506,Left,0.41908717155456543,0.5323783755302429,-4.215183313505122e-09,-0.003151218834916794,-0.09260269353591051,-1.5478944418905602e-06,1.0725134288483933,1.4935983477459407,-1.0401340672508521e-05,retracting
1765389076.9100506,Right,0.5160304307937622,0.5182799696922302,2.812866171097994e-07,-0.10181305583570184,-0.10107728981388099,2.267990342263746e-06,4.968103516530826,-6.600071622967901,-2.256981214747474e-06,firing
1765389076.9838114,Left,0.4234875738620758,0.5318189859390259,3.4753309563484436e-08,0.06007409734043765,-0.007636761915301516,5.319961382410265e-07,0.8631492152014407,1.1599511340328508,2.839457404952051e-05,idle
