time,hand,pos_x,pos_y,pos_z,vel_x,vel_y,vel_z,acc_x,acc_y,acc_z,state
1765389070.218848,Left,0.36109763383865356,0.5440496802330017,5.891589012207987e-07,-0.18680600955025317,-0.07405920560387579,2.1307888952172187e-06,-1.336938386051391,0.44790050076929777,4.369585023456741e-06,retracting
1765389070.218848,Right,0.6683245897293091,0.5745490193367004,-7.378496746923702e-08,0.0958710442389005,-0.07913075793016533,-3.050611540268643e-07,0.17600779433633137,0.24567286622052606,8.56710613551289e-07,idle
1765389070.3190138,Left,0.35221055150032043,0.540465235710144,2.6569901478978863e-07,-0.08827696494036737,-0.03560492312647424,-3.2129844156975726e-06,0.978706473677857,0.38197320749717045,-5.308064798523903e-05,retracting
1765389070.3190138,Right,0.670358419418335,0.5630802512168884,-8.960761732623723e-08,0.02020239098926707,-0.11392130765514433,-1.5716918708689463e-07,-0.7516301521355743,-0.3455807003251099,1.4690371354171976e-06,idle
1765389070.4340045,Left,0.35863304138183594,0.5457260012626648,2.3513889857440518e-07,0.05585224940183203,0.04574948269355969,-2.6576160711798674e-07,1.2533987556288835,0.7074867609952842,2.5630094618181383e-05,idle
1765389070.4340045,Right,0.6782222986221313,0.5758931040763855,-5.005858128015461e-08,0.06838708205993706,0.11142511185844671,3.439324414048934e-07,0.4190311596714024,1.95969237113271,4.357757450227906e-06,firing
1765389070.527634,Left,0.3624348044395447,0.5528396368026733,2.212352541164364e-07,0.04060439000789386,0.07597654757963893,-1.4849662999321695e-07,-0.16285339728408352,0.3228374606196473,1.2524380907395544e-06,idle
