time,hand,pos_x,pos_y,pos_z,vel_x,vel_y,vel_z,acc_x,acc_y,acc_z,state
1765389083.529968,Right,0.6577418446540833,0.5140717029571533,-3.5936059816776833e-07,-0.06306405709180589,-0.1735262963616813,-1.4895373777890233e-06,0.204470274499143,2.279277782502416,1.6087602407645702e-05,firing
1765389083.6299818,Left,0.40920352935791016,0.5104484558105469,-1.857335547583716e-07,-0.023248838091624775,-0.05766029593094944,-8.28506399759088e-07,-1.1898221361466332,2.105235731940442,1.3974247358678074e-05,firing
1765389083.6299818,Right,0.6539831757545471,0.5069836974143982,-3.6314673934612074e-07,-0.03738262354168643,-0.07049523380442,-3.7655854806336485e-08,0.2554200404652382,1.0247168685577428,1.4439989754748115e-05,retracting
1765389083.722652,Left,0.4088517129421234,0.4935087263584137,-1.485011580371065e-07,-0.0037964351779195085,-0.18279586145150212,4.0177312464165025e-07,0.20991000818284544,-1.3503322802283486,1.3275891219186939e-05,firing
1765389083.722652,Right,0.6538007855415344,0.49452072381973267,-3.0071350920479745e-07,-0.0019681646157448025,-0.1344873895962561,6.737141888323326e-07,0.38215583935380565,-0.6905364856718167,7.676362264531216e-06,retracting
1765389083.8157136,Left,0.3980889618396759,0.46758803725242615,-7.795839707114283e-08,-0.1156517963051682,-0.27853234066646343,7.580215266879615e-07,-1.20194858336804,-1.0287421578136113,3.828088862719529e-06,retracting
1765389083.8157136,Right,0.6611565947532654,0.47770240902900696,-3.037016540474724e-07,0.07904229508952704,-0.18072222407251318,-3.2109292074662494e-08,0.8705028198869683,-0.496819224764501,-7.584469125435551e-06,idle
