time,hand,pos_x,pos_y,pos_z,vel_x,vel_y,vel_z,acc_x,acc_y,acc_z,state
1765389032.7399523,Left,0.4353049397468567,0.5697208642959595,-5.5355780403942845e-08,-0.021883112958826775,0.05726694483125046,-1.5981919102190312e-07,0.864956706185183,-0.49448960019310056,-5.051206707556428e-06,retracting
1765389032.7399523,Right,0.42533642053604126,0.5623059272766113,4.0188623984249716e-07,-0.007869189965951023,-0.040946092824240825,1.037697756848041e-07,0.058913048840582696,-0.1604181804692866,2.2759125986387887e-07,idle
1765389032.8516953,Left,0.41714194416999817,0.5660233497619629,-1.277449257486296e-07,-0.16254261933413558,-0.03308945899582661,-6.478183208212806e-07,-1.2587771936485632,-0.8086092676462706,-4.367157193576159e-06,retracting
1765389032.8516953,Right,0.42533642053604126,0.5623059272766113,4.0188623984249716e-07,-0.007869189965951023,-0.040946092824240825,1.037697756848041e-07,0.058913048840582696,-0.1604181804692866,2.2759125986387887e-07,idle
1765389033.002022,Left,0.41714194416999817,0.5660233497619629,-1.277449257486296e-07,-0.16254261933413558,-0.03308945899582661,-6.478183208212806e-07,-1.2587771936485632,-0.8086092676462706,-4.367157193576159e-06,idle
1765389033.002022,Right,0.42533642053604126,0.5623059272766113,4.0188623984249716e-07,-0.007869189965951023,-0.040946092824240825,1.037697756848041e-07,0.058913048840582696,-0.1604181804692866,2.2759125986387887e-07,idle
1765389033.083449,Left,0.41714194416999817,0.5660233497619629,-1.277449257486296e-07,-0.16254261933413558,-0.03308945899582661,-6.478183208212806e-07,-1.2587771936485632,-0.8086092676462706,-4.367157193576159e-06,firing
1765389033.083449,Right,0.42533642053604126,0.5623059272766113,4.0188623984249716e-07,-0.007869189965951023,-0.040946092824240825,1.037697756848041e-07,0.058913048840582696,-0.1604181804692866,2.2759125986387887e-07,idle
