time,hand,pos_x,pos_y,pos_z,vel_x,vel_y,vel_z,acc_x,acc_y,acc_z,state
1765388800.901885,Right,0.49696916341781616,0.7608368992805481,1.7604243396363017e-07,-0.14949465364278236,-0.40168985857249984,2.6826619186267746e-06,-0.14521898897326815,-5.2852626367110656,3.851685204839981e-05,idle
1765388800.9974518,Left,0.44523271918296814,0.7766781449317932,-2.2590592152482714e-07,0.041094392037289464,-0.041587069962114025,3.9603397520180073e-07,0.630880567273937,-0.6872969460673682,5.524030755605353e-06,idle
1765388800.9974518,Right,0.49696916341781616,0.7608368992805481,1.7604243396363017e-07,-0.14949465364278236,-0.40168985857249984,2.6826619186267746e-06,-0.14521898897326815,-5.2852626367110656,3.851685204839981e-05,firing
1765388801.11545,Left,0.44153106212615967,0.7840927839279175,-2.301743791122135e-07,-0.031231769921829425,0.06255909059820808,-3.6014002173739396e-08,-0.6102332050132568,0.8787061780559169,-3.645292585861179e-06,idle
