time,hand,pos_x,pos_y,pos_z,vel_x,vel_y,vel_z,acc_x,acc_y,acc_z,state
1765389020.7152276,Left,0.40694722533226013,0.5116420984268188,-1.0736335553929166e-07,-0.1454287659646242,0.11213249428882545,-9.994401014581194e-08,0.4176966814863441,-0.3468780754467233,-4.9014796413827926e-06,retracting
1765389020.7152276,Right,0.6389920711517334,0.5987980961799622,-1.7964840992590325e-07,-0.02062940147815012,0.009263322919470907,-1.3521644410179637e-07,-0.2619286286567873,-0.04975767066533888,-1.7014221043237994e-06,idle
1765389020.8110187,Left,0.4029810428619385,0.5213544964790344,-2.4809883925058784e-08,-0.041404498017557,0.10139144351219706,8.618073115321768e-07,1.08594917864252,-0.11212994331834714,1.0040090437031675e-05,retracting
1765389020.8110187,Right,0.6389920711517334,0.5987980961799622,-1.7964840992590325e-07,-0.02062940147815012,0.009263322919470907,-1.3521644410179637e-07,-0.2619286286567873,-0.04975767066533888,-1.7014221043237994e-06,idle
1765389020.9245582,Left,0.3956438899040222,0.5309385061264038,1.936310241035244e-07,-0.06462205413895708,0.08441126876500098,1.9239206631989032e-06,-0.2044888769877154,-0.1495530729829417,9.35457484759986e-06,idle
1765389020.9245582,Right,0.6389920711517334,0.5987980961799622,-1.7964840992590325e-07,-0.02062940147815012,0.009263322919470907,-1.3521644410179637e-07,-0.2619286286567873,-0.04975767066533888,-1.7014221043237994e-06,idle
1765389021.0300024,Left,0.4089762568473816,0.5427230000495911,1.021447744165016e-07,0.12644003029857664,0.11176048296835607,-8.676271986417158e-07,1.8119735113669078,0.25937145948693446,-2.6474173545520346e-05,firing
1765389021.0300024,Right,0.6389920711517334,0.5987980961799622,-1.7964840992590325e-07,-0.02062940147815012,0.009263322919470907,-1.3521644410179637e-07,-0.2619286286567873,-0.04975767066533888,-1.7014221043237994e-06,idle
