time,hand,pos_x,pos_y,pos_z,vel_x,vel_y,vel_z,acc_x,acc_y,acc_z,state
1765389022.9064639,Left,0.5682411193847656,0.5510395765304565,2.1865950827759661e-07,0.04478576730918402,0.06885306064574245,1.8388403868969478e-06,-5.61050018217196,2.9124246705101218,2.7764082505222378e-05,firing
1765389022.9064639,Right,0.4433954954147339,0.6562734842300415,1.6374404765429063e-07,-0.1430692759910163,0.3271990333619917,-4.185314549884422e-07,-0.9314372407095849,0.964462446773481,-2.464729777524598e-06,firing
1765389023.00033,Left,0.5646545886993408,0.5437794327735901,1.5897265370767855e-07,-0.03800109635550211,-0.07692487438645773,-6.324122419712817e-07,-0.8771684558217935,-1.5445905365253043,-2.6184164448961446e-05,retracting
1765389023.00033,Right,0.4433954954147339,0.6562734842300415,1.6374404765429063e-07,-0.1430692759910163,0.3271990333619917,-4.185314549884422e-07,-0.9314372407095849,0.964462446773481,-2.464729777524598e-06,firing
1765389023.159585,Left,0.5646545886993408,0.5437794327735901,1.5897265370767855e-07,-0.03800109635550211,-0.07692487438645773,-6.324122419712817e-07,-0.8771684558217935,-1.5445905365253043,-2.6184164448961446e-05,idle
