time,hand,pos_x,pos_y,pos_z,vel_x,vel_y,vel_z,acc_x,acc_y,acc_z,state
1765389449.063742,Left,0.5271340608596802,0.45069339871406555,-5.8238711631020124e-08,-0.048271198830409354,0.22934978070175438,5.874893470117223e-07,-4.587054071463806,8.28309483290895,1.540439777117225e-05,firing
1765389449.063742,Right,0.6500612497329712,0.6229299306869507,-1.8254584688293107e-07,-0.009077485380116958,0.047919590643274855,-1.0734064537182188e-08,-0.4670739909770922,0.6178182484082959,5.109623961214921e-07,idle
