time,hand,pos_x,pos_y,pos_z,vel_x,vel_y,vel_z,acc_x,acc_y,acc_z,state
1765389049.4950283,Left,0.3832297921180725,0.5658692121505737,-3.6217230103829934e-08,0.10120647148484167,0.1646098000754193,2.289526923474802e-06,-1.5068469921568166,0.6077708044207131,3.900247302955811e-05,firing
1765389049.4950283,Right,0.6789851188659668,0.6462879776954651,-9.700602987550155e-08,-0.0009134293926209482,0.014851743992597498,3.01079017524297e-07,-0.0004780161922845746,-0.7034148368117245,3.5496897366794146e-06,idle
