time,hand,pos_x,pos_y,pos_z,vel_x,vel_y,vel_z,acc_x,acc_y,acc_z,state
1765388834.7301254,Right,0.49961450695991516,0.6632300615310669,-5.7760544791563007e-08,-0.11270307652144226,0.5167807978472383,2.0310618006906455e-06,-2.3786825191300927,10.781346626910926,4.258319529789641e-05,retracting
1765388834.8622234,Left,0.596458911895752,0.8759734630584717,1.905138304891807e-07,-0.009882844920014676,-0.011807675456562857,8.491494691710897e-08,-0.0913943071037565,-0.22498147951879163,1.0539960686429943e-06,idle
1765388834.8622234,Right,0.49961450695991516,0.6632300615310669,-5.7760544791563007e-08,-0.11270307652144226,0.5167807978472383,2.0310618006906455e-06,-2.3786825191300927,10.781346626910926,4.258319529789641e-05,retracting
1765388834.9332874,Left,0.5979506373405457,0.8753582239151001,1.7846573996394e-07,0.021149958759819894,-0.008722974160660925,-1.7082005179489147e-07,0.43998881987352395,0.043735464473297514,-3.625858025737044e-06,idle
1765388834.9332874,Right,0.49961450695991516,0.6632300615310669,-5.7760544791563007e-08,-0.11270307652144226,0.5167807978472383,2.0310618006906455e-06,-2.3786825191300927,10.781346626910926,4.258319529789641e-05,idle
1765388835.036789,Left,0.5985174775123596,0.8749638795852661,1.7266526697312656e-07,0.005476508026453089,-0.003809945016089762,-5.6041082603157006e-08,-0.15142853843406037,0.04746707252299767,1.1089333066055985e-06,idle
1765388835.036789,Right,0.49961450695991516,0.6632300615310669,-5.7760544791563007e-08,-0.11270307652144226,0.5167807978472383,2.0310618006906455e-06,-2.3786825191300927,10.781346626910926,4.258319529789641e-05,firing
1765388835.0949926,Left,0.5987311005592346,0.874163031578064,1.7246036065898807e-07,0.0036371016845950883,-0.013635072051958595,-3.488692401121808e-09,-0.031317350831257876,-0.1672805749017771,8.947460947187214e-07,idle
