time,hand,pos_x,pos_y,pos_z,vel_x,vel_y,vel_z,acc_x,acc_y,acc_z,state
1765389252.6784759,Left,0.3759571313858032,0.6396554708480835,3.90008125350505e-07,0.016080468229420483,0.028049508199982098,1.0493201231792635e-07,-0.140128340638118,-0.4460001402657163,6.093206962845074e-06,firing
1765389252.6784759,Right,0.6435309648513794,0.6461954116821289,4.193271649910457e-07,-0.00731981421993257,-0.014539677172323942,-3.712988382075861e-08,-0.11300197079888691,-0.3046497981249365,-8.220332895582338e-07,idle
