time,hand,pos_x,pos_y,pos_z,vel_x,vel_y,vel_z,acc_x,acc_y,acc_z,state
1765389074.7829075,Right,0.6432711482048035,0.5872148275375366,4.929481747240061e-07,0.05523456341673405,0.06194105309482604,6.659791695148894e-07,1.2382001784498342,-1.7763417606369076,-7.877185698797244e-06,firing
1765389074.8644214,Left,0.6418469548225403,0.5724440813064575,4.702210105733684e-07,0.04135102918692937,-0.010081864197424226,1.0378156600155936e-06,-1.223445167822475,-1.2435598787760513,7.2591387180955e-06,firing
1765389074.8644214,Right,0.6432711482048035,0.5872148275375366,4.929481747240061e-07,0.05523456341673405,0.06194105309482604,6.659791695148894e-07,1.2382001784498342,-1.7763417606369076,-7.877185698797244e-06,retracting
1765389074.9503562,Left,0.6970556974411011,0.6817139387130737,6.271772008403786e-07,0.09402038820996762,0.18608636831304962,2.6729610639421837e-07,0.08969582256798929,0.33407414297635646,-1.312193397617741e-06,firing
1765389074.9503562,Right,0.6432711482048035,0.5872148275375366,4.929481747240061e-07,0.05523456341673405,0.06194105309482604,6.659791695148894e-07,1.2382001784498342,-1.7763417606369076,-7.877185698797244e-06,retracting
1765389074.9782841,Left,0.5359190702438354,0.7900830507278442,-1.0419447704634877e-07,-5.769741672215678,3.8803206474414793,-2.6187873739068556e-05,-209.9609064956848,132.27766919262314,-0.0009472675366106976,firing
1765389074.9782841,Right,0.6432711482048035,0.5872148275375366,4.929481747240061e-07,0.05523456341673405,0.06194105309482604,6.659791695148894e-07,1.2382001784498342,-1.7763417606369076,-7.877185698797244e-06,retracting
1765389075.0482132,Left,0.5359190702438354,0.7900830507278442,-1.0419447704634877e-07,-5.769741672215678,3.8803206474414793,-2.6187873739068556e-05,-209.9609064956848,132.27766919262314,-0.0009472675366106976,retracting
1765389075.0482132,Right,0.6432711482048035,0.5872148275375366,4.929481747240061e-07,0.05523456341673405,0.06194105309482604,6.659791695148894e-07,1.2382001784498342,-1.7763417606369076,-7.877185698797244e-06,idle
