time,hand,pos_x,pos_y,pos_z,vel_x,vel_y,vel_z,acc_x,acc_y,acc_z,state
1765389312.2073224,Left,0.3365999460220337,0.6379781365394592,8.037911243263807e-07,0.04353650175988234,-0.35780954970757994,6.335240692232294e-07,-1.2799393205277179,-2.1872248509069085,1.425527511636697e-05,firing
1765389312.2073224,Right,0.7303972244262695,0.7166816592216492,6.688761118311959e-07,-0.1620298203349713,-0.244098936410606,-4.802641793001432e-07,-0.19693293323720637,-0.692625528136552,-2.5067187864678592e-05,idle
