time,hand,pos_x,pos_y,pos_z,vel_x,vel_y,vel_z,acc_x,acc_y,acc_z,state
1765389010.5552523,Left,0.38421645760536194,0.5450577139854431,-4.8097170690653e-08,-0.03957900278055233,0.0034443999970550196,-4.716964220634272e-07,-1.3371442000390286,-0.26183143305359446,-9.78854474499899e-06,firing
1765389010.5552523,Right,0.6392088532447815,0.569377601146698,-1.4828329142346774e-07,0.021559097167174267,-0.019166300589241497,1.3146832722946521e-07,0.39668273547332095,-0.1490689248063283,1.523139650218428e-06,idle
