time,hand,pos_x,pos_y,pos_z,vel_x,vel_y,vel_z,acc_x,acc_y,acc_z,state
1765389039.0242946,Left,0.5978738069534302,0.49845147132873535,-1.0128148630883516e-07,-0.015622608170816513,0.08368887304662727,-3.484314232940173e-07,0.25788982713779707,1.222947562658761,-1.5020070565485798e-06,retracting
1765389039.0242946,Right,0.42533642053604126,0.5623059272766113,4.0188623984249716e-07,-0.007869189965951023,-0.040946092824240825,1.037697756848041e-07,0.058913048840582696,-0.1604181804692866,2.2759125986387887e-07,idle
1765389039.1113162,Left,0.5963857769966125,0.5081683397293091,-1.0491338287010876e-07,-0.01709954930889464,0.1116604337045713,-4.1735580691615314e-08,-0.016972123243347563,0.32143242716710435,3.5243649896865024e-06,retracting
1765389039.1113162,Right,0.42533642053604126,0.5623059272766113,4.0188623984249716e-07,-0.007869189965951023,-0.040946092824240825,1.037697756848041e-07,0.058913048840582696,-0.1604181804692866,2.2759125986387887e-07,idle
1765389039.236007,Left,0.5893081426620483,0.5052881240844727,-2.1532211746944085e-07,-0.05676149302760468,-0.023098867858146698,-8.854603562296808e-07,-0.318082431986708,-1.0807480005998464,-6.766537475670538e-06,idle
1765389039.236007,Right,0.42533642053604126,0.5623059272766113,4.0188623984249716e-07,-0.007869189965951023,-0.040946092824240825,1.037697756848041e-07,0.058913048840582696,-0.1604181804692866,2.2759125986387887e-07,idle
1765389039.3330326,Left,0.5717714428901672,0.5157802700996399,-2.1516048320791015e-07,-0.18169214656064658,0.10870577453690324,1.6746409710650495e-09,-1.294366608707014,1.3655858123210727,9.191322428232853e-06,firing
1765389039.3330326,Right,0.42533642053604126,0.5623059272766113,4.0188623984249716e-07,-0.007869189965951023,-0.040946092824240825,1.037697756848041e-07,0.058913048840582696,-0.1604181804692866,2.2759125986387887e-07,idle
