time,hand,pos_x,pos_y,pos_z,vel_x,vel_y,vel_z,acc_x,acc_y,acc_z,state
1765389309.953749,Right,0.7779800891876221,0.3651309907436371,1.4101772194408113e-07,0.19243007475811413,-0.1862327336857252,-1.5460405060532005e-07,-0.6114417951409455,0.2686843694466891,4.9788297571659976e-08,firing
1765389310.080981,Left,0.17646446824073792,0.31520500779151917,5.65895732052013e-07,-0.20173439988756675,-0.4746343577251007,-5.710787305364588e-07,3.6544281752887406,-0.8516948318462663,-1.0770205762164153e-05,firing
1765389310.080981,Right,0.8071685433387756,0.3544739782810211,8.326050959794884e-08,0.22941113089103346,-0.08376042349854773,-4.539516663960125e-07,0.2906582810128887,0.805396834080988,-2.3527684855267766e-06,retracting
1765389310.1416802,Left,0.16079404950141907,0.2709692120552063,5.118622539157514e-07,-0.258165056895177,-0.7287703610889623,-8.901839950384536e-07,-0.9296767380215627,-4.186808078263011,-5.257155544861266e-06,firing
1765389310.1416802,Right,0.8224725127220154,0.3509402871131897,2.439219315419905e-07,0.2521279228252373,-0.05821641377739197,2.646844722341252e-06,0.374251765682208,0.4208292600660765,5.108461295358541e-05,retracting
1765389310.2550695,Left,0.16084244847297668,0.2453763335943222,5.127060376253212e-07,0.0004268391405183888,-0.22570814821200658,7.441478646864401e-09,2.280567935570632,4.436595151945623,7.916318743243061e-06,firing
1765389310.2550695,Right,0.8224725127220154,0.3509402871131897,2.439219315419905e-07,0.2521279228252373,-0.05821641377739197,2.646844722341252e-06,0.374251765682208,0.4208292600660765,5.108461295358541e-05,idle
