time,hand,pos_x,pos_y,pos_z,vel_x,vel_y,vel_z,acc_x,acc_y,acc_z,state
1765389005.061152,Left,0.3977065086364746,0.5073166489601135,1.552935380289e-08,-0.06745183155610694,0.11896230656025074,1.0239827457945845e-06,-0.808832885333119,0.9798444148301726,1.3905089465050765e-05,firing
1765389005.061152,Right,0.6451536417007446,0.6444950103759766,-5.109259149094214e-08,0.04494522671817812,0.05027640809272062,1.0184775515269729e-07,0.5986302526834956,0.8072393783951368,-9.754690615127536e-07,idle
