time,hand,pos_x,pos_y,pos_z,vel_x,vel_y,vel_z,acc_x,acc_y,acc_z,state
1765389427.5425646,Left,0.39649033546447754,0.6206216216087341,-4.2977188030590696e-08,0.0704025050597439,0.0023960806445335304,-8.163229225488522e-08,-2.5598472036587343,3.933513595214734,-1.1269126920393884e-05,firing
1765389427.5425646,Right,0.6537454724311829,0.6606150269508362,-1.9728979339106445e-07,-0.08412249931888063,0.09099085840501304,-1.435310977514334e-06,-0.27525313489826303,0.6184510292962155,-1.6159265472070026e-05,idle
