time,hand,pos_x,pos_y,pos_z,vel_x,vel_y,vel_z,acc_x,acc_y,acc_z,state
1765389328.282335,Right,0.663875937461853,0.5865461826324463,-2.1095330282605573e-07,-0.04231341942789943,0.2020611246011956,-3.2409607785822634e-07,-0.3185766562133082,2.146419513695465,-3.6512453023618195e-06,firing
1765389328.377742,Left,0.3779820203781128,0.6193363070487976,1.8352022834733361e-07,0.08294246872175702,0.05133007393534197,9.608520624969567e-07,0.6268765332399665,0.7099964232551185,-5.482887376596677e-06,idle
