time,hand,pos_x,pos_y,pos_z,vel_x,vel_y,vel_z,acc_x,acc_y,acc_z,state
1765389048.052828,Left,0.3738915026187897,0.5667122602462769,-1.709750030443047e-08,0.0255696131456425,-0.03541283484785024,-2.301465863984917e-07,1.2085429958949505,0.5289974445390745,-1.101018103483088e-05,retracting
1765389048.052828,Right,0.6963425874710083,0.6456443667411804,-3.0653919225187565e-07,0.011620098821963035,0.003573353747624728,-3.037559485096105e-08,0.0008356542740213089,0.0019088878106169511,-5.7518339149400176e-09,idle
1765389048.1003435,Left,0.37437957525253296,0.5643407106399536,-4.460608593603865e-08,0.010271884753178721,-0.04991118648830371,-5.789405137585513e-07,-0.32195311142043614,-0.30512957880799507,-7.340651322679096e-06,retracting
1765389048.1003435,Right,0.6831665635108948,0.6506565809249878,-2.063048754052943e-07,-0.2773001194215581,0.10548611598944273,2.109512559770407e-06,-6.080560513912479,2.1448368055330627,4.503568319408022e-05,firing
1765389048.2032113,Left,0.37459370493888855,0.5704750418663025,-4.217633531311549e-08,0.0020815998739161772,0.05963312852437891,2.362011861319181e-08,-0.07961948790089071,1.0649034059666267,5.857619079911027e-06,idle
