time,hand,pos_x,pos_y,pos_z,vel_x,vel_y,vel_z,acc_x,acc_y,acc_z,state
1765388803.1824274,Right,0.49696916341781616,0.7608368992805481,1.7604243396363017e-07,-0.14949465364278236,-0.40168985857249984,2.6826619186267746e-06,-0.14521898897326815,-5.2852626367110656,3.851685204839981e-05,firing
1765388803.3009155,Left,0.4494192898273468,0.7802273035049438,-1.9635973558251862e-07,0.001694883270066961,-0.003695669878651721,-2.256851334653457e-08,0.05280185530547435,0.04718056021144886,-5.843221291188665e-07,idle
