time,hand,pos_x,pos_y,pos_z,vel_x,vel_y,vel_z,acc_x,acc_y,acc_z,state
1765389090.4088757,Left,0.29812654852867126,0.8945040106773376,-7.701306969920552e-08,-0.018279321510918215,-0.07827758375152584,-1.6834811321005608e-07,0.174994007525204,-1.3221271686287162,-3.996709021122463e-06,firing
1765389090.4088757,Right,0.7645960450172424,0.9169809818267822,1.9953752428136795e-07,-0.022143420199270406,-0.06664421371791722,-4.8525186136478395e-08,-0.07714829390227397,-0.5041612890665175,-1.4184285916927572e-06,idle
