time,hand,pos_x,pos_y,pos_z,vel_x,vel_y,vel_z,acc_x,acc_y,acc_z,state
1765389052.9881542,Right,0.5677478313446045,0.6374495625495911,2.472296216637915e-07,-0.41749247854061083,0.2271913941445627,2.860311035702846e-06,-1.9609762252834595,3.3521721979563,1.9086976543068262e-05,retracting
1765389053.0970442,Left,0.42786267399787903,0.6166849732398987,1.5413645826356515e-07,0.2822412036320487,0.1091955579631636,-2.7994164149655295e-08,2.4146138992769917,0.40054528294702724,-1.398793341270349e-05,firing
1765389053.0970442,Right,0.5715265274047852,0.6225387454032898,1.972693723928387e-07,0.03454062429851956,-0.13629805753937552,-4.566808688619057e-07,4.1319823894261445,-3.322615099794375,-3.032023993253487e-05,retracting
1765389053.1836429,Left,0.42786267399787903,0.6166849732398987,1.5413645826356515e-07,0.2822412036320487,0.1091955579631636,-2.7994164149655295e-08,2.4146138992769917,0.40054528294702724,-1.398793341270349e-05,firing
1765389053.1836429,Right,0.5726172924041748,0.617527961730957,1.8982727567617985e-07,0.012595637366782207,-0.057862155547173756,-8.59378065339534e-08,-0.2534103107136804,0.9057406302760574,4.281165211522406e-06,idle
