time,hand,pos_x,pos_y,pos_z,vel_x,vel_y,vel_z,acc_x,acc_y,acc_z,state
1765389240.1203706,Right,0.7660201787948608,0.9221888780593872,2.534732743697532e-07,-0.09177335953748401,0.1036057738174741,-1.6768138026392323e-06,-9.040887405139754,-4.361189264727191,-0.00012571387562241906,firing
1765389240.2225668,Left,0.3256319761276245,0.9009431004524231,2.8297321819081844e-08,0.011190672543393995,0.057089610851617255,2.9354946600049583e-07,0.42574679686454836,0.64860612097991,1.546134024066026e-05,idle
