time,hand,pos_x,pos_y,pos_z,vel_x,vel_y,vel_z,acc_x,acc_y,acc_z,state
1765389288.7354407,Left,0.41541922092437744,0.6005032658576965,-7.747501484800523e-08,-0.0562966190087175,0.08495831084813801,2.4025403707779322e-08,0.5313493367118152,-0.5596007710776911,3.5974423529002397e-06,firing
1765389288.7354407,Right,0.6434628367424011,0.6345985531806946,-1.2223645740050415e-07,-0.08203391788196537,0.12709915230404564,1.9157325190339952e-07,0.008056645119672027,1.177370009546142,-7.884991618443722e-07,idle
