time,hand,pos_x,pos_y,pos_z,vel_x,vel_y,vel_z,acc_x,acc_y,acc_z,state
1765388989.9499075,Right,0.6835347414016724,0.9332989454269409,-1.212061562227973e-07,0.006397893667702502,0.037546249833742426,-1.5590823898969485e-07,-0.21126395088149755,0.24256086465443902,1.0737313799485561e-05,firing
1765388990.0246024,Left,0.3447408378124237,0.8967610597610474,-5.789094714714338e-08,-0.00511959628776145,-0.00276639215241837,1.1012130376997301e-07,0.10406126358996742,-0.31621621443886827,5.450766164338122e-06,idle
