time,hand,pos_x,pos_y,pos_z,vel_x,vel_y,vel_z,acc_x,acc_y,acc_z,state
1765388989.3389666,Right,0.6849706172943115,0.8790320158004761,3.6301605632615974e-07,0.0410800606894605,0.050900512634396405,7.468074084108205e-08,-0.5885681565269467,-1.1214728683210298,1.2455390941571774e-05,firing
1765388989.448302,Left,0.34340277314186096,0.8887500166893005,7.918610833712592e-08,-0.03280929557952559,-0.05315027616622,-5.190008483468646e-07,0.0,0.0,0.0,idle
