time,hand,pos_x,pos_y,pos_z,vel_x,vel_y,vel_z,acc_x,acc_y,acc_z,state
1765389455.5369577,Left,0.5402793288230896,0.43568071722984314,-7.667417634138474e-08,-0.007583140211668464,0.08328538665271207,3.2735752277958265e-07,0.6151113718521211,-0.7042397263760255,-5.7127722167197304e-06,firing
1765389455.5369577,Right,0.6365220546722412,0.624048113822937,-1.6543449987693748e-07,-0.007429621837521492,-0.00803969050695772,5.3884764420504563e-08,0.052222462188739424,0.08986242993105709,-1.3175801065216555e-06,idle
