time,hand,pos_x,pos_y,pos_z,vel_x,vel_y,vel_z,acc_x,acc_y,acc_z,state
1765388801.6248372,Right,0.49696916341781616,0.7608368992805481,1.7604243396363017e-07,-0.14949465364278236,-0.40168985857249984,2.6826619186267746e-06,-0.14521898897326815,-5.2852626367110656,3.851685204839981e-05,firing
1765388801.7058673,Left,0.45024046301841736,0.7851627469062805,-1.8151416725231684e-07,0.012223154946240301,-0.027604039806534673,1.5646988361341432e-07,0.1354377747860012,-0.7279214436418185,4.92054835789858e-06,idle
