time,hand,pos_x,pos_y,pos_z,vel_x,vel_y,vel_z,acc_x,acc_y,acc_z,state
1765389021.219715,Left,0.3994886577129364,0.5477809906005859,2.4279452759401465e-07,-0.038455969001537936,0.04642029680228494,3.6763474528246227e-07,0.2436291913110836,0.41662741059849545,-7.880647873602481e-06,retracting
1765389021.219715,Right,0.6389920711517334,0.5987980961799622,-1.7964840992590325e-07,-0.02062940147815012,0.009263322919470907,-1.3521644410179637e-07,-0.2619286286567873,-0.04975767066533888,-1.7014221043237994e-06,idle
1765389021.319222,Left,0.3955599069595337,0.5586622357368469,8.563372944081493e-08,-0.03948221208447343,0.10935171385991058,-1.5793966972008909e-06,-0.010313290303690029,0.6324329821365324,-1.9566807153822575e-05,retracting
1765389021.319222,Right,0.6389920711517334,0.5987980961799622,-1.7964840992590325e-07,-0.02062940147815012,0.009263322919470907,-1.3521644410179637e-07,-0.2619286286567873,-0.04975767066533888,-1.7014221043237994e-06,idle
1765389021.432868,Left,0.3955599069595337,0.5586622357368469,8.563372944081493e-08,-0.03948221208447343,0.10935171385991058,-1.5793966972008909e-06,-0.010313290303690029,0.6324329821365324,-1.9566807153822575e-05,idle
1765389021.432868,Right,0.3913959264755249,0.5305476188659668,6.620683024038954e-08,-0.03104424743206267,-0.008557422038468623,3.08259683048489e-08,-0.0013058404248696928,-0.002234411269292748,2.081882874916913e-08,idle
1765389021.5298698,Left,0.42357292771339417,0.505661129951477,-1.2657002912419557e-07,0.1329850959965864,-0.251610035301934,-1.0073864383124542e-06,0.8187471720011426,-1.7135793131759418,2.7154814847601873e-06,firing
1765389021.5298698,Right,0.3913959264755249,0.5305476188659668,6.620683024038954e-08,-0.03104424743206267,-0.008557422038468623,3.08259683048489e-08,-0.0013058404248696928,-0.002234411269292748,2.081882874916913e-08,idle
