time,hand,pos_x,pos_y,pos_z,vel_x,vel_y,vel_z,acc_x,acc_y,acc_z,state
1765388818.0123205,Right,0.49963873624801636,0.5406556129455566,-3.3477206784482405e-07,-0.22694999314026051,-0.05426951467663701,-1.1448342846365117e-06,-1.239101336359125,-0.2048422747786772,-6.03342004004147e-06,retracting
1765388818.1483223,Left,0.3320460319519043,0.8747425675392151,1.2762032497448672e-07,0.03966869846391197,0.14990023000813657,2.411975349433015e-06,0.4022489144962485,0.10906581151622101,1.88118899188209e-05,idle
1765388818.1483223,Right,0.49963873624801636,0.5406556129455566,-3.3477206784482405e-07,-0.22694999314026051,-0.05426951467663701,-1.1448342846365117e-06,-1.239101336359125,-0.2048422747786772,-6.03342004004147e-06,retracting
1765388818.3283966,Left,0.3320460319519043,0.8747425675392151,1.2762032497448672e-07,0.03966869846391197,0.14990023000813657,2.411975349433015e-06,0.4022489144962485,0.10906581151622101,1.88118899188209e-05,idle
1765388818.3283966,Right,0.49963873624801636,0.5406556129455566,-3.3477206784482405e-07,-0.22694999314026051,-0.05426951467663701,-1.1448342846365117e-06,-1.239101336359125,-0.2048422747786772,-6.03342004004147e-06,idle
1765388818.4335792,Left,0.3320460319519043,0.8747425675392151,1.2762032497448672e-07,0.03966869846391197,0.14990023000813657,2.411975349433015e-06,0.4022489144962485,0.10906581151622101,1.88118899188209e-05,idle
1765388818.4335792,Right,0.49963873624801636,0.5406556129455566,-3.3477206784482405e-07,-0.22694999314026051,-0.05426951467663701,-1.1448342846365117e-06,-1.239101336359125,-0.2048422747786772,-6.03342004004147e-06,firing
1765388818.5482743,Left,0.3320460319519043,0.8747425675392151,1.2762032497448672e-07,0.03966869846391197,0.14990023000813657,2.411975349433015e-06,0.4022489144962485,0.10906581151622101,1.88118899188209e-05,idle
