time,hand,pos_x,pos_y,pos_z,vel_x,vel_y,vel_z,acc_x,acc_y,acc_z,state
1765389073.1252012,Left,0.44873830676078796,0.44777819514274597,8.314125921060622e-08,0.10804429265295028,-0.07927002209905577,6.159695462777406e-07,0.8549779440913791,-1.5094062430531938,1.3965451033844106e-05,firing
1765389073.1252012,Right,0.6755521297454834,0.4713389575481415,2.0745966367030633e-07,-0.08676656542856805,0.05852143135702383,3.1466130128724623e-07,-0.6065180866072457,0.4782280759566683,4.921699508662297e-06,idle
