time,hand,pos_x,pos_y,pos_z,vel_x,vel_y,vel_z,acc_x,acc_y,acc_z,state
1765389021.12422,Left,0.40316101908683777,0.5433480739593506,2.07687165243442e-07,-0.0617213931984908,0.006634368903048507,1.120198979229559e-06,-1.997095507125779,-1.1157807279486807,2.1098260498840266e-05,firing
1765389021.12422,Right,0.6389920711517334,0.5987980961799622,-1.7964840992590325e-07,-0.02062940147815012,0.009263322919470907,-1.3521644410179637e-07,-0.2619286286567873,-0.04975767066533888,-1.7014221043237994e-06,idle
