time,hand,pos_x,pos_y,pos_z,vel_x,vel_y,vel_z,acc_x,acc_y,acc_z,state
1765389292.644813,Left,0.495483934879303,0.7094667553901672,-1.675145568924563e-07,-0.01837517685578198,-0.018483744083201848,-3.014886487062519e-07,-1.2720493513626572,-0.5584042417278454,-9.744305931353378e-06,retracting
1765389292.644813,Right,0.5719678997993469,0.3884437084197998,-1.1641240149629084e-07,-0.2389915412018237,-0.4274421297993051,-3.537195452673809e-07,-0.6854328590504573,-0.733178556263693,-4.060443210975949e-06,firing
1765389292.7260895,Left,0.4828249216079712,0.7089208364486694,-1.7053177714387857e-07,-0.15575260048460243,-0.006716818520495867,-3.7122948710234106e-08,-1.690249509929821,0.144776628068689,3.2526741516702865e-06,retracting
1765389292.7260895,Right,0.5505791306495667,0.4494059979915619,-6.631751148233889e-08,-0.26316082816560965,0.7500612353255226,6.163520981791584e-07,-0.297371462987038,14.487638749293117,1.1935462731944433e-05,firing
1765389292.8183506,Left,0.46921825408935547,0.7128771543502808,-2.0372962694636954e-07,-0.14748004372420673,0.042881766333911324,-3.598250882313844e-07,0.08966464647313299,0.5375894908124369,-3.49770622243558e-06,idle
