time,hand,pos_x,pos_y,pos_z,vel_x,vel_y,vel_z,acc_x,acc_y,acc_z,state
1765389076.0326357,Left,0.43579888343811035,0.7966290712356567,1.811913534766063e-07,-0.041885756712675574,-0.44422210861997613,-3.612014485234315e-06,-2.6795993288933064,-6.605507169801573,-0.00010274075494363434,retracting
1765389076.0326357,Right,0.4505336880683899,0.688090443611145,-1.6689681103798648e-07,-0.1492575521524747,0.07811894748619773,-5.109896504043044e-07,-0.15836045874392315,0.012528301006604308,-9.114548095455386e-07,idle
1765389076.0735655,Left,0.45024344325065613,0.7681223750114441,-4.9857526107643935e-08,0.35762700108613527,-0.7057857362108046,-5.720445550598196e-06,9.891374422026017,-6.475947826895556,-5.220179006410551e-05,idle
1765389076.0735655,Right,0.4505336880683899,0.688090443611145,-1.6689681103798648e-07,-0.1492575521524747,0.07811894748619773,-5.109896504043044e-07,-0.15836045874392315,0.012528301006604308,-9.114548095455386e-07,idle
1765389076.1446295,Left,0.4505966603755951,0.7377548217773438,2.64720597442647e-07,0.004968058885665901,-0.42712479670025655,4.424594765075969e-06,-4.960207950595051,3.919413468026525,0.00014269171602150673,firing
1765389076.1446295,Right,0.4505336880683899,0.688090443611145,-1.6689681103798648e-07,-0.1492575521524747,0.07811894748619773,-5.109896504043044e-07,-0.15836045874392315,0.012528301006604308,-9.114548095455386e-07,idle
