time,hand,pos_x,pos_y,pos_z,vel_x,vel_y,vel_z,acc_x,acc_y,acc_z,state
1765389012.7421973,Left,0.42653989791870117,0.4779760539531708,-1.1037553093729002e-07,-0.04533290698500675,-0.22961841824770837,-5.212971492082352e-07,-0.6432865149605067,-2.5966966992998,-2.550872575912097e-06,firing
1765389012.7421973,Right,0.6435726284980774,0.5844953656196594,-1.6155365756276296e-07,-0.023830633349146972,0.004962500939744856,-6.863195714934912e-08,-0.020017852520518367,-0.5817664068314302,-4.459432264564277e-07,idle
