time,hand,pos_x,pos_y,pos_z,vel_x,vel_y,vel_z,acc_x,acc_y,acc_z,state
1765389051.1961262,Right,0.6688783764839172,0.6084293127059937,-1.834787184407105e-07,0.0708966826001229,-0.0716524318468414,-4.220936749623357e-07,1.3067446517446821,0.7333252368875905,-4.413606357983858e-06,firing
1765389051.2916915,Left,0.37912502884864807,0.6031111478805542,-5.3023516244365965e-08,-0.024421731206264202,-0.07805053664244088,-2.556941759397769e-07,-0.06813649814017497,-0.882475152605488,-1.2419369011369233e-06,idle
