time,hand,pos_x,pos_y,pos_z,vel_x,vel_y,vel_z,acc_x,acc_y,acc_z,state
1765389074.620558,Left,0.6418469548225403,0.5724440813064575,4.702210105733684e-07,0.04135102918692937,-0.010081864197424226,1.0378156600155936e-06,-1.223445167822475,-1.2435598787760513,7.2591387180955e-06,retracting
1765389074.620558,Right,0.6432711482048035,0.5872148275375366,4.929481747240061e-07,0.05523456341673405,0.06194105309482604,6.659791695148894e-07,1.2382001784498342,-1.7763417606369076,-7.877185698797244e-06,firing
1765389074.7190316,Left,0.6418469548225403,0.5724440813064575,4.702210105733684e-07,0.04135102918692937,-0.010081864197424226,1.0378156600155936e-06,-1.223445167822475,-1.2435598787760513,7.2591387180955e-06,retracting
1765389074.7190316,Right,0.6432711482048035,0.5872148275375366,4.929481747240061e-07,0.05523456341673405,0.06194105309482604,6.659791695148894e-07,1.2382001784498342,-1.7763417606369076,-7.877185698797244e-06,firing
1765389074.7823985,Left,0.6418469548225403,0.5724440813064575,4.702210105733684e-07,0.04135102918692937,-0.010081864197424226,1.0378156600155936e-06,-1.223445167822475,-1.2435598787760513,7.2591387180955e-06,idle
