time,hand,pos_x,pos_y,pos_z,vel_x,vel_y,vel_z,acc_x,acc_y,acc_z,state
1765389313.6447022,Left,0.3940103054046631,0.5170364379882812,2.6075045411744213e-07,0.012373619230578142,-0.06393666263683487,-2.5382390657265755e-07,-0.6297151226459631,-1.8311673549631946,2.3166419738501024e-05,retracting
1765389313.6447022,Right,0.6248164772987366,0.539313554763794,1.4470882092609827e-07,-0.014797211135584519,-0.006543646390540384,-2.5619667150449015e-07,0.21498157957458325,-0.32966008738407543,8.545414174121965e-07,idle
1765389313.692326,Left,0.39896082878112793,0.5183913707733154,2.804382575050113e-07,0.10395045782456984,0.028450705635572643,4.134019819858664e-07,1.9229187651609458,1.9399381638678137,1.4010324023071811e-05,retracting
1765389313.692326,Right,0.6225306987762451,0.5430952906608582,1.6774734490354604e-07,-0.04799648558941472,0.0794084075514771,4.837599851448823e-07,-0.6971141264226495,1.8048102551563197,1.553751540588984e-05,idle
1765389313.756431,Left,0.4080802798271179,0.5222439169883728,2.655089588188275e-07,0.14225795534000804,0.06009740549547003,-2.3288808668923694e-07,0.5975739376478099,0.4936694974976088,-1.0081736637722446e-05,retracting
1765389313.756431,Right,0.6223147511482239,0.5361688733100891,1.2289527262510092e-07,-0.0033686532081703088,-0.1080479477528675,-6.996653705268283e-07,0.6961673629032824,-2.924206477626987,-1.8460724285526705e-05,firing
1765389313.8251345,Left,0.41204124689102173,0.523297131061554,2.636868430272443e-07,0.05765313381662462,0.015329865388686264,-2.6521474141720436e-08,-1.23145005200117,-0.6516057666669336,3.0037315980000853e-06,idle
