time,hand,pos_x,pos_y,pos_z,vel_x,vel_y,vel_z,acc_x,acc_y,acc_z,state
1765389024.6669364,Right,0.4433954954147339,0.6562734842300415,1.6374404765429063e-07,-0.1430692759910163,0.3271990333619917,-4.185314549884422e-07,-0.9314372407095849,0.964462446773481,-2.464729777524598e-06,retracting
1765389024.731145,Left,0.48899999260902405,0.5206806063652039,-5.689836868327802e-08,-0.4395507100617089,-0.05126750790365147,-1.311474096734765e-06,-4.7058291266885774,1.7642951715629653,4.536794928901816e-05,firing
1765389024.731145,Right,0.42533642053604126,0.5623059272766113,4.0188623984249716e-07,-0.007869189965951023,-0.040946092824240825,1.037697756848041e-07,0.058913048840582696,-0.1604181804692866,2.2759125986387887e-07,retracting
1765389024.758216,Left,0.5807546377182007,0.5953285694122314,-6.659638529527001e-08,0.5216119682354233,0.424362939700706,-5.5131830404246725e-08,5.464071664431258,2.7038907254494045,7.142125192008108e-06,firing
1765389024.758216,Right,0.42533642053604126,0.5623059272766113,4.0188623984249716e-07,-0.007869189965951023,-0.040946092824240825,1.037697756848041e-07,0.058913048840582696,-0.1604181804692866,2.2759125986387887e-07,retracting
1765389024.836987,Left,0.5326151847839355,0.5698255896568298,2.3398648352213058e-07,-0.6111307848300493,-0.32376055570689183,3.8159022034937455e-06,-14.380179364246871,-9.497434454075696,4.9142811624185006e-05,firing
1765389024.836987,Right,0.42533642053604126,0.5623059272766113,4.0188623984249716e-07,-0.007869189965951023,-0.040946092824240825,1.037697756848041e-07,0.058913048840582696,-0.1604181804692866,2.2759125986387887e-07,idle
