time,hand,pos_x,pos_y,pos_z,vel_x,vel_y,vel_z,acc_x,acc_y,acc_z,state
1765389053.9793105,Right,0.5655785202980042,0.5816797614097595,1.5526924812547804e-07,-0.008515382995618631,0.01639969150288328,-1.3305779862474456e-07,0.14930560445953112,0.4486880109720098,-9.638137819089014e-08,firing
1765389054.0883577,Left,0.42786267399787903,0.6166849732398987,1.5413645826356515e-07,0.2822412036320487,0.1091955579631636,-2.7994164149655295e-08,2.4146138992769917,0.40054528294702724,-1.398793341270349e-05,firing
1765389054.0883577,Right,0.56736820936203,0.5822681188583374,1.402757305868363e-07,0.016324830749356815,0.005366762283584264,-1.367648945707031e-07,0.22658253509823495,-0.10063798555573308,-3.381465255940386e-08,retracting
1765389054.2046955,Left,0.42786267399787903,0.6166849732398987,1.5413645826356515e-07,0.2822412036320487,0.1091955579631636,-2.7994164149655295e-08,2.4146138992769917,0.40054528294702724,-1.398793341270349e-05,firing
1765389054.2046955,Right,0.564799427986145,0.5825839042663574,1.5939353659177868e-07,-0.02190578332604784,0.002692921550488467,1.630308129548006e-07,-0.3260190050502212,-0.022801697449779168,2.556566266317743e-06,retracting
1765389054.282647,Left,0.42786267399787903,0.6166849732398987,1.5413645826356515e-07,0.2822412036320487,0.1091955579631636,-2.7994164149655295e-08,2.4146138992769917,0.40054528294702724,-1.398793341270349e-05,retracting
1765389054.282647,Right,0.5637564659118652,0.585038959980011,1.483785894151879e-07,-0.013470776621297038,0.03170921352466589,-1.4226777422726944e-07,0.10894556371793775,0.37477104604440553,-3.943200977434579e-06,idle
