time,hand,pos_x,pos_y,pos_z,vel_x,vel_y,vel_z,acc_x,acc_y,acc_z,state
1765388835.096531,Right,0.49961450695991516,0.6632300615310669,-5.7760544791563007e-08,-0.11270307652144226,0.5167807978472383,2.0310618006906455e-06,-2.3786825191300927,10.781346626910926,4.258319529789641e-05,firing
1765388835.2252688,Left,0.5965445637702942,0.877342164516449,1.7939112240128452e-07,-0.016783854119007794,0.024403021130343438,5.3200519929359914e-08,-0.15675123552092865,0.2919803637268577,4.3514633492049825e-07,idle
