time,hand,pos_x,pos_y,pos_z,vel_x,vel_y,vel_z,acc_x,acc_y,acc_z,state
1765388836.717952,Right,0.49961450695991516,0.6632300615310669,-5.7760544791563007e-08,-0.11270307652144226,0.5167807978472383,2.0310618006906455e-06,-2.3786825191300927,10.781346626910926,4.258319529789641e-05,firing
1765388836.823313,Left,0.5968378186225891,0.8762175440788269,1.7696832799174445e-07,-0.004293642087614155,0.025162091538242008,5.2465701084498943e-08,-0.007661958388699916,0.261637570556523,1.0935702051608027e-06,idle
