time,hand,pos_x,pos_y,pos_z,vel_x,vel_y,vel_z,acc_x,acc_y,acc_z,state
1765389079.801631,Left,0.4384608268737793,0.5804780125617981,1.6383566503463953e-07,0.027570743440022024,0.09580538128287233,-2.503659349098815e-08,-0.5895755556494967,-0.2508730375217818,-4.044350792945633e-06,firing
1765389079.801631,Right,0.6721699237823486,0.6194908618927002,1.6056145568654756e-07,0.017796238586384933,0.14500407842527965,-3.303888872107672e-08,0.16284796005871485,0.30289749677350825,1.1858452089222326e-06,idle
