time,hand,pos_x,pos_y,pos_z,vel_x,vel_y,vel_z,acc_x,acc_y,acc_z,state
1765388836.5427558,Left,0.596279501914978,0.8771047592163086,1.967842138128617e-07,-0.026440355679667835,0.03548896768385663,1.553314716947223e-07,-0.21622575203723254,-0.01468861670583694,7.648829722164595e-07,idle
1765388836.5432715,Right,0.49961450695991516,0.6632300615310669,-5.7760544791563007e-08,-0.11270307652144226,0.5167807978472383,2.0310618006906455e-06,-2.3786825191300927,10.781346626910926,4.258319529789641e-05,firing
1765388836.6181798,Left,0.5976381301879883,0.8738033771514893,1.7768927307315607e-07,0.017736423395831778,-0.043098403924205074,-2.492778638614275e-07,0.576712610441362,-1.0259310247665012,-5.2820352909554704e-06,idle
