time,hand,pos_x,pos_y,pos_z,vel_x,vel_y,vel_z,acc_x,acc_y,acc_z,state
1765388798.8028066,Left,0.5494848489761353,0.7926153540611267,1.7321876555342897e-07,-0.1797555287015073,0.15015267023726048,-7.421692261627118e-07,-1.059358891710821,1.145465771346386,3.4654565553361803e-06,firing
1765388798.8028066,Right,0.5267224311828613,0.8407834768295288,-3.5787604701909004e-07,-0.12059235273632185,0.6502128724402838,-4.98317886254953e-06,-0.18252490871671526,6.042771784016726,-4.7470098469504866e-05,firing
1765388799.001338,Left,0.5494848489761353,0.7926153540611267,1.7321876555342897e-07,-0.1797555287015073,0.15015267023726048,-7.421692261627118e-07,-1.059358891710821,1.145465771346386,3.4654565553361803e-06,retracting
1765388799.001338,Right,0.49696916341781616,0.7608368992805481,1.7604243396363017e-07,-0.14949465364278236,-0.40168985857249984,2.6826619186267746e-06,-0.14521898897326815,-5.2852626367110656,3.851685204839981e-05,retracting
1765388799.0536783,Left,0.4724183678627014,0.7517046928405762,-9.147879609372467e-08,-0.17110661812191522,-0.09083176999189038,-5.87693948707704e-07,0.019202717164867256,-0.5350449636713089,3.429732605783069e-07,retracting
1765388799.0536783,Right,0.49696916341781616,0.7608368992805481,1.7604243396363017e-07,-0.14949465364278236,-0.40168985857249984,2.6826619186267746e-06,-0.14521898897326815,-5.2852626367110656,3.851685204839981e-05,retracting
1765388799.1018531,Left,0.46491768956184387,0.7686458230018616,1.3754306849023124e-07,-0.15569694645154905,0.35165916064535285,4.753970715193232e-06,0.3198695809447861,9.185100862790813,0.00011088075555012546,retracting
1765388799.1018531,Right,0.49696916341781616,0.7608368992805481,1.7604243396363017e-07,-0.14949465364278236,-0.40168985857249984,2.6826619186267746e-06,-0.14521898897326815,-5.2852626367110656,3.851685204839981e-05,retracting
1765388799.2146356,Left,0.4644416570663452,0.7615467309951782,1.8073455976264086e-07,-0.004220801870439114,-0.06294499031802539,3.82962778536104e-07,1.343082248419022,-3.676139743453677,-3.87560904963444e-05,idle
