time,hand,pos_x,pos_y,pos_z,vel_x,vel_y,vel_z,acc_x,acc_y,acc_z,state
1765388996.0288165,Left,0.3395802974700928,0.9030323028564453,-1.35277460344696e-07,0.006193461941106468,-0.013584233319315325,-2.805071162893336e-07,0.13225569703327736,-0.4182440899773306,-3.975109609472368e-06,idle
1765388996.0288165,Right,0.685640811920166,0.843846321105957,3.4383106140012387e-07,0.029205738137632983,-0.11220931272984315,9.946656094207874e-07,0.4013689499428323,0.1894337950303989,-3.837532269264027e-06,idle
1765388996.100565,Left,0.3391973376274109,0.9005413055419922,-1.247669274562213e-07,-0.005384914528625116,-0.03502666894635033,1.4779179158414877e-07,-0.1628070641378976,-0.3015085924636857,6.0224408790506414e-06,idle
1765388996.100565,Right,0.6828484535217285,0.8424474596977234,4.2518706777627813e-07,-0.03926419857385672,-0.019669814641603556,1.1439714870830084e-06,-0.9627765522089402,1.3012259568452387,2.0994352415699113e-06,firing
1765388996.2110186,Left,0.33992427587509155,0.9030765295028687,-1.0696083307948356e-07,0.006543985714408358,0.022822391634687203,1.6029260752553772e-07,0.10738539762913324,0.520764215175196,1.1253385167158476e-07,idle
