time,hand,pos_x,pos_y,pos_z,vel_x,vel_y,vel_z,acc_x,acc_y,acc_z,state
1765389289.4161267,Left,0.3870607614517212,0.6248840093612671,3.050507757507148e-07,-0.15715921849998632,-0.30130941156679486,-2.019846858768069e-06,-1.5236479947055805,-3.803487312742786,-2.8386786888132106e-05,retracting
1765389289.4161267,Right,0.6434628367424011,0.6345985531806946,-1.2223645740050415e-07,-0.08203391788196537,0.12709915230404564,1.9157325190339952e-07,0.008056645119672027,1.177370009546142,-7.884991618443722e-07,idle
1765389289.551611,Left,0.37853705883026123,0.6138889789581299,2.734609267918131e-07,-0.06291288173412968,-0.08115358760571709,-2.331625726297329e-07,0.6956259388844926,1.624955483673454,1.3187397799056014e-05,retracting
1765389289.551611,Right,0.6434628367424011,0.6345985531806946,-1.2223645740050415e-07,-0.08203391788196537,0.12709915230404564,1.9157325190339952e-07,0.008056645119672027,1.177370009546142,-7.884991618443722e-07,idle
1765389289.6418421,Left,0.3795410394668579,0.5923168063163757,3.0787830951339856e-07,0.011126759446912066,-0.23907669827747935,3.814355818988069e-07,0.8205549459098606,-1.7502055313629161,6.811372224405077e-06,idle
1765389289.6418421,Right,0.6434628367424011,0.6345985531806946,-1.2223645740050415e-07,-0.08203391788196537,0.12709915230404564,1.9157325190339952e-07,0.008056645119672027,1.177370009546142,-7.884991618443722e-07,idle
1765389289.7474601,Left,0.36735379695892334,0.5895203351974487,2.5794503244469524e-07,-0.11538982469288524,-0.026477220910441225,-4.7277241620060455e-07,-1.19786953079249,2.0129095164234223,-8.087712301431518e-06,firing
1765389289.7474601,Right,0.6434628367424011,0.6345985531806946,-1.2223645740050415e-07,-0.08203391788196537,0.12709915230404564,1.9157325190339952e-07,0.008056645119672027,1.177370009546142,-7.884991618443722e-07,idle
