time,hand,pos_x,pos_y,pos_z,vel_x,vel_y,vel_z,acc_x,acc_y,acc_z,state
1765389311.0089939,Right,0.910419225692749,0.49965134263038635,2.9069747142784763e-07,-0.02418646301490217,0.19721396201053554,-4.5052882094162616e-08,-2.253700305524036,2.5509723518052305,-9.437262931771405e-06,firing
1765389311.0743682,Left,0.18176890909671783,0.43271511793136597,3.8063714669078763e-07,-0.08296012035150513,0.20695347040235018,-6.86648166920514e-07,-2.4596270615473506,3.6048597687729957,-8.147631562012316e-06,firing
1765389311.0743682,Right,0.9094629287719727,0.5027440190315247,2.7233630817136145e-07,-0.014619318202527308,0.04727906095209631,-2.8069492056630454e-07,0.1462570162708643,-2.292118672157018,-3.602360174410758e-06,retracting
1765389311.1402898,Left,0.1732420027256012,0.4451026916503906,3.3336266369587975e-07,-0.128357250782394,0.1864726592781877,-7.116323793515251e-07,-0.68337221049556,-0.3083018031716356,-3.7609241629188025e-07,firing
1765389311.1402898,Right,0.9088514447212219,0.5100353360176086,2.548740667407401e-07,-0.00920479341927704,0.109757673203365,-2.628626614366652e-07,0.08150593957795851,0.940503220304722,2.6843261289615967e-07,retracting
1765389311.1830733,Left,0.17801126837730408,0.4625912308692932,3.663776340090408e-07,0.11147441863057059,0.40876832713837513,7.71675324994971e-07,5.605704917582768,5.195827229703787,3.4670088870648855e-05,firing
1765389311.1830733,Right,0.9059513211250305,0.5179255604743958,2.898554498642625e-07,-0.06778603153020112,0.1844221413565008,8.176372698374587e-07,-1.3692484206122215,1.7451697572685536,2.5255062406965752e-05,retracting
1765389311.2502685,Left,0.1748400181531906,0.4850967824459076,3.5398289810473216e-07,-0.04719461071470389,0.33492807899601545,-1.844587133072849e-07,-2.361315740867956,-1.0988920835251998,-1.4229206319210413e-05,firing
1765389311.2502685,Right,0.9071571230888367,0.5297485589981079,3.287109393568244e-07,0.01794476949442408,0.17595010591228263,5.782481895585404e-07,1.2758475347835436,-0.12608100480712642,-3.562593190284413e-06,idle
