time,hand,pos_x,pos_y,pos_z,vel_x,vel_y,vel_z,acc_x,acc_y,acc_z,state
1765388833.0794678,Left,0.5929834842681885,0.7627729177474976,1.4901044664838992e-07,-0.027349280396011366,0.2647078295765897,-1.8281048528469046e-08,1.5174158505293713,-0.002597423039904554,4.6693777987099244e-06,firing
1765388833.0794678,Right,0.49961450695991516,0.6632300615310669,-5.7760544791563007e-08,-0.11270307652144226,0.5167807978472383,2.0310618006906455e-06,-2.3786825191300927,10.781346626910926,4.258319529789641e-05,firing
1765388833.1154852,Left,0.5910136103630066,0.7723196744918823,1.6124135981954169e-07,-0.05387768010850853,0.26111169075069124,3.3452558843324216e-07,-0.7255736672995834,-0.09835737037678888,9.649553241138382e-06,retracting
1765388833.1154852,Right,0.49961450695991516,0.6632300615310669,-5.7760544791563007e-08,-0.11270307652144226,0.5167807978472383,2.0310618006906455e-06,-2.3786825191300927,10.781346626910926,4.258319529789641e-05,firing
1765388833.1809397,Left,0.5896721482276917,0.7851639986038208,1.7394609130860772e-07,-0.02081514420586886,0.19930227740207468,1.9713625236217804e-07,0.5130233903050787,-0.9590817498770138,-2.131837170339792e-06,retracting
1765388833.1809397,Right,0.49961450695991516,0.6632300615310669,-5.7760544791563007e-08,-0.11270307652144226,0.5167807978472383,2.0310618006906455e-06,-2.3786825191300927,10.781346626910926,4.258319529789641e-05,firing
1765388833.2337105,Left,0.5884723663330078,0.7899439930915833,1.699430782764466e-07,-0.02230953383725312,0.08888236206858334,-7.443465773876913e-08,-0.027787663903857094,-2.0532205464629887,-5.049768157826095e-06,retracting
1765388833.2337105,Right,0.49961450695991516,0.6632300615310669,-5.7760544791563007e-08,-0.11270307652144226,0.5167807978472383,2.0310618006906455e-06,-2.3786825191300927,10.781346626910926,4.258319529789641e-05,firing
1765388833.2944002,Left,0.5887800455093384,0.8006163835525513,1.6021778037611512e-07,0.005069710981296479,0.17585179394306052,-1.6024629989492087e-07,0.4511350419343152,1.433018279200817,-1.4139410724849476e-06,idle
