time,hand,pos_x,pos_y,pos_z,vel_x,vel_y,vel_z,acc_x,acc_y,acc_z,state
1765388990.0251188,Right,0.6853456497192383,0.9292079210281372,-1.3621183825307526e-07,0.023911387304345635,-0.05401823379043733,-1.981363006130073e-07,0.23124965816096493,-1.2090252223276783,-5.575829139401165e-07,firing
1765388990.1173792,Left,0.3448975086212158,0.8957959413528442,-6.333903712629763e-08,0.0016886856455616832,-0.010402586255634306,-5.8722562387060945e-08,0.07338347239271036,-0.08230717303523982,-1.8198936695274946e-06,idle
