time,hand,pos_x,pos_y,pos_z,vel_x,vel_y,vel_z,acc_x,acc_y,acc_z,state
1765389465.6947906,Left,0.505908727645874,0.5493723750114441,6.746797254209014e-08,-0.3435090980238701,0.18018978673449423,2.2237233133057744e-06,-3.298919723568136,2.571296295544091,2.6247944891970427e-05,firing
1765389465.6947906,Right,0.6409464478492737,0.6827408671379089,-5.682948156504608e-08,0.009885534584835355,0.023321569955862057,2.4559503992942022e-08,-0.12490962620134123,0.6646755692593128,-5.815323674258481e-07,idle
