time,hand,pos_x,pos_y,pos_z,vel_x,vel_y,vel_z,acc_x,acc_y,acc_z,state
1765389290.533706,Right,0.6741421222686768,0.5883969068527222,2.1170319541852223e-07,-0.15685785973276709,-0.17264906648771008,1.9743742686977785e-06,-0.9356486741052298,-1.2226341965421574,4.916089758790675e-05,firing
1765389290.6342363,Left,0.3647172451019287,0.5652477145195007,2.2418086587094876e-07,-0.03204678252744905,0.02660157616363555,-1.0194428648440982e-06,-0.09575981334318061,0.8168470759285588,-1.8042603527867444e-05,idle
