time,hand,pos_x,pos_y,pos_z,vel_x,vel_y,vel_z,acc_x,acc_y,acc_z,state
1765389053.2982259,Left,0.42786267399787903,0.6166849732398987,1.5413645826356515e-07,0.2822412036320487,0.1091955579631636,-2.7994164149655295e-08,2.4146138992769917,0.40054528294702724,-1.398793341270349e-05,retracting
1765389053.2982259,Right,0.5719039440155029,0.6128362417221069,1.991492553088392e-07,-0.0062256032093483925,-0.04094603367485372,8.135568431943179e-08,-0.16425855528016645,0.14763201864676237,1.460019970745318e-06,idle
1765389053.3892589,Left,0.42786267399787903,0.6166849732398987,1.5413645826356515e-07,0.2822412036320487,0.1091955579631636,-2.7994164149655295e-08,2.4146138992769917,0.40054528294702724,-1.398793341270349e-05,retracting
1765389053.3892589,Right,0.5733332633972168,0.6123057007789612,1.737079884378545e-07,0.015701115708972816,-0.005828007961866848,-2.7947306951453193e-07,0.2408656562411354,0.3857725517785441,-3.963714539628122e-06,idle
1765389053.487038,Left,0.42786267399787903,0.6166849732398987,1.5413645826356515e-07,0.2822412036320487,0.1091955579631636,-2.7994164149655295e-08,2.4146138992769917,0.40054528294702724,-1.398793341270349e-05,idle
1765389053.4875867,Right,0.5743544101715088,0.6186407804489136,1.7902421234339272e-07,0.010443412213647392,0.06478975409336406,5.4369772361153656e-08,-0.05377127586471454,0.7222178214873954,3.4142578716958793e-06,idle
1765389053.5889244,Left,0.42786267399787903,0.6166849732398987,1.5413645826356515e-07,0.2822412036320487,0.1091955579631636,-2.7994164149655295e-08,2.4146138992769917,0.40054528294702724,-1.398793341270349e-05,firing
1765389053.5889244,Right,0.573826253414154,0.6134881377220154,1.779929306167105e-07,-0.005183775094011134,-0.05057237394785921,-1.012186714501021e-08,-0.1533783734219617,-1.1322610528119448,-6.32975248330407e-07,idle
