time,hand,pos_x,pos_y,pos_z,vel_x,vel_y,vel_z,acc_x,acc_y,acc_z,state
1765389075.5674422,Left,0.4488203525543213,0.7460474371910095,-1.9437227649632405e-07,-0.1478359100452105,-0.07474329329191602,-1.5306215064021044e-07,9.542270846071737,-6.71307790144091,4.418985911768784e-05,retracting
1765389075.5674422,Right,0.6432711482048035,0.5872148275375366,4.929481747240061e-07,0.05523456341673405,0.06194105309482604,6.659791695148894e-07,1.2382001784498342,-1.7763417606369076,-7.877185698797244e-06,firing
1765389075.6121318,Left,0.4488203525543213,0.7460474371910095,-1.9437227649632405e-07,-0.1478359100452105,-0.07474329329191602,-1.5306215064021044e-07,9.542270846071737,-6.71307790144091,4.418985911768784e-05,retracting
1765389075.6121318,Right,0.4505336880683899,0.688090443611145,-1.6689681103798648e-07,-0.1492575521524747,0.07811894748619773,-5.109896504043044e-07,-0.15836045874392315,0.012528301006604308,-9.114548095455386e-07,firing
1765389075.6398509,Left,0.4440855085849762,0.712848961353302,1.416797204001341e-07,-0.06539056120433054,-0.4584875404999605,4.641046001339468e-06,1.138611465192089,-5.299699809820384,6.62090291806528e-05,retracting
1765389075.6398509,Right,0.4505336880683899,0.688090443611145,-1.6689681103798648e-07,-0.1492575521524747,0.07811894748619773,-5.109896504043044e-07,-0.15836045874392315,0.012528301006604308,-9.114548095455386e-07,firing
1765389075.667612,Left,0.45020008087158203,0.7447773218154907,3.2457947440889257e-07,0.2202558850556944,1.1501064935288006,6.588318087908275e-06,10.289405028677743,57.943922494206994,7.014360396245153e-05,idle
