time,hand,pos_x,pos_y,pos_z,vel_x,vel_y,vel_z,acc_x,acc_y,acc_z,state
1765389008.555392,Left,0.38678810000419617,0.543641984462738,3.744260457239079e-09,0.06216144098496968,-0.013192252894466839,3.9071624249291046e-07,1.1600931567520167,-0.5879360412472978,6.412359602431104e-06,firing
1765389008.555392,Right,0.6395391821861267,0.568213164806366,-1.7454136980177282e-07,-0.0415698197431571,-0.013107157271299434,-2.023985935756181e-07,-0.7954543397188737,-0.4546534870387888,-8.706327542600292e-07,idle
