time,hand,pos_x,pos_y,pos_z,vel_x,vel_y,vel_z,acc_x,acc_y,acc_z,state
1765389304.365162,Left,0.3651150166988373,0.661878764629364,-1.0128410821153011e-07,0.05704821776086285,-0.016851437846445962,8.823263204853494e-07,0.6757803402445752,-2.2717733738601,1.4830320106551131e-05,firing
1765389304.365162,Right,0.7071765065193176,0.5817280411720276,-6.106429850660788e-08,-0.006430566034584042,-0.03408708095873134,-3.35615588226583e-09,-0.10988066642147241,-0.32501123559662803,-2.3877948727419136e-07,idle
