time,hand,pos_x,pos_y,pos_z,vel_x,vel_y,vel_z,acc_x,acc_y,acc_z,state
1765388996.2120442,Right,0.6846489310264587,0.8411797881126404,3.8557635662073153e-07,0.016208115486645892,-0.011411732385539273,-3.565803956064803e-07,0.49936845655776985,0.07434025171259571,-1.3508148890746244e-05,firing
1765388996.3292184,Left,0.33936089277267456,0.9015138149261475,-1.157798266149257e-07,-0.004786695296357817,-0.013277356885305677,-7.49291817479218e-08,-0.09626933655994127,-0.306715795519994,-1.9985246761674603e-06,idle
