time,hand,pos_x,pos_y,pos_z,vel_x,vel_y,vel_z,acc_x,acc_y,acc_z,state
1765389316.8610885,Left,0.4352617859840393,0.5567342042922974,-9.448200444239774e-08,-0.05531704211903667,0.06810305195034834,6.2887168703775e-07,-2.3683622302499456,3.7156979381867195,8.058380675119273e-06,firing
1765389316.8610885,Right,0.5851141214370728,0.5723922848701477,-2.7485589271236677e-07,-0.08362096403437423,-0.2082823496127595,1.1121113330592705e-07,-1.7564472869363732,-4.364070670100776,1.4170444788365043e-05,firing
1765389316.9252038,Left,0.43678921461105347,0.5491607785224915,-1.0719053733510009e-07,0.023823158646283826,-0.11812199956120616,-1.982137756945141e-07,1.2343421648555395,-2.904534370777517,-1.2899973094797267e-05,retracting
1765389316.9252038,Right,0.5829449892044067,0.5655511617660522,-2.6207001724287693e-07,-0.03383174859344264,-0.1067003447134639,1.9942008048960134e-07,0.7765576455392187,1.5843648439758258,1.3757865379845746e-06,firing
1765389316.9980948,Left,0.43589431047439575,0.5487169027328491,-1.102775470940287e-07,-0.012277293140612376,-0.006089583190231808,-4.2351043185303654e-08,-0.49526626477735325,1.5369856509711055,2.138298816965173e-06,retracting
1765389316.9980948,Right,0.5841884016990662,0.5648295879364014,-2.464780664013233e-07,0.017058519528860717,-0.009899354653007422,2.13907773217713e-07,0.6981694621229052,1.3280239554064013,1.9875832870596843e-07,firing
1765389317.057341,Left,0.437727689743042,0.5473561882972717,-1.0291751806335014e-07,0.030945041590039316,-0.022967078073377143,1.2422765346660608e-07,0.7295364187499701,-0.28487001572798065,2.8116302960675243e-06,retracting
1765389317.057341,Right,0.5839139223098755,0.5628272891044617,-2.430568599720573e-07,-0.004632852710495499,-0.033796182650092356,5.774548510081084e-08,-0.3661219626354472,-0.40334716819714256,-2.635814958320926e-06,retracting
1765389317.1019123,Left,0.43690136075019836,0.5454036593437195,-1.2065318344411935e-07,-0.018539543716066222,-0.043807002059429244,-3.97917955811719e-07,-1.1102377388415827,-0.46756520117892575,-1.1714875592171579e-05,idle
