time,hand,pos_x,pos_y,pos_z,vel_x,vel_y,vel_z,acc_x,acc_y,acc_z,state
1765389078.8296824,Left,0.442043662071228,0.504425048828125,-1.508596803034834e-08,-0.002129682393850233,0.02665373835579797,-7.389784415531523e-07,-0.3584651414450037,0.8246947086343496,-4.494154453509907e-05,firing
1765389078.8296824,Right,0.6514882445335388,0.5294371843338013,2.5489825361546536e-07,-0.04229161050536567,0.0619604930340868,1.4472029220883607e-06,-0.8557397280610716,0.7530145817968527,3.088646431511419e-05,idle
