time,hand,pos_x,pos_y,pos_z,vel_x,vel_y,vel_z,acc_x,acc_y,acc_z,state
1765389052.6853917,Left,0.40177643299102783,0.6065925359725952,1.5672382858156197e-07,0.059069677630662364,0.0721750214481078,1.2648454265830706e-06,0.5811552235947943,1.5039631075888766,1.1751738697873129e-05,firing
1765389052.6853917,Right,0.6557132601737976,0.6081953644752502,-1.879111550806556e-07,-0.08071149056405469,0.026005983472124794,-1.4376402499728915e-07,-0.7584296343151579,0.5988887282056476,-4.880271447713696e-06,idle
