time,hand,pos_x,pos_y,pos_z,vel_x,vel_y,vel_z,acc_x,acc_y,acc_z,state
1765389310.3614159,Left,0.16110068559646606,0.24706898629665375,5.625884682558535e-07,0.0024282646077000507,0.01591641277079424,4.6905626584380697e-07,0.018819875938970637,2.272052762428355,4.340672770030389e-06,retracting
1765389310.3614159,Right,0.8671618103981018,0.36829620599746704,2.107235843595845e-07,0.2033775734073465,0.07898545849889002,-1.510831371759348e-07,-0.22185910906978357,0.6243952199192077,-1.2733155547931372e-05,idle
1765389310.448464,Left,0.15376415848731995,0.21738508343696594,7.107341275514045e-07,-0.08479671357750485,-0.34309113443027717,1.7122904137264957e-06,-1.0081597712293846,-4.149464685303256,1.436949231965034e-05,retracting
1765389310.448464,Right,0.87343430519104,0.40640267729759216,3.179454211021948e-07,0.07249846370908851,0.44044048147219383,1.2392865512869777e-06,-1.5127209663720176,4.177752988332511,1.607010762523526e-05,firing
1765389310.5505054,Left,0.15609396994113922,0.24549558758735657,1.0649281421137857e-06,0.022714237399235726,0.27406023076994596,3.4531751137928598e-06,1.0481660477289032,6.016848529712693,1.697256157668115e-05,idle
