time,hand,pos_x,pos_y,pos_z,vel_x,vel_y,vel_z,acc_x,acc_y,acc_z,state
1765389057.3305774,Left,0.42786267399787903,0.6166849732398987,1.5413645826356515e-07,0.2822412036320487,0.1091955579631636,-2.7994164149655295e-08,2.4146138992769917,0.40054528294702724,-1.398793341270349e-05,firing
1765389057.3305774,Right,0.5800777673721313,0.5928289890289307,1.6787529943940172e-07,0.016368137641967026,0.017928810178286243,1.8500938556055828e-07,0.035898788690619715,-0.04905193160748615,1.9741583206908882e-08,idle
