time,hand,pos_x,pos_y,pos_z,vel_x,vel_y,vel_z,acc_x,acc_y,acc_z,state
1765389022.40604,Left,0.4531257152557373,0.629401445388794,2.637234501889907e-07,-0.42902335150167104,0.5931603478869367,-3.387192927106652e-08,-3.062186375075735,2.832619900144395,-3.5441652621458263e-06,firing
1765389022.40604,Right,0.4859665036201477,0.5589137077331543,2.8828026188421063e-07,0.13408472609931102,0.04021820920526985,3.148617271348533e-07,0.23412433185381645,0.06915541126111793,4.027135931177572e-07,idle
