time,hand,pos_x,pos_y,pos_z,vel_x,vel_y,vel_z,acc_x,acc_y,acc_z,state
1765389041.880212,Left,0.4673427641391754,0.5875186324119568,-9.061709960178632e-08,-0.043176526437145375,0.06638334425933043,1.9450810394469925e-07,0.32749481679764114,0.2531271183278578,6.907834417226346e-06,firing
1765389041.880212,Right,0.42533642053604126,0.5623059272766113,4.0188623984249716e-07,-0.007869189965951023,-0.040946092824240825,1.037697756848041e-07,0.058913048840582696,-0.1604181804692866,2.2759125986387887e-07,idle
